step,train_loss,val_loss,learning_rate,step_time_ms,tokens_per_sec,data_time_ms,forward_backward_time_ms,optimizer_time_ms,cpu_memory_mb
0,4.299223899841309,,2.1428571428571427e-06,226.92929999902844,9024.83725111199,0.5956000240985304,213.595900015207,12.732100003631786,445.40234375
1,4.330338954925537,,4.2857142857142855e-06,189.2418000206817,10822.13337527005,0.29990001348778605,180.95259999972768,7.984099996974692,478.5703125
2,4.335968971252441,,6.428571428571429e-06,230.50000000512227,8885.032537763507,0.3434999962337315,224.83520000241697,5.318400013493374,478.484375
3,4.342602252960205,,8.571428571428571e-06,231.29039999912493,8854.66928159469,0.3760000108741224,223.48739998415112,7.423999981256202,474.05078125
4,4.332197189331055,,1.0714285714285712e-05,210.57870000367984,9725.580032378448,0.37209998117759824,202.65500000095926,7.547999994130805,474.05078125
5,4.302798271179199,,1.2857142857142857e-05,208.7263000139501,9811.89241539338,0.29070000164210796,204.8957000079099,3.537200012942776,474.05078125
6,4.316720485687256,,1.4999999999999999e-05,210.51770000485703,9728.398134469211,0.2589999930933118,199.94299998506904,10.312300000805408,474.19921875
7,4.355967998504639,,1.7142857142857142e-05,229.6216000104323,8919.021555058209,0.3761999832931906,219.9092000082601,9.332399989943951,474.1640625
8,4.320488452911377,,1.9285714285714285e-05,222.6340000052005,9198.954337397527,0.41229999624192715,214.04650001204573,8.172000001650304,474.109375
9,4.288794994354248,,2.1428571428571425e-05,231.07970002456568,8862.74302667989,0.2610000083222985,222.58299999521114,8.233000000473112,474.109375
10,4.302045822143555,,2.3571428571428568e-05,189.06160001643002,10832.448259308198,0.36130001535639167,183.64560001646169,5.051900021499023,474.1640625
11,4.287249565124512,,2.5714285714285714e-05,191.11739998334087,10715.92644195933,0.27409999165683985,185.2956999791786,5.544699990423396,474.109375
12,4.269145965576172,,2.7857142857142854e-05,187.61940000695176,10915.71553860697,0.2793000021483749,181.13420001463965,6.203299999469891,474.109375
13,4.254527568817139,,2.9999999999999997e-05,212.53600000636652,9636.014604295988,0.426900020102039,206.94460000959225,5.161099979886785,474.0546875
14,4.2649970054626465,,3.214285714285714e-05,213.09679999831133,9610.655814710635,0.3342999843880534,203.8094000017736,8.949800016125664,474.05859375
15,4.265064239501953,,3.4285714285714284e-05,212.78470000834204,9624.752155205284,0.384599989047274,206.5576000022702,5.839899997226894,474.1171875
16,4.257472515106201,,3.6428571428571423e-05,200.08949999464676,10235.419649980597,0.3152000135742128,194.1201000008732,5.6514000170864165,474.0625
17,4.224238872528076,,3.857142857142857e-05,226.18250001687557,9054.635083824778,0.27150000096298754,215.16459999838844,10.742899990873411,474.1796875
18,4.224663734436035,,4.071428571428571e-05,202.56619999418035,10110.27506098667,0.3752000047825277,195.0407999975141,7.1468000242020935,474.0703125
19,4.228067874908447,,4.285714285714285e-05,235.07229998358525,8712.213221817325,0.4488999838940799,227.50430001178756,7.115200016414747,474.0703125
20,4.185677528381348,,4.4999999999999996e-05,190.41849998757243,10755.25749931683,0.3300999815110117,184.0692000114359,6.016200000885874,474.125
21,4.209171772003174,,4.7142857142857136e-05,229.00770002161153,8942.930739039472,0.33340000663883984,218.35370000917464,10.317100008251145,474.046875
22,4.158720016479492,,4.9285714285714276e-05,253.1545000092592,8089.921371830616,0.3939000016544014,244.7637000004761,7.993499981239438,474.1640625
23,4.154055118560791,,5.142857142857143e-05,224.74909998709336,9112.38354288231,0.27329998556524515,215.26300002005883,9.20980001683347,474.0703125
24,4.136401653289795,,5.357142857142857e-05,212.64209999935701,9631.20661433551,0.38070001755841076,206.09650001279078,6.161900004372001,474.0703125
25,4.091396331787109,,5.571428571428571e-05,203.64880000124685,10056.528690507683,0.32890000147745013,196.18100000661798,7.136000000173226,474.0703125
26,4.1103315353393555,,5.7857142857142855e-05,233.27379999682307,8779.382854087735,0.384299986762926,223.31329999724403,9.57249998464249,474.0703125
27,4.072457790374756,,5.9999999999999995e-05,192.3475000075996,10647.395988609594,0.4169000021647662,186.28870000247844,5.638799979351461,474.0703125
28,4.0727338790893555,,6.214285714285714e-05,210.96729999408126,9707.665595840954,0.2919000107795,201.85790001414716,8.814500004518777,474.0703125
29,4.06558084487915,,6.428571428571427e-05,205.65099999657832,9958.619214271144,0.2767000114545226,199.1353000048548,6.236700020963326,474.0703125
30,4.039736747741699,,6.642857142857142e-05,234.02569998870604,8751.175619168474,0.26359999901615083,226.84489999664947,6.914500001585111,474.0703125
31,4.017768859863281,,6.857142857142857e-05,223.08119997614995,9180.513643547532,0.31019997550174594,216.59560000989586,6.172800000058487,474.1796875
32,3.9918222427368164,,7.071428571428571e-05,217.63249998912215,9410.359206930787,0.25370001094415784,211.17100000265054,6.205400015460327,474.1796875
33,3.976412534713745,,7.285714285714285e-05,218.85029997793026,9357.994940863817,0.3273000183980912,215.05439997417852,3.4654999908525497,474.1796875
34,3.9214677810668945,,7.5e-05,237.99259998486377,8605.309577399683,0.2823999966494739,228.72739998274483,8.979299978818744,474.046875
35,3.9040958881378174,,7.714285714285714e-05,273.57889999984764,7485.957433124925,0.2868000010494143,262.29240000247955,10.99660000181757,474.1640625
36,3.8942365646362305,,7.928571428571427e-05,239.5451000193134,8549.538269974544,0.3307000151835382,233.3733000268694,5.838100012624636,474.0703125
37,3.8924880027770996,,8.142857142857142e-05,211.84730000095442,9667.340579704218,0.3294000052846968,205.8938999834936,5.621099990094081,474.0703125
38,3.8936867713928223,,8.357142857142857e-05,183.31100000068545,11172.27007649482,0.3077999863307923,179.2641000065487,3.7358000117819756,474.0703125
39,3.8143539428710938,,8.57142857142857e-05,226.65329999290407,9035.826965961305,0.2814999897964299,218.8601999951061,7.508299982873723,474.0703125
40,3.832031726837158,,8.785714285714285e-05,255.89729999774136,8003.210663098346,0.40190000436268747,250.34400000004098,5.148099997313693,474.0703125
41,3.783693552017212,,8.999999999999999e-05,211.7527000082191,9671.659440094541,0.2902999985963106,205.3416999988258,6.116899981861934,474.0703125
42,3.7548229694366455,,9.214285714285713e-05,218.838600005256,9358.495256096556,0.3184000088367611,209.73139998386614,8.785699988948181,474.046875
43,3.7284255027770996,,9.428571428571427e-05,220.62380000716075,9282.770036294944,0.3400999994482845,214.38900000066496,5.892099987249821,474.109375
44,3.6868960857391357,,9.642857142857142e-05,200.37129998672754,10221.02466838144,0.3834000090137124,189.66549998731352,10.318899992853403,474.0703125
45,3.7132134437561035,,9.857142857142855e-05,238.22140000993386,8597.04459764991,0.31629999284632504,226.66889999527484,11.23189998907037,474.0703125
46,3.675037384033203,,0.0001007142857142857,245.42590000783093,8344.677558214733,0.4022000066470355,236.44740000599995,8.572999999159947,474.0703125
47,3.677554130554199,,0.00010285714285714286,209.17659997940063,9790.77009666322,0.2917999809142202,200.77669998863712,8.105200016871095,474.0703125
48,3.6487231254577637,,0.00010499999999999999,218.89150000060908,9356.233567746127,0.3108999808318913,211.13849998801015,7.43920000968501,474.0703125
49,3.5967230796813965,,0.00010714285714285714,215.20239999517798,9516.622491412221,0.29830000130459666,209.40479999990202,5.496799974935129,474.0703125
50,3.598390817642212,,0.00010928571428571428,202.39869999932125,10118.642066410841,0.2834000042639673,196.3644000061322,5.7480999967083335,474.0703125
51,3.593484401702881,,0.00011142857142857142,234.18739999760874,8745.13317121635,0.31709999893791974,227.98450000118464,5.882899975404143,474.0703125
52,3.582455635070801,,0.00011357142857142855,237.8131999867037,8611.801195705306,0.3268999862484634,228.31870001391508,9.164599992800504,474.0703125
53,3.5774619579315186,,0.00011571428571428571,221.8824000156019,9230.114690737042,0.3031000087503344,212.6282999815885,8.947700000135228,474.0703125
54,3.5348031520843506,,0.00011785714285714284,210.20309999585152,9742.958120220008,0.37700001848861575,202.31610001064837,7.506399997510016,474.0703125
55,3.462817430496216,,0.00011999999999999999,241.14220001501963,8492.914138928978,0.36780000664293766,234.46820001117885,6.303500005742535,474.1796875
56,3.4622273445129395,,0.00012214285714285712,233.9854000019841,8752.682859625575,0.40389999048784375,226.86920000705868,6.708300003083423,474.1015625
57,3.4745612144470215,,0.00012428571428571428,218.10820000246167,9389.83495337124,0.4833000130020082,211.447199981194,6.174000009195879,474.1640625
58,3.4409241676330566,,0.00012642857142857142,205.9968000103254,9941.902009629985,0.36330000148154795,198.2148000097368,7.416000007651746,474.0703125
59,3.428926706314087,,0.00012857142857142855,233.3851000003051,8775.196017214992,0.388599990401417,226.2201000121422,6.773500004783273,474.0703125
60,3.364077091217041,,0.00013071428571428568,233.41050001909025,8774.241089550374,0.3335000074002892,226.73419999773614,6.339400017168373,474.1796875
61,3.365278959274292,,0.00013285714285714284,252.81059998087585,8100.926148487933,0.3182999789714813,243.5618000163231,8.927499991841614,474.0703125
62,3.4376511573791504,,0.00013499999999999997,239.22449999372475,8560.996052050365,0.3111999831162393,232.14090001420118,6.768999999621883,474.15625
63,3.3688902854919434,,0.00013714285714285713,217.86999999312684,9400.100977943766,0.3871999797411263,209.3816999986302,8.09689998277463,474.1640625
64,3.41192364692688,,0.0001392857142857143,216.27299999818206,9469.51306920982,0.17889999435283244,208.85599998291582,7.235700002638623,474.1796875
65,3.3653109073638916,,0.00014142857142857143,196.0776000050828,10444.844285869018,0.34580001374706626,188.9865999983158,6.742199999280274,474.0703125
66,3.384333610534668,,0.00014357142857142856,212.10710000013933,9655.499509439593,0.25820001610554755,204.3046000180766,7.5416000036057085,474.0703125
67,3.3230652809143066,,0.0001457142857142857,232.16060001868755,8821.479612971143,0.2395000192336738,223.41330000199378,8.505000005243346,474.125
68,3.3297674655914307,,0.00014785714285714285,204.19089999631979,10029.829928938616,0.3115000145044178,197.7955999900587,6.081100000301376,474.0703125
69,3.296333074569702,,0.00015,229.82449998380616,8911.147419636747,0.3226999833714217,222.45339999790303,7.045700011076406,474.0703125
70,3.248012065887451,,0.00015214285714285715,204.4387999922037,10017.667879473469,0.37560000782832503,198.46679997863248,5.59310000971891,474.0703125
71,3.267197370529175,,0.00015428571428571428,203.07469999534078,10084.958884819172,0.2638000005390495,195.72240000707097,7.085799996275455,474.0703125
72,3.3041083812713623,,0.0001564285714285714,222.40549998241477,9208.405368401105,0.2694999857340008,216.32000000681728,5.813499999931082,474.125
73,3.306913137435913,,0.00015857142857142855,211.39660000335425,9687.951461695715,0.30899999546818435,201.81590001448058,9.268699999665841,474.0703125
74,3.3085014820098877,,0.0001607142857142857,236.96579999523237,8642.597370764915,0.3355999942868948,228.0812000099104,8.545300021069124,474.1796875
75,3.2706398963928223,,0.00016285714285714284,205.71239999844693,9955.646815726528,0.3431999939493835,199.63849999476224,5.72779998765327,474.0703125
76,3.220874786376953,,0.000165,198.76500000827946,10303.624883227387,0.22789998911321163,189.21660000341944,9.318199998233467,474.125
77,3.191873550415039,,0.00016714285714285713,216.74209999036975,9449.017980775292,0.3429999924264848,210.4918999830261,5.904499994358048,474.0703125
78,3.1555659770965576,,0.00016928571428571427,194.7861000080593,10514.097258044922,0.2837000065483153,188.5134000040125,5.986000003758818,474.125
79,3.177424192428589,,0.0001714285714285714,212.49959999113344,9637.665200713098,0.23269999655894935,205.83670001360588,6.427899992559105,474.0703125
80,3.2104082107543945,,0.00017357142857142856,238.1916000158526,8598.120168233041,0.31239999225363135,227.36829999485053,10.507700004382059,474.125
81,3.2195217609405518,,0.0001757142857142857,210.20850000786595,9742.70783495132,0.3786000015679747,201.6777999815531,8.14890000037849,474.0703125
82,3.1562235355377197,,0.00017785714285714285,229.83539997949265,8910.724806460343,0.22399998852051795,223.86880000703968,5.740300024626777,474.0703125
83,3.166881561279297,,0.00017999999999999998,186.51940001291223,10980.09107823756,0.3116000152658671,178.77129997941665,7.433499995386228,474.125
84,3.1886563301086426,,0.00018214285714285714,224.15340002044104,9136.600202420477,0.434000015957281,218.84029998909682,4.87599999178201,474.0703125
85,3.111589193344116,,0.00018428571428571425,185.73060000198893,11026.723652311835,0.2877999795600772,180.36510000820272,5.0752999959513545,474.0703125
86,3.1074411869049072,,0.0001864285714285714,193.02619999507442,10609.958648371361,0.2558999985922128,185.0507000053767,7.716899999650195,474.0703125
87,3.1760735511779785,,0.00018857142857142854,200.54740001796745,10212.049619274623,0.29329999233596027,195.17370001995005,5.077400011941791,474.0703125
88,3.127617120742798,,0.0001907142857142857,235.24400001042522,8705.854346590091,0.3974999999627471,224.56859998055734,10.274200001731515,474.1015625
89,3.148906707763672,,0.00019285714285714284,232.37360001076013,8813.393603684613,0.3431999939493835,222.90210000937805,9.12510001217015,474.109375
90,3.1466150283813477,,0.000195,222.11929998593405,9220.270368804926,0.25290000485256314,215.43569999630563,6.428399996366352,474.0703125
91,3.1798813343048096,,0.0001971428571428571,226.79869999410585,9030.034123005222,0.2556999970693141,219.19380000326782,7.34579999698326,474.0703125
92,3.0772714614868164,,0.00019928571428571426,210.15619998797774,9745.132430626165,0.2893999917432666,203.35890000569634,6.505099998321384,474.0703125
93,3.1161623001098633,,0.0002014285714285714,207.6521999842953,9862.64532788427,0.3604999801609665,200.2820000052452,7.006699976045638,474.125
94,3.0885140895843506,,0.00020357142857142856,246.15919997449964,8319.819044797669,0.3352000203449279,236.6524999961257,9.16820002021268,474.0703125
95,3.0542986392974854,,0.00020571428571428572,235.08220000076108,8711.84632436386,0.2682000049389899,224.49339999002405,10.317400010535493,474.125
96,3.1036672592163086,,0.00020785714285714285,253.74519999604672,8071.088635496976,0.4940000071655959,243.7805999943521,9.466799994697794,474.0703125
97,3.0545153617858887,,0.00020999999999999998,236.99030000716448,8641.703900700099,0.36609999369829893,230.99000001093373,5.6306999758817255,474.0703125
98,3.1298649311065674,,0.00021214285714285711,206.63369999965653,9911.258424949097,0.20629999926313758,198.02410001284443,8.400199993047863,474.0703125
99,2.997854709625244,,0.00021428571428571427,230.62909999862313,8880.058934506646,0.29299999005161226,224.18270001071505,6.149699998786673,474.125
100,3.1059107780456543,,0.0002164285714285714,252.16039997758344,8121.8145283004915,0.2865999995265156,241.7913000099361,10.079100000439212,474.0703125
101,3.0224902629852295,,0.00021857142857142857,233.85889999917708,8757.417400010034,0.3164999943692237,223.3647000102792,10.174700000789016,474.0703125
102,3.0274271965026855,,0.0002207142857142857,215.2477000199724,9514.619667527088,0.36040000850334764,208.3342999976594,6.549799989443272,474.1796875
103,2.99472713470459,,0.00022285714285714283,218.8564999960363,9357.72983684328,0.3679999790620059,209.79610001086257,8.689100010087714,474.0703125
104,3.0730512142181396,,0.000225,219.6647000091616,9323.30046618589,0.2905000001192093,208.6243999947328,10.74609998613596,474.125
105,2.9386110305786133,,0.0002271428571428571,234.78999998769723,8722.688360267955,0.4400000034365803,226.65019999840297,7.695899985264987,474.0703125
106,2.933612108230591,,0.00022928571428571426,201.23749997583218,10177.029630391735,0.2429999876767397,193.27119999798015,7.719700020970777,482.09765625
107,3.062788486480713,,0.00023142857142857142,210.12380000320263,9746.635078790623,0.3400999994482845,203.96109999273904,5.819199985126033,474.109375
108,2.9333245754241943,,0.00023357142857142858,228.6127999832388,8958.37853414224,0.2762999793048948,221.17959999013692,7.154399994760752,474.0703125
109,2.933558464050293,,0.00023571428571428569,218.88870000839233,9356.353251316667,0.2733999863266945,211.87609998742118,6.736400013323873,474.1796875
110,2.91086745262146,,0.00023785714285714282,229.02550001163036,8942.235689458155,0.41130001773126423,219.7749000042677,8.835699991323054,474.0703125
111,2.925546884536743,,0.00023999999999999998,210.24370001396164,9741.076664194925,0.30670000705868006,204.7372000233736,5.1967000181321055,474.0703125
112,2.9138023853302,,0.00024214285714285714,193.01370001630858,10610.645771916477,0.3110000106971711,181.7777000251226,10.921400011284277,474.0703125
113,2.9283456802368164,,0.00024428571428571424,219.2798999894876,9339.661319155026,0.4275999963283539,210.20010000211187,8.647499984363094,474.0703125
114,2.9393961429595947,,0.0002464285714285714,202.99650001106784,10088.843895773269,0.3859999997075647,197.87750000250526,4.730400018161163,474.125
115,2.918782949447632,,0.00024857142857142857,195.195899985265,10492.023654977385,0.302400003420189,184.7622999921441,10.127100016688928,474.0703125
116,2.931381940841675,,0.0002507142857142857,214.79439997347072,9534.699229835362,0.3761000116355717,205.44510000036098,8.969999995315447,474.0703125
117,2.8922183513641357,,0.00025285714285714283,254.5414000051096,8045.842444328855,0.3037000133190304,247.13079998036847,7.103499985532835,474.0703125
118,2.975389003753662,,0.00025499999999999996,223.4912000130862,9163.671768195269,0.3038999857380986,217.5567999947816,5.627600010484457,474.0703125
119,2.8688461780548096,,0.0002571428571428571,217.79689998948015,9403.255969662197,0.31209998996928334,209.53500000177883,7.946999976411462,474.0703125
120,2.851761817932129,,0.0002592857142857143,234.5123999984935,8733.013691442995,0.4527999844867736,227.52640000544488,6.529599981149659,474.10546875
121,2.79268479347229,,0.00026142857142857136,209.3477000016719,9782.76809338552,0.4461999924387783,202.12349999928847,6.7749000154435635,474.11328125
122,2.841397762298584,,0.00026357142857142855,218.59579998999834,9368.889979101632,0.3020000003743917,209.3697000236716,8.92069999827072,474.07421875
123,2.905378580093384,,0.0002657142857142857,213.4403999953065,9595.184417031804,0.3827999753411859,205.96190000651404,7.092499989084899,474.07421875
124,2.8630497455596924,,0.00026785714285714287,226.16019999259152,9055.5278960095,0.35620000562630594,216.95299999555573,8.847399993101135,474.12890625
125,2.880812883377075,,0.00026999999999999995,224.29230000125244,9130.94207865613,0.381799996830523,218.87949999654666,5.027899984270334,474.07421875
126,2.7634706497192383,,0.0002721428571428571,241.1251000012271,8493.51643603083,0.4665000014938414,235.3212000161875,5.334000015864149,474.07421875
127,2.8102469444274902,,0.00027428571428571427,200.12550000683405,10233.578429186002,0.2862999972421676,193.73940001241863,6.097100005717948,474.07421875
128,2.850940465927124,,0.0002764285714285714,216.52789998915978,9458.36541204404,0.2962999860756099,207.22340000793338,9.00520000141114,474.07421875
129,2.8338570594787598,,0.0002785714285714286,238.38460000115447,8591.158992611443,0.30880002304911613,231.85189999639988,6.220800016308203,474.07421875
130,2.808744430541992,,0.00028071428571428567,207.26700001978315,9880.974780377595,0.27540000155568123,199.55839999602176,7.430700003169477,474.18359375
131,2.7870373725891113,,0.00028285714285714286,212.17869999236427,9652.241247937243,0.3479000006336719,205.4356999869924,6.391999981133267,474.07421875
132,2.8328845500946045,,0.000285,219.17920000851154,9343.952345480177,0.45029999455437064,210.17889998620376,8.546299999579787,474.18359375
133,2.8265089988708496,,0.0002871428571428571,211.7803000146523,9670.398993005045,0.34050000249408185,204.91749999928288,6.518900016089901,474.07421875
134,2.804088830947876,,0.00028928571428571425,211.12009999342263,9700.639588858687,0.3276999923400581,201.65880001150072,9.12980001885444,474.07421875
135,2.7459983825683594,,0.0002914285714285714,230.0765000109095,8901.387146896315,0.37779999547638,223.28209999250248,6.413399998564273,474.07421875
136,2.8486428260803223,,0.0002935714285714286,233.1883999868296,8782.598105719111,0.36720000207424164,223.84679998503998,8.97110000369139,474.07421875
137,2.8408663272857666,,0.0002957142857142857,247.2940000006929,8281.640476494624,0.2700999903026968,238.54190000565723,8.47909998265095,474.07421875
138,2.7929131984710693,,0.00029785714285714284,219.30759999668226,9338.481657867684,0.42630001553334296,207.95209999778308,10.925599985057488,474.12890625
139,2.8068785667419434,2.780932080745697,0.0003,216.44110002671368,9462.158526025005,0.33840001560747623,209.82200000435114,6.278000015299767,475.765625
140,2.723081111907959,,0.0003,235.34770001424477,8702.018332348443,0.3037000133190304,224.8842999979388,10.155900003155693,474.265625
141,2.778064012527466,,0.00029999990577485964,230.88970000389963,8870.036211946268,0.3220000071451068,224.60549999959767,5.95900000189431,473.078125
142,2.7999095916748047,,0.00029999962309957005,194.90589998895302,10507.634710473503,0.39080000715330243,185.90939999558032,8.602400019299239,473.1328125
143,2.7991113662719727,,0.00029999915197452597,231.47629998857155,8847.558044176072,0.3473999968264252,225.16839997842908,5.95749999047257,473.078125
144,2.7700905799865723,,0.0002999984924003849,205.78930000192486,9951.926557798894,0.3522000042721629,198.01989998086356,7.414199993945658,473.078125
145,2.803269386291504,,0.00029999764437806765,220.33229999942705,9295.051156845027,0.26390000130049884,212.69489999394864,7.370499981334433,473.078125
146,2.751990556716919,,0.00029999660790875797,212.2996999823954,9646.739963220989,0.3764999855775386,206.62719997926615,5.293199996231124,473.078125
147,2.7480461597442627,,0.00029999538299390265,166.7572000005748,12281.328782163173,0.3266999847255647,162.99499999149702,3.4333000076003373,473.078125
148,2.7562766075134277,,0.00029999396963521167,200.80379999126308,10199.010178537996,0.29830000130459666,193.89400002546608,6.60789999528788,473.078125
149,2.7582433223724365,,0.0002999923678346579,212.47050000238232,9638.98517665764,0.3797999816015363,202.80140000977553,9.286299988161772,473.1328125
150,2.7553770542144775,,0.00029999057759447743,201.28750000731088,10174.501645286546,0.2705999941099435,193.12059998628683,7.893500005593523,473.1328125
151,2.6612966060638428,,0.0002999885989171692,219.77219998370856,9318.740041514877,0.46270000166259706,211.94870001636446,7.3580999742262065,473.1328125
152,2.7204909324645996,,0.0002999864318054954,204.0772000036668,10035.41796909798,0.4101000085938722,196.5871000138577,7.077099988237023,473.1328125
153,2.806856870651245,,0.0002999840762624811,202.19499999075197,10128.836025092964,0.38010001298971474,196.37170000351034,5.440199980512261,473.078125
154,2.767503499984741,,0.00029998153229141445,201.50249998550862,10163.64561306825,0.3189999843016267,190.88589999591932,10.29430000926368,473.078125
155,2.7026164531707764,,0.0002999787998958467,239.60599998827092,8547.365258383566,0.3733999910764396,231.7701000138186,7.4579000065568835,473.1875
156,2.752424478530884,,0.000299975879079592,247.03860000590794,8290.202421609505,0.36860001273453236,241.68570002075285,4.981000005500391,473.078125
157,2.7870800495147705,,0.0002999727698467278,184.54320001183078,11097.672522578485,0.291600008495152,178.32099998486228,5.927399994106963,473.078125
158,2.7061188220977783,,0.0002999694722015941,207.35569999669679,9876.748022999247,0.24199998006224632,197.89760001003742,9.213200013618916,473.078125
159,2.6829285621643066,,0.0002999659861487943,212.33260000008158,9645.245242601528,0.3386999887879938,204.09829998970963,7.892399997217581,473.078125
160,2.7859010696411133,,0.0002999623116931947,220.8935999951791,9271.43203807035,0.2327999973203987,211.31809998769313,9.34010001947172,473.1328125
161,2.7570888996124268,,0.0002999584488399246,206.79529997869395,9903.513282028192,0.2647999790497124,200.92050000675954,5.607600003713742,473.1328125
162,2.6530709266662598,,0.00029995439759437616,210.95119998790324,9708.4064945705,0.32029999420046806,204.85639999969862,5.771600001025945,473.1875
163,2.7279810905456543,,0.00029995015796220473,225.91980002471246,9065.163831483462,0.301799998851493,219.05970000079833,6.555700005264953,473.1328125
164,2.731621026992798,,0.00029994572994932844,233.8826000050176,8756.529985368998,0.30800001695752144,227.48059997684322,6.089700007578358,448.79296875
165,2.7235288619995117,,0.00029994111356192854,213.31459999782965,9600.843074130122,0.33969999640248716,205.77960001537576,7.192100019892678,448.35546875
166,2.725541591644287,,0.00029993630880644916,212.08940001088195,9656.30531226417,0.361400016117841,202.5174999726005,9.206899994751438,448.31640625
167,2.6923813819885254,,0.0002999313156895974,198.48920000367798,10317.941731651146,0.34840000444091856,189.26590000046417,8.871700003510341,448.31640625
168,2.672572135925293,,0.00029992613421834325,219.19609999167733,9343.231928295078,0.3060000017285347,213.97919999435544,4.9082000041380525,448.31640625
169,2.674409866333008,,0.00029992076439991973,216.32160001900047,9467.385595428821,0.4031000135000795,210.03910002764314,5.875400005606934,448.31640625
170,2.7135095596313477,,0.00029991520624182266,226.18689999217167,9054.458945548487,0.2812999882735312,216.4729000069201,9.429099998669699,448.31640625
171,2.6406047344207764,,0.0002999094597518109,232.58569999597967,8805.35647735609,0.31129998387768865,224.21529999701306,8.055799989961088,448.31640625
172,2.6981284618377686,,0.0002999035249379061,223.61909999744967,9158.430563504446,0.3614999877754599,214.18169999378733,9.072299988474697,448.31640625
173,2.7170450687408447,,0.0002998974018083928,220.44060000916943,9290.484601814782,0.2871000033337623,215.01819998957217,5.132399994181469,448.37109375
174,2.6760191917419434,,0.0002998910903718185,220.44609999284148,9290.252810399024,0.2578999847173691,210.187999997288,9.99639998190105,448.37109375
175,2.649732828140259,,0.00029988459063699346,243.03100001998246,8426.908500691721,0.361100013833493,233.7810000171885,8.884700015187263,448.31640625
176,2.6777780055999756,,0.0002998779026129909,234.150000003865,8746.530001991008,0.32110000029206276,229.4658999890089,4.359999991720542,448.37109375
177,2.647163152694702,,0.00029987102630914676,218.74699997715652,9362.414114085543,0.34329999471083283,214.55379997496493,3.8471000152640045,448.31640625
178,2.712470531463623,,0.00029986396173505996,227.50209999503568,9002.1147059508,0.2767000114545226,220.12259997427464,7.099100010236725,448.31640625
179,2.6841976642608643,,0.000299856708900592,201.05669999611564,10186.181311239898,0.31849998049438,195.30170000507496,5.4330000129994005,448.31640625
180,2.71451473236084,,0.00029984926781586745,207.3406000272371,9877.467315764334,0.4935000033583492,196.9309000123758,9.912600013194606,448.31640625
181,2.6715621948242188,,0.00029984163849127343,240.38510001264513,8519.662823911582,0.43620000360533595,231.37929997756146,8.565800002543256,448.31640625
182,2.6165125370025635,,0.00029983382093746,215.9189999802038,9485.038371740178,0.30789998709224164,205.99630000651814,9.611400018911809,448.31640625
183,2.6349873542785645,,0.0002998258151653398,215.29150000424124,9512.683965505626,0.35849999403581023,209.2170999967493,5.71299999137409,448.31640625
184,2.7377712726593018,,0.0002998176211860884,194.76340000983328,10515.322693568709,0.2708999963942915,191.16670000948943,3.32319998415187,448.31640625
185,2.6277356147766113,,0.00029980923901114405,222.4580999754835,9206.228050251731,0.27329998556524515,213.50310000707395,8.678700018208474,455.84375
186,2.619588851928711,,0.0002998006686522075,222.62499999487773,9199.326221435695,0.2638000005390495,213.95820000907406,8.399899990763515,447.85546875
187,2.6881093978881836,,0.0002997919101212425,217.0451999991201,9435.822584458458,0.47740002628415823,209.356100007426,7.207799993921071,447.87109375
188,2.6389400959014893,,0.0002997829634304753,225.14110000338405,9096.517694766602,0.4015000013168901,219.07639998244122,5.659799993736669,447.81640625
189,2.644484758377075,,0.0002997738285923948,195.29740000143647,10486.570737679745,0.22830002126283944,189.3778000085149,5.688899982487783,447.81640625
190,2.6386373043060303,,0.00029976450561975255,202.66750000882894,10105.221606378831,0.3139000036753714,193.80269999965094,8.54730000719428,447.81640625
191,2.626587390899658,,0.0002997549945255628,225.68639999371953,9074.53882935344,0.2770999853964895,218.1560999888461,7.249299989780411,447.87109375
192,2.673966646194458,,0.0002997452953231024,247.80620000092313,8264.52284080209,0.3105000068899244,242.0309000008274,5.461799999466166,447.87109375
193,2.713043212890625,,0.00029973540802591067,233.41429998981766,8774.098245434581,0.28639999800361693,225.7040999829769,7.41990000824444,447.87109375
194,2.5780978202819824,,0.00029972533264778956,253.65190001321025,8074.057398715877,0.3038999857380986,242.95070001971908,10.39340000716038,447.81640625
195,2.620108127593994,,0.0002997150692028035,220.43320001102984,9290.79648572685,0.3964999923482537,211.42139998846687,8.611900004325435,447.81640625
196,2.684993267059326,,0.0002997046177052797,227.00600000098348,9021.787970322932,0.37399999564513564,218.85160001693293,7.776200014632195,447.81640625
197,2.645190477371216,,0.0002996939781698076,234.52040000120178,8732.715789285305,0.38610000046901405,224.21960000065155,9.910699998727068,447.81640625
198,2.658529281616211,,0.00029968315061123927,224.03310000663623,9141.506321786088,0.5773000011686236,217.58219998446293,5.869699991308153,447.87109375
199,2.611602306365967,,0.0002996721350446891,208.822999993572,9807.348807665063,0.27600000612437725,201.8532999791205,6.690799986245111,447.87109375
200,2.6455509662628174,,0.0002996609314855341,202.96830000006594,10090.245619632891,0.35249997745268047,197.4208999890834,5.191800009924918,447.81640625
201,2.624846935272217,,0.00029964953994941366,194.2918999993708,10540.840868850592,0.2899999963119626,190.18740000319667,3.8117000076454133,447.81640625
202,2.7031450271606445,,0.00029963796045222947,212.68989998498,9629.042094357223,0.29039999935775995,206.71209998545237,5.684099975042045,447.87109375
203,2.6055052280426025,,0.00029962619301014573,205.73260000674054,9954.669313141914,0.34970001433975995,196.68559997808188,8.693799987668172,447.81640625
204,2.6468727588653564,,0.0002996142376395889,229.62970001390204,8918.706943727278,0.47840000479482114,219.71819997997954,9.429199999431148,447.87109375
205,2.595430612564087,,0.0002996020943572479,246.48079997859895,8308.963619794404,0.3625999961514026,239.83219999354333,6.282900023506954,447.81640625
206,2.6325318813323975,,0.0002995897631800738,213.62159997806884,9587.045505745931,0.38750001112930477,205.4296999995131,7.800799998221919,447.84765625
207,2.656742572784424,,0.00029957724412528003,221.66450001532212,9239.188051575404,0.3892000240739435,214.09130000392906,7.17979998444207,447.85546875
208,2.667984962463379,,0.00029956453721034234,211.24390000477433,9694.954504976064,0.24870000197552145,203.96260000416078,7.02869999804534,447.87109375
209,2.6424286365509033,,0.00029955164245299863,211.1060000024736,9701.287504741707,0.2875999780371785,202.75009999750182,8.065000001806766,447.81640625
210,2.6120858192443848,,0.00029953855987124904,215.23470000829548,9515.194343296258,0.3062000032514334,205.97489998908713,8.95039999159053,447.81640625
211,2.5718204975128174,,0.000299525289483356,205.28460000059567,9976.393747967735,0.378099997760728,199.41109998035245,5.49229999887757,447.81640625
212,2.643033266067505,,0.00029951183130784393,217.21180001622997,9428.585370808465,0.24689998826943338,208.38180001010187,8.579500019550323,447.81640625
213,2.6073763370513916,,0.00029949818536349944,213.6031000118237,9587.875830859364,0.28730000485666096,206.27959998091683,7.032299996353686,447.81640625
214,2.633518695831299,,0.0002994843516693714,221.4391000161413,9248.592501733956,0.36120001459494233,210.2829999930691,10.790700005600229,447.79296875
215,2.590405225753784,,0.0002994703302447706,241.60390000906773,8476.684357839984,0.3774000215344131,231.93380000884645,9.288699977332726,447.85546875
216,2.616060972213745,,0.00029945612110926994,253.0286000110209,8093.946691839568,0.38660000427626073,244.59349998505786,8.044799993513152,447.81640625
217,2.647580623626709,,0.0002994417242827043,218.78949998063035,9360.595459020253,0.2871000033337623,211.60510001936927,6.89390001934953,447.81640625
218,2.588995933532715,,0.0002994271397851707,224.0410999802407,9141.179900387131,0.27889999910257757,214.67280000797473,9.085899975616485,447.87109375
219,2.621220588684082,,0.00029941236763702796,229.65039999689907,8917.903038826207,0.304599991068244,222.88499999558553,6.457999988924712,447.81640625
220,2.544707775115967,,0.000299397407858897,237.73580000852235,8614.604951911253,0.3315000212751329,228.41130002052523,8.989599999040365,447.81640625
221,2.589963674545288,,0.00029938226047166057,199.06579999951646,10288.05550729947,0.36460001138038933,194.3504000082612,4.347699985373765,447.81640625
222,2.5919530391693115,,0.00029936692549646334,198.1402000237722,10336.11553715141,0.2963000151794404,191.92879999172874,5.911400017794222,447.81640625
223,2.6153383255004883,,0.00029935140295471186,225.20479999366216,9093.944711913937,0.2590999938547611,217.47299999697134,7.468499999959022,447.87109375
224,2.606557846069336,,0.0002993356928680744,232.54029999952763,8807.075590786459,0.2975999959744513,226.17490001721308,6.064000015612692,447.81640625
225,2.600665807723999,,0.00029931979525848123,234.51460001524538,8732.931765727435,0.5022000113967806,227.16030001174659,6.84799998998642,447.81640625
226,2.6210784912109375,,0.0002993037101481241,203.60959999379702,10058.46482711224,0.4243000003043562,199.01770001160912,4.164899990428239,447.81640625
227,2.611234426498413,,0.00029928743755945684,210.36050000111572,9735.668055500617,0.24960000882856548,205.00129999709316,5.107000004500151,447.93359375
228,2.5792789459228516,,0.00029927097751519474,236.26659999717958,8668.17400353858,0.32679998548701406,228.70829998282716,7.22719999612309,447.81640625
229,2.549452304840088,,0.00029925433003831476,220.5653999990318,9285.227873496886,0.39000000106170774,214.60529998876154,5.567000014707446,447.87109375
230,2.592067003250122,,0.00029923749515205575,228.47110001021065,8963.934606645971,0.32839999767020345,219.03179999208078,9.107899997616187,447.87109375
231,2.626929998397827,,0.00029922047287991784,228.2100000011269,8974.190438586771,0.4315999976824969,221.80459997616708,5.970400001388043,447.81640625
232,2.561361789703369,,0.00029920326324566295,206.84599998639897,9901.085832622652,0.2906999725382775,202.48979999450967,4.06249999650754,447.81640625
233,2.5960426330566406,,0.0002991858662733145,234.31539998273365,8740.355948225828,0.26500000967644155,223.73550001066178,10.311499994713813,447.81640625
234,2.5688064098358154,,0.0002991682819871574,229.87459998694248,8909.205280254244,0.4655999946407974,222.95110000413842,6.454200018197298,447.81640625
235,2.5951623916625977,,0.0002991505104117381,240.02070000278763,8532.59739670876,0.2766000106930733,234.79860002407804,4.943100007949397,447.81640625
236,2.593940258026123,,0.0002991325515718644,205.68270000512712,9957.08438263864,0.2592999953776598,201.24279998708516,4.1779000021051615,447.81640625
237,2.568127393722534,,0.0002991144054926055,211.15099999587983,9699.219989675457,0.2852999896276742,204.540700011421,6.321499997284263,447.87109375
238,2.599292755126953,,0.00029909607219929206,223.8952000043355,9147.136695919979,0.3793999785557389,219.27010000217706,4.2421999969519675,447.81640625
239,2.627744674682617,,0.0002990775517175161,219.88680001231842,9313.883324898392,0.26790000265464187,211.55499998712912,8.05999999283813,447.81640625
240,2.575529098510742,,0.0002990588440731308,210.2696000074502,9739.876805431864,0.33320000511594117,203.93190000322647,6.001600006129593,447.81640625
241,2.594534397125244,,0.0002990399492922506,219.8394000006374,9315.89150986612,0.39770000148564577,211.50750000379048,7.9301999940071255,447.81640625
242,2.6448729038238525,,0.00029902086740125146,212.09089999319986,9656.237019436778,0.302400003420189,204.59739997750148,7.187799987150356,447.81640625
243,2.574281692504883,,0.00029900159842677023,202.99039999372326,10089.147073276998,0.3020000003743917,196.94289998733439,5.7426999846939,447.81640625
244,2.6005375385284424,,0.000298982142395705,202.6727999909781,10104.957350424753,0.2722999779507518,198.47120001213625,3.926400007912889,447.81640625
245,2.60718035697937,,0.000298962499335215,215.27099999366328,9513.589847495878,0.22109999554231763,208.16670000203885,6.8805000046268106,447.81640625
246,2.5809788703918457,,0.0002989426692727205,244.68800000613555,8369.842411350972,0.27469999622553587,232.683200010797,11.725099990144372,447.87109375
247,2.6162919998168945,,0.00029892265223590284,218.00660001463257,9394.211000320809,0.4852999991271645,208.1929999985732,9.324499987997115,447.87109375
248,2.553222894668579,,0.0002989024482527044,209.0827000210993,9795.167174488031,0.22280000848695636,202.42079999297857,6.4356999937444925,447.81640625
249,2.565062999725342,,0.00029888205735132854,235.96710001584142,8679.17603709377,0.3404000017326325,229.54139998182654,6.081400002585724,455.84375
250,2.603538751602173,,0.0002988614795602393,213.67650001775473,9584.58230001815,0.27630000840872526,208.31399998860434,5.0832999986596406,447.85546875
251,2.5719528198242188,,0.000298840714908162,209.67579999705777,9767.460050366986,0.2795000036712736,203.00879998831078,6.385099986800924,447.87109375
252,2.5797643661499023,,0.0002988197634240825,227.88089999812655,8987.150744168717,0.3040999872609973,221.4533000078518,6.119899975601584,447.81640625
253,2.5475502014160156,,0.00029879862513724754,209.62139999028295,9769.994857848174,0.41359997703693807,205.37949999561533,3.8255999970715493,447.81640625
254,2.566178560256958,,0.00029877730007716474,207.45980000356212,9871.792028936861,0.25610000011511147,202.36249998561107,4.837899992708117,447.75390625
255,2.5247111320495605,,0.00029875578827360226,214.72680001170374,9537.700929219702,0.3012999950442463,208.20459999958985,6.217200017999858,447.75390625
256,2.557114601135254,,0.0002987340897565891,210.44290001736954,9731.856003842193,0.2812000166159123,204.39400000032037,5.765300011262298,447.75390625
257,2.548919439315796,,0.00029871220455641474,219.9957999982871,9309.268631564537,0.2853000187315047,215.57999998913147,4.127599997445941,447.80859375
258,2.598818302154541,,0.0002986901327036294,215.7049000088591,9494.452837723611,0.30270000570453703,207.60869997320697,7.789700001012534,447.80859375
259,2.5912606716156006,,0.00029866787422904383,235.6244999973569,8691.795632555075,0.28750000637955964,228.85949999908917,6.473800021922216,447.75390625
260,2.5630924701690674,,0.0002986454291637292,222.869899997022,9189.217566065967,0.36059998092241585,216.6136000014376,5.8920000155922025,447.80859375
261,2.577788829803467,,0.0002986227975390172,249.8597000085283,8196.599931602002,0.30849999166093767,241.87850000453182,7.668900012504309,447.75390625
262,2.5361952781677246,,0.0002985999793865,225.04610000760294,9100.357659745316,0.28150001890026033,218.67740000016056,6.084099994041026,447.80859375
263,2.549734354019165,,0.0002985769747380301,238.14000000129454,8599.983203111056,0.3037999849766493,231.67820001253858,6.154900009278208,447.75390625
264,2.607861042022705,,0.00029855378362572026,224.30689999600872,9130.347751390804,0.2513000217732042,218.0586000031326,5.994100007228553,447.75390625
265,2.5577499866485596,,0.00029853040608194365,222.34529998968355,9210.898544268863,0.2914999786298722,216.47469999152236,5.576299998210743,447.75390625
266,2.589871883392334,,0.00029850684213933367,210.22790001006797,9741.808769920262,0.2670000249054283,201.84100000187755,8.117099991068244,447.75390625
267,2.585266351699829,,0.0002984830918307838,223.93759997794405,9145.404792235473,0.29609998455271125,217.92689998983406,5.71160000981763,447.75390625
268,2.5780246257781982,,0.0002984591551894479,238.64799999864772,8581.676779238061,0.27370001771487296,228.67860001861118,9.692199993878603,447.75390625
269,2.5590925216674805,,0.00029843503224873965,223.4628000005614,9164.836384377422,0.3387999895494431,215.4486000072211,7.67180000548251,447.75390625
270,2.5586965084075928,,0.00029841072304233297,229.74330000579357,8914.296956422035,0.450699997600168,223.37200000765733,5.916699999943376,447.7890625
271,2.5530898571014404,,0.00029838622760416185,254.73819999024272,8039.626565934928,0.3313999914098531,247.95239997911267,6.450799992308021,447.796875
272,2.5690131187438965,,0.0002983615459684201,226.1753999919165,9054.919323998965,0.3445000038482249,214.97430000454187,10.8526999829337,447.7578125
273,2.5620808601379395,,0.0002983366781695614,232.71519999252632,8800.456523964795,0.49199999193660915,225.95530000398867,6.263799994485453,447.8125
274,2.5682671070098877,,0.00029831162424229967,219.50780000770465,9329.964584074534,0.25430001551285386,211.0421999823302,8.208199986256659,447.7578125
275,2.5727784633636475,,0.0002982863842216082,222.69969998160377,9196.240498613946,0.30769998556934297,215.6807999999728,6.708400003844872,447.7578125
276,2.530607223510742,,0.0002982609581427202,191.53040001401678,10692.819520296105,0.2819000219460577,186.10949997673742,5.136599997058511,447.8125
277,2.5910322666168213,,0.00029823534604112874,214.60279999882914,9543.211924593592,0.318799982778728,208.29320000484586,5.988499993691221,447.7578125
278,2.541780471801758,,0.0002982095479525865,224.22350000124425,9133.74378684052,0.26240001898258924,219.15430002263747,4.803199990419671,447.7578125
279,2.5171122550964355,2.5330997824668886,0.00029818356391310565,218.18569998140447,9386.49966599345,0.3003999881912023,209.14639998227358,8.73560001491569,447.7578125
280,2.5591466426849365,,0.00029815739395895813,209.4931000028737,9775.978301776559,0.21729999571107328,201.94649999029934,7.32649999554269,448.21875
281,2.5333828926086426,,0.00029813103812667525,203.29570001922548,10073.995661523202,0.2895000216085464,197.27330000023358,5.730300006689504,448.2890625
282,2.5591487884521484,,0.0002981044964530479,217.5719999941066,9412.975934658294,0.29689999064430594,208.70650000870228,8.565900003304705,448.3046875
283,2.512831926345825,,0.0002980777689751263,213.73099999618717,9582.138295504794,0.27260000933893025,206.91310000256635,6.541899987496436,448.27734375
284,2.5370543003082275,,0.00029805085573022014,214.36549999634735,9553.776144178502,0.41119998786598444,205.4047999845352,8.544699987396598,448.0234375
285,2.5426769256591797,,0.0002980237567558983,213.61479998449795,9587.350689880212,0.28199999360367656,206.29030000418425,7.039499992970377,448.0859375
286,2.5479278564453125,,0.0002979964720899891,238.0593999987468,8602.8949077868,0.28050001128576696,230.40999998920597,7.365800003753975,448.078125
287,2.5166406631469727,,0.00029796900177057986,228.86079997988418,8948.670983322656,0.278900028206408,222.6686000067275,5.910799984121695,448.0859375
288,2.5371482372283936,,0.00029794134583601724,211.6952000069432,9674.286426583265,0.24540000595152378,204.3095999979414,7.137100008549169,448.1015625
289,2.593360424041748,,0.00029791350432490694,224.15550000732765,9136.514606748668,0.29949998133815825,214.93550000013784,8.916899998439476,448.1015625
290,2.5496103763580322,,0.0002978854772761136,221.56350000295788,9243.399747578726,0.28639999800361693,214.67079999274574,6.603299989365041,448.046875
291,2.5748414993286133,,0.00029785726472876105,221.79929999401793,9233.572874464598,0.44860001071356237,214.75360001204535,6.593499972950667,448.046875
292,2.5965847969055176,,0.00029782886672223205,250.853300007293,8164.134176988937,0.2814999897964299,240.33530001179315,10.232800006633624,448.046875
293,2.533107042312622,,0.000297800283296168,228.45450000022538,8964.585945989156,0.44440000783652067,223.61049999017268,4.39590000314638,448.046875
294,2.578558921813965,,0.0002977715144904694,206.2397000263445,9930.192876242518,0.3242000238969922,196.80230002268218,9.109300008276477,448.046875
295,2.548163652420044,,0.00029774256034529543,237.94630001066253,8606.98401239367,0.35909999860450625,231.279400002677,6.304000009549782,448.046875
296,2.553281784057617,,0.000297713420901064,209.85760001349263,9758.998482153258,0.2761000068858266,199.56450001336634,10.013499995693564,448.046875
297,2.534480571746826,,0.00029768409619845165,230.42559999157675,8887.901344619977,0.3907000063918531,221.03450002032332,8.996699994895607,448.1015625
298,2.553135871887207,,0.00029765458627839357,214.4272000005003,9551.027108478876,0.388599990401417,206.45619998686016,7.579199998872355,448.046875
299,2.51349139213562,,0.00029762489118208345,205.51030000206083,9965.437255356364,0.604800006840378,196.14790001651272,8.752800000365824,448.1015625
300,2.5691845417022705,,0.0002975950109509736,199.93949998752214,10243.09853794679,0.354000017978251,193.2702999911271,6.292100006248802,448.046875
301,2.554857015609741,,0.0002975649456267745,225.45709999394603,9083.768043033433,0.38079998921602964,218.82609999738634,6.246799981454387,448.046875
302,2.5377938747406006,,0.0002975346952514553,217.5110000243876,9415.615760905774,0.24930000654421747,210.55630000773817,6.702100014081225,448.046875
303,2.552563428878784,,0.0002975042598672434,266.4381000213325,7686.588366438681,0.32049999572336674,256.6522000124678,9.461900015594438,448.0234375
304,2.5293500423431396,,0.0002974736395166243,234.24839999643154,8742.855874495615,0.3600000054575503,229.8947999952361,3.9905000012367964,448.0859375
305,2.5521605014801025,,0.00029744283424234185,207.87479999125935,9852.084043309307,0.29739999445155263,202.1208999794908,5.453899997519329,456.07421875
306,2.511873483657837,,0.000297411844087398,232.57679998641834,8805.693431673306,0.29120000544935465,223.4121000219602,8.869899989804253,448.0859375
307,2.552720546722412,,0.0002973806690950527,238.02879999857396,8604.000860451633,0.4132000030949712,227.26549999788404,10.346700000809506,448.046875
308,2.49155330657959,,0.00029734930930882413,231.28179999184795,8854.998534567729,0.4250000056345016,224.67490000417456,6.178499985253438,448.046875
309,2.5974791049957275,,0.0002973177647724882,209.1536000079941,9791.846757223988,0.28150001890026033,199.71120002446696,9.157399996183813,448.046875
310,2.5171444416046143,,0.0002972860355300788,190.44719997327775,10753.636705015151,0.4106000124011189,183.19650000194088,6.836700020357966,448.1015625
311,2.5298495292663574,,0.0002972541216258877,210.5816999974195,9725.441479601963,0.3071000101044774,202.96789999702014,7.303200021851808,448.1015625
312,2.529127836227417,,0.0002972220231044644,212.97259998391382,9616.260496207911,0.31159998616203666,206.14680001745,6.511400017188862,448.1015625
313,2.556739568710327,,0.00029718974001061616,226.03339998750016,9060.60785756997,0.38610000046901405,217.073400010122,8.570499980123714,448.046875
314,2.5810725688934326,,0.00029715727238940784,189.5760000043083,10803.055238814286,0.3157000173814595,185.67769997753203,3.5792000126093626,448.046875
315,2.52139949798584,,0.0002971246202861619,220.38009998505004,9293.035079569028,0.2935999946203083,211.32060000672936,8.762399986153468,448.046875
316,2.566887617111206,,0.0002970917837464583,227.37589999451302,9007.111132047952,0.2525000018067658,218.879799998831,8.240299997851253,448.1015625
317,2.537198781967163,,0.0002970587628161345,211.8010999984108,9669.44930888162,0.31820000731386244,200.80809999490157,10.671100026229396,448.046875
318,2.538688898086548,,0.0002970255575412853,222.8301000141073,9190.858864535545,0.28470001416280866,215.5975999776274,6.944900000235066,448.1015625
319,2.5242745876312256,,0.000296992167968263,211.67330001480877,9675.28734071194,0.21240001660771668,203.78040001378395,7.67770002130419,448.046875
320,2.560431480407715,,0.0002969585941436769,206.80210000136867,9903.187636810486,0.2778999914880842,198.21909998427145,8.302500005811453,448.046875
321,2.5312139987945557,,0.0002969248361143937,206.51449999422766,9916.979195442664,0.24320001830346882,200.88320001377724,5.38560000131838,448.046875
322,2.5772006511688232,,0.0002968908939275372,229.4312000158243,8926.423258295932,0.2819000219460577,223.59550002147444,5.551500013098121,448.046875
323,2.5381126403808594,,0.0002968567676304882,221.83700001914985,9232.003677579522,0.3240999940317124,215.87089999229647,5.638700007693842,448.046875
324,2.5313339233398438,,0.00029682245727088465,225.76900001149625,9071.218811686791,0.3234000178053975,215.27849999256432,10.163200000533834,448.046875
325,2.4857351779937744,,0.00029678796289662123,209.61749998969026,9770.176631725539,0.2964000159408897,202.12699999683537,7.190000003902242,448.046875
326,2.536351442337036,,0.00029675328455584966,228.83900001761504,8949.523463405949,0.3521000035107136,219.85589998075739,8.627200004411861,448.02734375
327,2.5350091457366943,,0.0002967184222969783,212.23649999592453,9649.612578606067,0.3459999861661345,207.05420000012964,4.833200015127659,448.08984375
328,2.5088300704956055,,0.0002966833761686726,209.13620002102107,9792.661432091372,0.22760001593269408,202.44970000931062,6.455599999753758,448.10546875
329,2.5472896099090576,,0.0002966481462198542,230.10779998730868,8900.176352618011,0.2691000117920339,225.5488999944646,4.286999988835305,448.05078125
330,2.5321366786956787,,0.00029661273249970165,213.17329999874346,9607.206906362439,0.24449999909847975,206.20980000239797,6.716000003507361,448.10546875
331,2.575167179107666,,0.0002965771350576499,248.65370002225973,8236.354415062639,0.2812000166159123,238.78659997717477,9.58300000638701,448.05078125
332,2.5288970470428467,,0.0002965413539433906,237.63859999598935,8618.128536502758,0.2958999830298126,227.96740001649596,9.371299995109439,448.05078125
333,2.5119473934173584,,0.0002965053892068714,228.21059997659177,8974.166845054828,0.34119997872039676,219.23750001587905,8.628400013549253,448.05078125
334,2.5556845664978027,,0.00029646924089829653,188.75040000420995,10850.308131555328,0.4123999970033765,183.21560000185855,5.119300010846928,448.05078125
335,2.5319511890411377,,0.0002964329090681265,201.89919997937977,10143.675657006886,0.23869998403824866,192.99879999016412,8.65860001067631,448.05078125
336,2.6465749740600586,,0.0002963963937670779,213.66719997604378,9584.999476895006,0.4419999895617366,207.19899999676272,6.0233000258449465,448.05078125
337,2.4951276779174805,,0.0002963596950461234,191.13340001786128,10715.02939731421,0.3194000164512545,183.99760001921095,6.813400017563254,448.05078125
338,2.5232789516448975,,0.0002963228129564919,202.76600000215694,10100.312675587693,0.29009999707341194,196.46959999226965,6.003199989208952,448.10546875
339,2.5372674465179443,,0.00029628574754966803,215.810199995758,9489.820221844268,0.2683000057004392,209.7873000020627,5.7511999912094325,448.05078125
340,2.5594675540924072,,0.00029624849887739245,215.5557999794837,9501.020154386593,0.30079999123699963,210.0295999844093,5.222799984039739,448.05078125
341,2.4908933639526367,,0.0002962110669916617,220.08880000794306,9305.334937198473,0.3023000026587397,213.6956000176724,6.087200017645955,448.10546875
342,2.5014963150024414,,0.00029617345194472784,209.59670000593178,9771.146205746749,0.3132999991066754,202.21540000056848,7.064899982651696,448.10546875
343,2.5202102661132812,,0.0002961356537890989,213.60010001808405,9588.0104916927,0.28550002025440335,207.59169998927973,5.720299988752231,448.05078125
344,2.533961772918701,,0.00029609767257753836,202.9235000081826,10092.473271540346,0.3003000165335834,196.77949999459088,5.840400001034141,448.10546875
345,2.572756052017212,,0.0002960595083630653,223.75239999382757,9152.974448794723,0.3065000055357814,215.27529999730177,8.167499996488914,448.05078125
346,2.53407883644104,,0.000296021161198954,200.1823000027798,10230.674739832446,0.4628000024240464,193.11260001268238,6.603300018468872,448.05078125
347,2.5414059162139893,,0.0002959826311387346,226.04510001838207,9060.138883052347,0.2576000115368515,216.995599999791,8.788700011791661,448.10546875
348,2.5091981887817383,,0.0002959439182361922,197.68549999571405,10359.88982522442,0.3203999949619174,193.3773999917321,3.98549999226816,448.05078125
349,2.5387349128723145,,0.0002959050225453672,196.60780002595857,10416.677261683402,0.20280000171624124,189.6509999933187,6.751400011125952,448.05078125
350,2.491300106048584,,0.00029586594412055525,235.81740001100115,8684.68569284734,0.3546999942045659,229.6327000076417,5.827100016176701,448.05078125
351,2.4968628883361816,,0.0002958266830163069,206.0563999984879,9939.026402553032,0.2924999862443656,197.09920001332648,8.66140000289306,448.05078125
352,2.5775246620178223,,0.0002957872392874279,213.6781000008341,9584.510532394315,0.42860000394284725,206.9838999886997,6.262200011406094,448.05078125
353,2.589677333831787,,0.00029574761298897887,207.85110001452267,9853.207415582141,0.3100000030826777,198.66110000293702,8.875900006387383,448.05078125
354,2.5672378540039062,,0.00029570780417627525,203.90260001295246,10044.011208635424,0.3445000038482249,196.67499998467974,6.8799000000581145,448.10546875
355,2.4716556072235107,,0.00029566781290488723,237.87469998933375,8609.574705051995,0.39679999463260174,231.75770000671037,5.716699990443885,448.05078125
356,2.5350430011749268,,0.0002956276392306398,209.0709999902174,9795.715331613796,0.3006999904755503,199.4059999997262,9.360999974887818,448.05078125
357,2.503509044647217,,0.00029558728320961254,220.85769998375326,9272.93909223294,0.44319999869912863,211.78519999375567,8.625800022855401,448.10546875
358,2.4915213584899902,,0.00029554674489813953,228.06759999366477,8979.793710535338,0.3572000132407993,221.17980002076365,6.526999990455806,448.02734375
359,2.5189764499664307,,0.0002955060243528093,232.4034000048414,8812.263503706643,0.28410000959411263,224.56120001152158,7.555200019851327,448.08984375
360,2.5124011039733887,,0.0002954651216304648,216.61060000769794,9454.75429146689,0.29379999614320695,212.31599999009632,3.9983000024221838,448.05078125
361,2.4902706146240234,,0.0002954240367882033,198.06769999559037,10339.898933776658,0.2538000117056072,193.6881000001449,4.12329999380745,448.05078125
362,2.513122320175171,,0.0002953827698833763,229.59449997870252,8920.07430574328,0.2736999886110425,221.69079998275265,7.626399979926646,448.05078125
363,2.497840642929077,,0.0002953413209735894,212.72310000495054,9627.539275012157,0.37999998312443495,207.13540000724606,5.204999994020909,448.10546875
364,2.4928383827209473,,0.00029529969011670234,213.0915999878198,9610.890340666,0.32279998413287103,205.92360000591725,6.841900001745671,448.05078125
365,2.4701061248779297,,0.00029525787737082876,211.07069999561645,9702.909973021046,0.3175000019837171,205.5720999778714,5.178499995963648,448.05078125
366,2.4792652130126953,,0.00029521588279433626,204.29610001156107,10024.665179042107,0.298700004350394,197.18899999861605,6.80510001257062,448.05078125
367,2.455125331878662,,0.00029517370644584624,210.52860000054352,9727.894452320077,0.3448000061325729,201.92590000806376,8.254899992607534,448.05078125
368,2.5064735412597656,,0.00029513134838423386,206.00129998638295,9941.68483468491,0.24649998522363603,197.34079999034293,8.410799986450002,448.05078125
369,2.5621683597564697,,0.0002950888086686279,207.8089000133332,9855.208318164423,0.3774000215344131,198.80960002774373,8.617899991804734,456.07421875
370,2.5510504245758057,,0.0002950460873584107,197.4311999802012,10373.233816161668,0.381499994546175,187.8005999897141,9.245600027497858,448.0859375
371,2.539255380630493,,0.0002950031845132182,206.67349998257123,9909.349772335147,0.3978000022470951,200.1153000164777,6.157099996926263,448.046875
372,2.517458915710449,,0.0002949601001929397,210.08229997823946,9748.56044613056,0.2757999754976481,206.76590001676232,3.0377000221051276,448.046875
373,2.5534827709198,,0.0002949168344577177,198.0448999966029,10341.089318811692,0.3100000030826777,192.24239999311976,5.489999981364235,448.046875
374,2.542369842529297,,0.0002948733873679482,203.85630000964738,10046.292412366356,0.3665999975055456,194.04169998597354,9.445000003324822,448.046875
375,2.537429094314575,,0.0002948297589842801,209.70560002024285,9766.072054357664,0.47900000936351717,201.45309998770244,7.769999996526167,448.046875
376,2.5195090770721436,,0.00029478594936761555,208.74279999407008,9811.11683879961,0.24819999816827476,199.59279999602586,8.898899977793917,448.046875
377,2.5351593494415283,,0.00029474195857910954,197.0990999834612,10390.712084285773,0.31099998159334064,191.54830000479706,5.236600001808256,448.046875
378,2.5202877521514893,,0.00029469778668017013,219.8758999875281,9314.345046984083,0.26119998074136674,214.4583000044804,5.153700010851026,448.046875
379,2.518942356109619,,0.000294653433732458,201.8503999861423,10146.1280242229,0.28459998429752886,192.28970000403933,9.272399998735636,448.1015625
380,2.4985721111297607,,0.00029460889979788683,223.92519999993965,9145.911223929026,0.36750000435858965,214.9677999841515,8.586499985540286,448.1015625
381,2.472712516784668,,0.0002945641849386227,222.74900000775233,9194.205136403412,0.3352999920025468,215.44640001957305,6.964100000914186,448.046875
382,2.4942376613616943,,0.0002945192892170843,208.96459999494255,9800.703085831603,0.3192999865859747,205.4634999949485,3.1786999898031354,448.046875
383,2.536980152130127,,0.00029447421269594286,206.61190000828356,9912.30417956512,0.3654999891296029,197.56150001194328,8.681000006617978,448.046875
384,2.5088119506835938,,0.00029442895543812196,220.3567000105977,9294.021919467412,0.34520000917837024,211.33550000377,8.672900003148243,448.1015625
385,2.511688470840454,,0.00029438351750679746,232.34330001287162,8814.54296244627,0.40920000174082816,223.54939999058843,8.380999992368743,448.1015625
386,2.5125010013580322,,0.0002943378989653975,242.5400000065565,8443.968005049217,0.31880001188255847,231.95220000343397,10.26449998607859,448.1015625
387,2.46600604057312,,0.0002942920998776022,209.6573000017088,9768.321923364023,0.4126999992877245,204.07979999436066,5.1617999852169305,448.046875
388,2.5312864780426025,,0.0002942461203073438,194.72270002006553,10517.520555071187,0.2940000267699361,191.2000000011176,3.2263000030070543,448.1015625
389,2.4856860637664795,,0.00029419996031880655,219.00559999630786,9351.359052163627,0.28390000807121396,210.27099998900667,8.44670002697967,448.1015625
390,2.492023468017578,,0.0002941536199764264,191.7883999994956,10678.435192146064,0.33060001442208886,186.69619999127463,4.758600000059232,448.02734375
391,2.501518487930298,,0.0002941070993448911,248.63879999611527,8236.847990064294,0.3164999943692237,243.79479998606257,4.523899988271296,448.08984375
392,2.483574628829956,,0.0002940603984891402,211.54829999431968,9681.004291005842,0.23979999241419137,207.2572999750264,4.048500006319955,448.05078125
393,2.533700942993164,,0.0002940135174743646,203.72350001707673,10052.84122758705,0.23689999943599105,197.99879999482073,5.485700006829575,448.05078125
394,2.5716872215270996,,0.00029396645636600694,204.7481999907177,10002.529937224585,0.25209999876096845,197.70560000324622,6.788099999539554,448.10546875
395,2.4972074031829834,,0.0002939192152297611,206.02250000229105,9940.661820807074,0.31900001340545714,199.56680000177585,6.133499991847202,448.05078125
396,2.5043649673461914,,0.0002938717941315723,207.2770000086166,9880.498077041175,0.2170999941881746,201.18820000789128,5.86870001279749,448.05078125
397,2.441241502761841,,0.000293824193137637,242.0865000167396,8459.786067617924,0.2778999914880842,233.5830999945756,8.222500007832423,448.02734375
398,2.5254805088043213,,0.00029377641231440277,225.59250000631437,9078.315989860816,0.288200011709705,213.98210001643747,11.31939998595044,448.02734375
399,2.4996917247772217,,0.0002937284517285681,240.00739998882636,8533.070230731824,0.2874999772757292,230.6784999964293,9.037599986186251,448.14453125
400,2.5483787059783936,,0.00029368031144708264,252.38170000375248,8114.692943147422,0.42039999971166253,242.17310000676662,9.784200025023893,448.10546875
401,2.5052437782287598,,0.0002936319915371467,253.0552000098396,8093.095893387558,0.47389999963343143,245.99480000324547,6.5821000025607646,448.05078125
402,2.5120127201080322,,0.0002935834920662114,232.22169998916797,8819.158588949824,0.31380000291392207,221.4580999861937,10.446000000229105,448.05078125
403,2.5167415142059326,,0.0002935348131019785,226.66459999163635,9035.376499354416,0.37039999733678997,220.05049997824244,6.240699993213639,448.05078125
404,2.5074105262756348,,0.0002934859547124003,226.40439998940565,9045.760595182046,0.32130000181496143,217.42559998529032,8.653800003230572,448.05078125
405,2.49748158454895,,0.0002934369169656797,206.63359999889508,9911.263221523272,0.31709999893791974,202.8551000112202,3.4589999995660037,448.10546875
406,2.518766403198242,,0.00029338769993026976,193.50590000976808,10583.65662182196,0.2381000085733831,187.42579998797737,5.839399993419647,448.05078125
407,2.528785467147827,,0.000293338303674874,235.11839998536743,8710.505005679934,0.42949998169206083,228.94150001229718,5.744299996877089,448.10546875
408,2.5213847160339355,,0.00029328872826844593,215.78410000074655,9490.968055537523,0.3163999936077744,206.17930000298657,9.284800005843863,448.05078125
409,2.4851925373077393,,0.0002932389737801894,232.33349999645725,8814.91476705352,0.3561000048648566,225.8021000016015,6.17239999701269,448.05078125
410,2.535928726196289,,0.0002931890402795579,211.25300001585856,9694.536881588705,0.4002000205218792,203.9416000188794,6.907700008014217,448.05078125
411,2.5121121406555176,,0.00029313892783625517,233.38580000563525,8775.169697344696,0.32079999800771475,226.71919999993406,6.342899985611439,448.05078125
412,2.554016590118408,,0.00029308863652023447,260.3317000030074,7866.886744781143,0.32709998777136207,250.58560000616126,9.415400010766461,448.05078125
413,2.5318922996520996,,0.000293038166401699,243.92249999800697,8396.109420068808,0.3318999952170998,236.9122999953106,6.67460000840947,448.10546875
414,2.521730899810791,,0.0002929875175511012,230.91009998461232,8869.25257984158,0.3471999953035265,225.0656000105664,5.494199984241277,448.05078125
415,2.4726598262786865,,0.00029293669003914327,243.38679999345914,8414.589452078086,0.28959999326616526,236.50609998730943,6.5879999892786145,448.05078125
416,2.5576305389404297,,0.0002928856839367769,205.09420000598766,9985.65537172777,0.447900005383417,198.91490001464263,5.728299991460517,448.05078125
417,2.564891815185547,,0.00029283449931520285,205.25759999873117,9977.706063077128,0.34849997609853745,198.05199999245815,6.853700004285201,448.05078125
418,2.4876837730407715,,0.00029278313624587116,209.10610002465546,9794.071046987738,0.3597000031732023,204.2418000055477,4.501999996136874,448.05078125
419,2.572211265563965,2.493416726589203,0.000292731594800481,228.4634000097867,8964.236721996913,0.2738999901339412,221.98329999810085,6.202399992616847,449.17578125
420,2.501612663269043,,0.00029267987505098047,215.42199997929856,9506.921299573893,0.36619999445974827,209.27439999650232,5.777600017609075,449.17578125
421,2.4945144653320312,,0.0002926279770695667,196.22369998251088,10437.067490739066,0.28700000257231295,190.05929998820648,5.874299997230992,449.17578125
422,2.5503182411193848,,0.00029257590092868544,222.83600000082515,9190.61551989991,0.5030999891459942,216.52250000624917,5.807300010928884,449.17578125
423,2.4997386932373047,,0.00029252364670103126,204.56370001193136,10011.551413474377,0.3045000194106251,198.59279997763224,5.663199990522116,449.17578125
424,2.4925806522369385,,0.00029247121445954733,244.13070001173764,8388.949033863964,0.27060002321377397,239.3039000162389,4.553100006887689,449.23046875
425,2.5442769527435303,,0.0002924186042774253,205.09050000691786,9985.835521054945,0.28670000028796494,197.11829998414032,7.681599992793053,449.23046875
426,2.4903955459594727,,0.0002923658162281051,215.98770000855438,9482.021429548475,0.39770000148564577,207.8845999785699,7.702000002609566,449.23046875
427,2.5102322101593018,,0.0002923128503852752,243.9355999813415,8395.658526908948,0.2640000020619482,237.77789997984655,5.891200009500608,449.17578125
428,2.490788698196411,,0.000292259706822872,230.17649998655543,8897.51994716934,0.35170000046491623,226.41380000277422,3.4085999941453338,449.23046875
429,2.5001070499420166,,0.0002922063856150801,221.7683000199031,9234.863593291726,0.2665000210981816,213.0444000067655,8.45389999449253,449.23046875
430,2.509812116622925,,0.000292152886836332,216.0530999826733,9479.15119090743,0.3893999964930117,209.3753000081051,6.2852999835740775,449.17578125
431,2.5129075050354004,,0.00029209921056130834,224.5446000015363,9120.682483506564,0.28360000578686595,218.0889000010211,6.169200001750141,449.17578125
432,2.467710256576538,,0.0002920453568649371,245.11940000229515,8355.111835215099,0.2778999914880842,235.86029998841695,8.978300000308082,449.17578125
433,2.5054023265838623,,0.0002919913258223943,199.8007000074722,10250.214338205064,0.287900009425357,191.35280000045896,8.156800002325326,449.17578125
434,2.524007797241211,,0.0002919371175091034,225.56979997898452,9079.22957856417,0.3119000175502151,218.37339998455718,6.8811999808531255,449.23046875
435,2.489121198654175,,0.00029188273200073524,229.86110000056215,8909.728527336689,0.298099999781698,220.461199991405,9.098999988054857,449.23046875
436,2.577695369720459,,0.0002918281693732081,211.38029999565333,9688.698521300772,0.384899991331622,205.20359999500215,5.788899987237528,449.23046875
437,2.4697532653808594,,0.00029177342970268744,229.36930001014844,8928.832236525926,0.30590000096708536,223.79370001726784,5.267300002742559,449.23046875
438,2.543638229370117,,0.00029171851306558595,192.1403000014834,10658.877913608902,0.2761000068858266,186.57349998829886,5.288299988023937,449.23046875
439,2.465017080307007,,0.0002916634195385633,239.56620000535622,8548.785262504522,0.2633000258356333,230.71210001944564,8.58729999163188,449.17578125
440,2.539857864379883,,0.0002916081491985261,219.5511999889277,9328.12027492122,0.26390000130049884,213.13349998672493,6.150500004878268,449.17578125
441,2.440927505493164,,0.0002915527021226277,226.51109998696484,9041.499512023285,0.2878999803215265,218.6402000079397,7.579600001918152,449.17578125
442,2.529399871826172,,0.00029149707838826825,250.50779999583028,8175.394139560082,0.40610000723972917,239.70189999090508,10.395799996331334,449.23046875
443,2.5084176063537598,,0.00029144127807309453,209.92070002830587,9756.065027049957,0.2634000265970826,203.78540002275258,5.869300017366186,449.23046875
444,2.5245249271392822,,0.00029138530125499975,231.32920000352897,8853.184120157583,0.3468999930191785,222.15980000328273,8.819099981337786,449.17578125
445,2.5525949001312256,,0.00029132914801212345,202.6311999943573,10107.031888756672,0.3271000168751925,193.90079998993315,8.399699989240617,449.17578125
446,2.4698917865753174,,0.00029127281842285154,201.27140000113286,10175.315519186894,0.291600008495152,196.655700012343,4.3212999880779535,449.17578125
447,2.5087292194366455,,0.0002912163125658161,237.12399997748435,8636.831363313979,0.32920000376179814,229.73280001315288,7.058000017423183,449.23046875
448,2.5541510581970215,,0.0002911596305198953,222.20910000032745,9216.54423692361,0.3555000002961606,211.0992000089027,10.749999986728653,449.1484375
449,2.4934756755828857,,0.00029110277236421307,239.67260000063106,8544.990124005028,0.38670000503771007,229.68109999783337,9.601199999451637,449.2109375
450,2.4803264141082764,,0.00029104573817813936,193.96589999087155,10558.55694272232,0.2796999760903418,187.5383000005968,6.145099992863834,449.171875
451,2.4503722190856934,,0.00029098852804128973,225.62370001105592,9077.060609765927,0.2793000021483749,217.7992000069935,7.542000006651506,449.171875
452,2.4994845390319824,,0.00029093114203352554,214.2032999836374,9561.0104987012,0.3318999952170998,205.74579999083653,8.121500024572015,449.171875
453,2.455975294113159,,0.00029087358023495343,258.9483000047039,7908.914636484569,0.2806999837048352,251.72880000900477,6.93540001520887,449.171875
454,2.529507875442505,,0.00029081584272592554,206.3907999836374,9922.922921769597,0.3600000054575503,201.28950002253987,4.738500021630898,449.171875
455,2.476733684539795,,0.0002907579295870393,199.258100008592,10278.12671059139,0.25630000163801014,191.66270000278018,7.3361999820917845,449.171875
456,2.5301945209503174,,0.0002906998408991372,206.93300000857562,9896.923158293399,0.29009999707341194,200.9476000093855,5.692699982319027,449.171875
457,2.4966819286346436,,0.000290641576743307,228.65730000194162,8956.635104073255,0.2857999934349209,219.45609999238513,8.91179998870939,449.171875
458,2.4968972206115723,,0.0002905831372008812,222.40850000525825,9208.281158101334,0.2854999911505729,212.5129000050947,9.606900013750419,449.2265625
459,2.51823353767395,,0.00029052452235343716,227.90849997545592,8986.06239004054,0.44329999946057796,220.7615000079386,6.700700003420934,449.171875
460,2.480567693710327,,0.00029046573228279707,242.97740001929924,8428.767448484226,0.2604000037536025,236.36300000362098,6.3513999921269715,449.171875
461,2.488283634185791,,0.0002904067670710275,214.38059999491088,9553.103219454637,0.2474999928381294,208.47300000605173,5.657400004565716,449.171875
462,2.45267391204834,,0.0002903476268004398,224.02309998869896,9141.914383397574,0.2925999870058149,217.35580000677146,6.371600000420585,449.2265625
463,2.4494218826293945,,0.00029028831155358944,225.38760001771152,9086.569091818108,0.2998000127263367,220.09369998704642,4.99149999814108,449.2265625
464,2.4522311687469482,,0.0002902288214132762,239.20559999532998,8561.672469373556,0.3175000019837171,233.52879998856224,5.356299981940538,449.171875
465,2.4713103771209717,,0.00029016915646254415,212.11069999844767,9655.33563377514,0.3530000103637576,205.86610000464134,5.888299987418577,449.2265625
466,2.491924285888672,,0.00029010931678468115,201.04829999036156,10186.606900422352,0.30679997871629894,192.75690001086332,7.981599977938458,449.171875
467,2.45465350151062,,0.00029004930246321914,210.36239998647943,9735.580123309253,0.3654999891296029,205.33990001422353,4.653900017729029,449.171875
468,2.531334400177002,,0.00028998911358193383,215.3767000127118,9508.920880852593,0.29749999521300197,209.4144000147935,5.6619000097271055,449.171875
469,2.4851012229919434,,0.0002899287502248445,221.14790001069196,9260.770732622757,0.3453000099398196,211.96420001797378,8.834300009766594,457.203125
470,2.47574520111084,,0.000289868212476214,217.81599998939782,9402.431410455092,0.31319999834522605,211.47389998077415,6.025199982104823,449.21484375
471,2.485717535018921,,0.0002898075004205488,219.014900008915,9350.961966133977,0.38670000503771007,211.00809998461045,7.61689999490045,449.17578125
472,2.542649984359741,,0.0002897466141425985,226.3206000206992,9049.1099785556,0.3043000178877264,219.97409997857176,6.039300002157688,449.17578125
473,2.508075714111328,,0.000289685553727356,203.57519999379292,10060.16449971531,0.2962999860756099,197.59900000644848,5.676899978425354,449.17578125
474,2.476196765899658,,0.0002896243192600571,235.85120000643656,8683.441084650443,0.3115000145044178,229.395200003637,6.141399993794039,449.15234375
475,2.576795816421509,,0.00028956291082618085,237.90989999542944,8608.300873731378,0.3130999975837767,227.15489999973215,10.437599994475022,449.21484375
476,2.5282413959503174,,0.00028950132851144895,206.94629999343306,9896.287104746441,0.32259998260997236,201.36700000148267,5.253899988019839,449.17578125
477,2.4966959953308105,,0.0002894395724018259,200.93389999237843,10192.40655796599,0.3601999778766185,191.88470000517555,8.685999986482784,449.17578125
478,2.500030040740967,,0.0002893776425835188,229.98239999287762,8905.029254688294,0.2516999957151711,222.96839999035,6.759499985491857,449.23046875
479,2.522101402282715,,0.0002893155391429771,202.98199998796917,10089.564592532273,0.2440999960526824,196.81289998698048,5.922100011957809,449.17578125
480,2.476191282272339,,0.0002892532621668929,225.99569999147207,9062.119323851211,0.31010000384412706,219.9331999872811,5.750000011175871,449.17578125
481,2.4530553817749023,,0.0002891908117422003,207.1062000177335,9888.646500320318,0.3364000003784895,197.53559998935089,9.231400006683543,449.17578125
482,2.5186777114868164,,0.00028912818795607555,223.47940001054667,9164.155621964926,0.3668999997898936,214.42030000616796,8.688600006280467,449.17578125
483,2.4475371837615967,,0.000289065390895937,209.43080002325587,9778.886390027557,0.3422000154387206,201.45189997856505,7.633700006408617,449.17578125
484,2.455784559249878,,0.0002890024206494448,212.95039998949505,9617.2629875362,0.28410000959411263,206.07719998224638,6.58580000163056,449.17578125
485,2.5004773139953613,,0.0002889392773045009,240.8276000060141,8504.008676533986,0.31430000672116876,235.17420000280254,5.336000001989305,449.17578125
486,2.497429609298706,,0.00028887596094924895,230.32959998818114,8891.605768885496,0.3136000013910234,223.6006000021007,6.411700014723465,449.17578125
487,2.4605400562286377,,0.00028881247167207385,213.8952000241261,9574.78241572975,0.3357000241521746,202.14050001231954,11.414600012358278,449.17578125
488,2.533245086669922,,0.00028874880956160213,241.00879998877645,8497.615025241292,0.4090000002179295,231.3297000073362,9.266299981391057,449.17578125
489,2.4735801219940186,,0.00028868497470670157,211.4413999952376,9685.898788251157,0.380899989977479,203.73710000421852,7.319900003494695,449.17578125
490,2.477846384048462,,0.0002886209671964809,214.4034999946598,9552.082872019393,0.3406000032555312,208.67429999634624,5.385399999795482,449.17578125
491,2.489661455154419,,0.0002885567871202902,200.16139998915605,10231.742983966702,0.2820999943651259,193.21930001024157,6.657100020674989,449.23046875
492,2.4828526973724365,,0.0002884924345677201,203.0940999975428,10083.995547013816,0.26810000417754054,195.79589998465963,7.0272999873850495,449.23046875
493,2.4527993202209473,,0.00028842790962860205,211.74170001177117,9672.161883493649,0.2874000056181103,201.13719999790192,10.313200007658452,449.17578125
494,2.4548587799072266,,0.0002883632123930084,214.97339999768883,9526.760055067361,0.32699998700991273,206.19389999774285,8.448900014627725,449.17578125
495,2.4758341312408447,,0.00028829834295125174,259.1664000065066,7902.258934601798,0.44770000386051834,254.70140000106767,4.01370000327006,449.17578125
496,2.4644527435302734,,0.0002882333013938851,215.3106000041589,9511.84010429789,0.2901999978348613,207.12219999404624,7.894799986388534,449.17578125
497,2.428187608718872,,0.0002881680878117019,206.23939999495633,9930.207322413102,0.45739999040961266,200.43599998462014,5.34120001248084,449.17578125
498,2.51605486869812,,0.0002881027022957356,206.16550001432188,9933.766803164108,0.27550000231713057,201.9558999745641,3.931300016120076,449.17578125
499,2.4929752349853516,,0.0002880371449372596,202.9997000063304,10088.6848598108,0.3102000046055764,193.21700002183206,9.468700009165332,449.17578125
500,2.492812395095825,,0.00028797141582778734,207.01129999361,9893.179744599533,0.41649999911896884,201.84719999087974,4.744000005302951,449.17578125
501,2.476156711578369,,0.00028790551505907187,193.95760001498275,10559.008772235773,0.23570001940242946,186.00980000337586,7.707899989327416,449.17578125
502,2.528203010559082,,0.00028783944272310586,237.3541999841109,8628.454858338713,0.41959999362006783,228.5433999786619,8.387999987462536,449.23046875
503,2.562762975692749,,0.00028777319891212165,207.6977000106126,9860.484732836976,0.33019998227246106,203.55050000944175,3.8133000198286027,449.17578125
504,2.500828981399536,,0.00028770678371859077,222.5830999959726,9201.057942121646,0.3308999876026064,212.8460000094492,9.402900002896786,449.17578125
505,2.4388811588287354,,0.0002876401972352241,206.9035000167787,9898.334246805485,0.3281999961473048,197.6518000010401,8.919600018998608,449.23046875
506,2.460330009460449,,0.00028757343955497153,207.79010001569986,9856.09997706946,0.4120999947190285,203.81999999517575,3.5549000022001565,449.17578125
507,2.440284013748169,,0.000287506510771022,205.74949998990633,9953.851650188559,0.23370000417344272,199.62269999086857,5.890400003409013,449.17578125
508,2.5091774463653564,,0.00028743941097680316,225.88849999010563,9066.419937667064,0.31380000291392207,219.64029999799095,5.93079999089241,449.17578125
509,2.4804821014404297,,0.00028737214026598165,218.24250000645407,9384.056725612265,0.3749000024981797,210.36820000153966,7.496100006392226,449.17578125
510,2.455286979675293,,0.0002873046987324625,190.42780000017956,10754.732239715362,0.37779999547638,186.4095999917481,3.637599991634488,449.23046875
511,2.497382402420044,,0.00028723708647038915,202.65459999791346,10105.864855873424,0.22419999004341662,196.18830000399612,6.239699985599145,449.17578125
512,2.569567918777466,,0.00028716930357414357,214.20960000250489,9560.72930427045,0.3006999904755503,208.1359000003431,5.769999988842756,449.1484375
513,2.489250659942627,,0.0002871013501383458,216.85669998987578,9444.024556749288,0.2888999879360199,211.65969999856316,4.905200010398403,449.265625
514,2.4461934566497803,,0.0002870332262578538,244.91499998839572,8362.084805328526,0.27889999910257757,238.38549997890368,6.247299985261634,449.171875
515,2.479719400405884,,0.0002869649320277637,215.66730001359247,9496.108125204537,0.3662999952211976,207.3361000220757,7.961499999510124,449.2265625
516,2.4753592014312744,,0.00028689646754340934,200.54779999190941,10212.02925229108,0.3102000046055764,194.6598999784328,5.574899987550452,449.2265625
517,2.4856185913085938,,0.0002868278329003622,200.70539999869652,10204.010455191044,0.2869000018108636,192.1714000054635,8.243299991590902,449.171875
518,2.4335594177246094,,0.00028675902819443126,220.01960000488907,9308.261627393611,0.44170001638121903,210.38740000221878,9.186899987980723,449.2265625
519,2.460150957107544,,0.00028669005352166305,210.25699999881908,9740.46048412896,0.447300000814721,204.23989999108016,5.566599982557818,449.2265625
520,2.4945778846740723,,0.00028662090897834107,223.6339999944903,9157.820367432756,0.32839999767020345,215.41330000036396,7.888499996624887,449.171875
521,2.463284492492676,,0.0002865515946609863,187.06950001069345,10947.802821320045,0.3735999925993383,180.8479999890551,5.844600003911182,449.171875
522,2.4640636444091797,,0.0002864821106663564,216.83749998919666,9444.86078331486,0.38180002593435347,207.25090001360513,9.20070000574924,449.2265625
523,2.477273941040039,,0.0002864124570914461,219.1461000184063,9345.363662999189,0.4253000079188496,215.13349999440834,3.58399999095127,449.2265625
524,2.5372538566589355,,0.0002863426340334868,246.12150000757538,8321.09344342922,0.31510001281276345,237.15960001572967,8.643300010589883,449.2265625
525,2.5029566287994385,,0.0002862726415899464,227.45899998699315,9003.820469258686,0.3750999749172479,223.2128999894485,3.8684000028297305,449.171875
526,2.4880495071411133,,0.0002862024798585293,197.77090000570752,10355.416291986821,0.2761000068858266,188.29469999764115,9.196700004395097,449.171875
527,2.442356586456299,,0.0002861321489371763,220.49549999064766,9288.171414323042,0.3164999943692237,211.3132999802474,8.862199989380315,449.2265625
528,2.4681129455566406,,0.0002860616489240642,212.86659999168478,9621.049051753545,0.36169998929835856,203.33749998826534,9.163899987470359,449.2265625
529,2.4752748012542725,,0.00028599097991760606,246.4722000004258,8309.253538518591,0.3502999898046255,236.94139998406172,9.177200001431629,449.171875
530,2.504427194595337,,0.0002859201420164507,229.70019999775104,8915.969598720643,0.34630001755431294,219.37960002105683,9.970500017516315,449.15625
531,2.533797025680542,,0.00028584913531948264,221.62110000499524,9240.997359700132,0.39420000393874943,212.29239998501725,8.93109999014996,449.15625
532,2.4819893836975098,,0.0002857779599258222,226.1753999919165,9054.919323998965,0.38640000275336206,218.9547999878414,6.830400001490489,449.15625
533,2.446608304977417,,0.00028570661593482505,211.62109999568202,9677.67391834646,0.3388000186532736,202.5549000245519,8.723900013137609,457.18359375
534,2.4666907787323,,0.0002856351034460823,213.1453000183683,9608.468963770296,0.3994000144302845,207.18330002273433,5.559500015806407,449.1953125
535,2.4608123302459717,,0.0002855634225594202,214.20849999412894,9560.778400745685,0.26020000223070383,210.10529997874983,3.8395999872591347,449.2109375
536,2.4865846633911133,,0.0002854915733749002,217.66959998058155,9408.755288670092,0.37120000342838466,211.48890000768006,5.806699977256358,449.2109375
537,2.4727065563201904,,0.00028541955599281854,212.79930000309832,9624.091808432553,0.32240001019090414,205.28429999831133,7.189800002379343,449.2109375
538,2.4940590858459473,,0.00028534737051370623,201.65210001869127,10156.105489653564,0.3760000108741224,192.70039998809807,8.571899990784004,449.15625
539,2.457052707672119,,0.0002852750170383291,239.42100000567734,8553.96978523787,0.3096000000368804,230.60529999202117,8.502599986968562,449.2109375
540,2.502119541168213,,0.0002852024956676873,229.4368000002578,8926.205386397034,0.3471999953035265,223.39780000038445,5.688800010830164,449.2109375
541,2.5702872276306152,,0.0002851298065030156,197.46450000093319,10371.484494632308,0.2466999867465347,193.63809999777004,3.577499999664724,449.15625
542,2.456397294998169,,0.00028505694964578264,194.7193999949377,10517.69880172825,0.26000000070780516,189.98070000088774,4.4763000041712075,449.15625
543,2.480259895324707,,0.0002849839251976915,217.99799997825176,9394.581602603306,0.2564000023994595,211.61130000837147,6.12779997754842,449.2109375
544,2.487746477127075,,0.00028491073326067894,230.6594999972731,8878.888578290562,0.2803000097628683,221.66219999780878,8.713899995200336,449.15625
545,2.482314348220825,,0.00028483737393691574,243.6493999848608,8405.520391707318,0.3412000078242272,233.12229997827671,10.182500001974404,449.2109375
546,2.486982822418213,,0.0002847638473288062,232.74350000428967,8799.38644886862,0.3650000144261867,223.4212000039406,8.953799988375977,449.2109375
547,2.4867820739746094,,0.0002846901535389881,210.02160001080483,9751.377953004063,0.23910001618787646,202.22109998576343,7.5588999898172915,449.15625
548,2.463715076446533,,0.0002846162926703327,209.93610000004992,9755.34936582852,0.3559999749995768,204.14380001602694,5.4333000152837485,449.15625
549,2.448385715484619,,0.0002845422648259445,227.09820000454783,9018.125198521991,0.27889999910257757,218.15180001431145,8.66439999663271,449.15625
550,2.504483222961426,,0.00028446807010916106,219.98369999346323,9309.780679481506,0.29910000739619136,214.84000000054948,4.84189999406226,449.15625
551,2.4586405754089355,,0.0002843937086235528,196.77800001227297,10407.667523159433,0.2727000101003796,187.891400011722,8.610300021246076,449.15625
552,2.48553466796875,,0.000284319180472923,227.37639999832027,9007.091325287627,0.3263000107835978,218.50049999193288,8.545400021830574,449.15625
553,2.4705352783203125,,0.00028424448576130765,224.21819998999126,9133.959687890721,0.3711000026669353,218.48350000800565,5.360299983294681,449.15625
554,2.5054495334625244,,0.00028416962459297513,213.9436999859754,9572.611860663586,0.28330000350251794,208.30019999993965,5.35739999031648,449.1328125
555,2.460268497467041,,0.0002840945970724262,200.73369998135604,10202.57186606044,0.24209998082369566,197.392400004901,3.0968000064603984,449.25
556,2.4619815349578857,,0.00028401940330439405,185.89849999989383,11016.764524733495,0.2728999825194478,178.28079999890178,7.341899996390566,449.2109375
557,2.4981062412261963,,0.0002839440433938436,216.03109998977743,9480.116520708876,0.25049998657777905,206.65500001632608,9.12240002071485,449.15625
558,2.4422004222869873,,0.0002838685174459719,241.86690000351518,8467.46702409563,0.378700002329424,233.49490002146922,7.989900012034923,449.15625
559,2.4544734954833984,2.473901081085205,0.00028379282556620784,219.7982000070624,9317.637723758407,0.3353999927639961,214.131599990651,5.328800005372614,449.15625
560,2.533543348312378,,0.00028371696786021167,224.76569999707863,9111.710550260199,0.22420001914724708,217.8147000086028,6.723099999362603,448.12890625
561,2.470386505126953,,0.0002836409444338754,231.76029999740422,8836.716210770086,0.378099997760728,220.47010000096634,10.907399991992861,448.19140625
562,2.494610071182251,,0.0002835647553933222,229.14810001384467,8937.451368247277,0.3996000159531832,222.6762999780476,6.0685999924317,448.15234375
563,2.4623522758483887,,0.0002834884008449065,213.25070000602864,9603.719940624358,0.34359999699518085,207.50930000212975,5.39460001164116,448.20703125
564,2.541624069213867,,0.0002834118808952138,230.60830001486465,8880.859881747487,0.4391999973449856,221.1099000123795,9.054900001501665,447.48828125
565,2.483365297317505,,0.00028333519565106036,223.80800000973977,9150.700600116503,0.30800001695752144,217.0987000281457,6.397999997716397,448.1953125
566,2.5116777420043945,,0.00028325834521949334,210.55980000528507,9726.453007404998,0.34270001924596727,203.9097000088077,6.303999980445951,448.1953125
567,2.467419385910034,,0.00028318132970779034,209.49989999644458,9775.660990934872,0.4865000082645565,199.42590000573546,9.583600010955706,448.140625
568,2.4618334770202637,,0.0002831041492234595,219.9438999814447,9311.465333536311,0.4400999750941992,211.54390001902357,7.956599991302937,448.0546875
569,2.5069329738616943,,0.0002830268038742392,212.0514000125695,9658.035739818757,0.31239999225363135,203.04339998983778,8.691700000781566,448.0
570,2.434628963470459,,0.00028294929376809807,252.79179998324253,8101.528610246698,0.28279999969527125,248.69149998994544,3.8148000021465123,448.0
571,2.4623920917510986,,0.0002828716190132345,218.90580002218485,9355.622371780222,0.3370000049471855,212.43559999857098,6.129200017312542,448.0546875
572,2.4663684368133545,,0.000282793779718077,225.3472000011243,9088.198122673733,0.3026999766007066,214.07630000612698,10.964300017803907,448.0
573,2.501321315765381,,0.0002827157759912835,227.85019999719225,8988.361651757326,0.38300000596791506,220.82940000109375,6.633600016357377,447.9609375
574,2.4808130264282227,,0.0002826376079417416,209.903300012229,9756.87375987268,0.26699999580159783,200.13979999930598,9.493199991993606,447.9609375
575,2.479208469390869,,0.00028255927567856834,254.07049999921583,8060.754790525941,0.4065000102855265,247.81689999508671,5.84350002463907,447.9609375
576,2.4549264907836914,,0.00028248077931110994,215.4934999998659,9503.76693497147,0.36249999538995326,209.2899999988731,5.836999975144863,447.9609375
577,2.458205461502075,,0.00028240211894894153,206.33300000918098,9925.702625895385,0.2781999937724322,199.89769998937845,6.153499998617917,448.015625
578,2.4786078929901123,,0.0002823232947018674,226.46430000895634,9043.367983028691,0.3417000116314739,216.02789999451488,10.090600000694394,447.9609375
579,2.501481294631958,,0.0002822443066799206,216.87280002515763,9443.323458554638,0.28020000900141895,208.31980000366457,8.270000020274892,447.9609375
580,2.4800162315368652,,0.0002821651549933626,223.4502000210341,9165.353174028105,0.2856000210158527,215.32340001431294,7.837899989681318,448.015625
581,2.485870122909546,,0.0002820858397526835,218.67679999559186,9365.419651473243,0.391399982618168,211.524600017583,6.757299997843802,447.9609375
582,2.4779558181762695,,0.0002820063610686017,242.1160000085365,8458.755307075087,0.3485000052023679,230.57059998973273,11.19189997552894,447.9609375
583,2.4614274501800537,,0.00028192671905206366,229.62990001542494,8918.69917577123,0.4329000075813383,220.95220000483096,8.241500006988645,447.9609375
584,2.5390100479125977,,0.00028184691381424393,249.2187999887392,8217.67860246714,0.2922999847214669,241.0540000128094,7.869099994422868,447.9609375
585,2.497314691543579,,0.0002817669454665449,232.31249998207204,8815.711596052935,0.5426999996416271,224.73320001154207,7.032900000922382,447.9609375
586,2.5223324298858643,,0.0002816868141205966,224.27020000759512,9131.84185830593,0.29170000925660133,218.13760002260096,5.837900011101738,447.9609375
587,2.4771780967712402,,0.0002816065198882566,206.881499994779,9899.386847309617,0.2572000084910542,200.58289999724366,6.038000021362677,447.9609375
588,2.4849839210510254,,0.0002815260628816099,211.71530001447536,9673.367960936099,0.29269998776726425,206.0197000100743,5.400099995313212,447.9609375
589,2.503225326538086,,0.00028144544321296867,222.51279998454265,9203.964896142015,0.28459998429752886,214.13360000588,8.091399999102578,457.31640625
590,2.4697558879852295,,0.0002813646609948722,217.30449999449775,9424.563228335614,0.31800000579096377,210.88609998696484,6.097000004956499,448.0703125
591,2.53194260597229,,0.00028128371634008665,211.98130000266246,9661.229551730636,0.30929999775253236,205.81879999372177,5.849799985298887,447.9765625
592,2.431581735610962,,0.00028120260936160483,227.50060001271777,9002.17405969704,0.29990001348778605,218.43229999649338,8.764900005189702,447.9765625
593,2.4679436683654785,,0.0002811213401726464,200.22979998611845,10228.247744052003,0.2857999934349209,193.18079997901805,6.7605999938678,447.9765625
594,2.430687427520752,,0.00028103990888665714,221.72800000407733,9236.542069392857,0.23819998023100197,216.20439999969676,5.282800004351884,448.03125
595,2.43538236618042,,0.0002809583156173094,197.82810000469908,10352.422127854199,0.32690001535229385,190.30259997816756,7.195000012870878,447.9765625
596,2.454827070236206,,0.0002808765604785014,229.3026999977883,8931.42557859002,0.2966000174637884,218.18970001186244,10.81140001770109,447.9765625
597,2.4996304512023926,,0.00028079464358435753,235.8152000233531,8684.766714771498,0.34830000367946923,228.53809999651276,6.925800000317395,447.9765625
598,2.486682176589966,,0.00028071256504922775,240.69559999043122,8508.67236493487,0.3414000093471259,229.25030000624247,11.099700001068413,447.953125
599,2.455281972885132,,0.0002806303249876879,246.81710000731982,8297.642261979672,0.49039997975341976,239.1518999938853,7.1706000017002225,448.015625
600,2.4648325443267822,,0.0002805479235145391,237.87260000244714,8609.65071209938,0.3245999978389591,230.98950000712648,6.555500003742054,447.9765625
601,2.4510467052459717,,0.000280465360744808,213.8029999914579,9578.91142819242,0.2700999903026968,206.37909998185933,7.150699995690957,448.03125
602,2.459526538848877,,0.00028038263679374607,207.175699993968,9885.329216021128,0.29600001289509237,200.81340000615455,6.063000007998198,447.9765625
603,2.4407763481140137,,0.00028029975177683026,222.93050002190284,9186.719626963491,0.34830000367946923,214.57630000077188,8.001500013051555,447.9765625
604,2.452354907989502,,0.00028021670580976183,225.65939999185503,9075.624592079572,0.39370000013150275,219.13699997821823,6.1252999876160175,447.9765625
605,2.497159004211426,,0.00028013349900846715,242.23410000558943,8454.631284169915,0.32079999800771475,236.10619999817573,5.803899985039607,447.9765625
606,2.48191499710083,,0.00028005013148909685,216.4684000017587,9460.965203158341,0.3066000062972307,208.44899999792688,7.708899996941909,447.9765625
607,2.439527988433838,,0.000279966603368026,190.9237999934703,10726.79257415808,0.28070001280866563,185.01099999411963,5.629300023429096,448.03125
608,2.4600319862365723,,0.0002798829147618538,217.53930000704713,9414.390870677875,0.2652000111993402,209.8618999880273,7.4099999910686165,447.9765625
609,2.484311580657959,,0.0002797990657874036,198.4324000077322,10320.895175990396,0.2990999782923609,191.59540001419373,6.534900021506473,448.03125
610,2.4550747871398926,,0.00027971505656172247,207.2184999997262,9883.287447803676,0.4249999765306711,198.75450001563877,8.03480000467971,447.96484375
611,2.5076029300689697,,0.00027963088720208123,212.14210000471212,9653.906508677484,0.30189999961294234,206.2240999948699,5.613300018012524,448.015625
612,2.5114896297454834,,0.0002795465578259743,224.18860002653673,9135.165658546342,0.26530001196078956,216.0612999869045,7.858299999497831,447.9609375
613,2.49853253364563,,0.00027946206855111944,202.95630002510734,10090.842214539021,0.291000003926456,196.330200007651,6.332000019028783,447.9609375
614,2.4912705421447754,,0.0002793774194954575,205.74189999024384,9954.219340334248,0.3347999881953001,198.6460000043735,6.757700000889599,447.9609375
615,2.446129322052002,,0.00027929261077715254,212.99460000591353,9615.267241249965,0.27730001602321863,206.58269998966716,6.13090000115335,447.9609375
616,2.485382080078125,,0.0002792076425145914,217.19759999541566,9429.2017961673,0.5114999949000776,210.25120001286268,6.431300018448383,447.9609375
617,2.5006048679351807,,0.00027912251482638365,243.45279997214675,8412.308259483194,0.3538999881129712,232.05799999414012,11.03500000317581,447.9609375
618,2.4590959548950195,,0.0002790372278313614,234.92429999168962,8717.701830217,0.3237999917473644,227.9475000104867,6.649699993431568,447.9609375
619,2.486079692840576,,0.0002789517816485792,221.0536999918986,9264.717125635341,0.21999998716637492,214.43019999423996,6.400999991456047,447.9609375
620,2.466268539428711,,0.00027886617639731376,221.21769998921081,9257.848716896906,0.3103999770246446,217.0963000098709,3.808599984040484,447.9609375
621,2.4684488773345947,,0.0002787804121970638,212.30709998053499,9646.403724546977,0.23139998666010797,206.3823000062257,5.691099999239668,447.9609375
622,2.456183671951294,,0.00027869448916755,222.38510000170209,9209.250080083266,0.298099999781698,213.16590000060387,8.917500003008172,447.9609375
623,2.4242374897003174,,0.0002786084074287148,210.51919998717494,9728.328818106693,0.2793000021483749,205.09189998847432,5.144700000528246,447.9609375
624,2.5014350414276123,,0.000278522167100722,217.0676999958232,9434.844521038402,0.24880000273697078,210.90850001201034,5.907900020247325,447.9609375
625,2.4955036640167236,,0.0002784357683039569,209.065200004261,9795.987088995487,0.4083000239916146,205.02490000217222,3.628999984357506,447.9609375
626,2.5258536338806152,,0.00027834921115902603,207.96879997942597,9847.630991776678,0.2702999918255955,202.5601000059396,5.1346000109333545,447.9609375
627,2.462116241455078,,0.00027826249578675696,216.44239997840486,9462.101696360489,0.26169998454861343,210.03799999016337,6.140300014521927,447.9609375
628,2.4491195678710938,,0.00027817562230819805,199.21729998895898,10280.231687275675,0.2883999841287732,194.27169999107718,4.654199990909547,447.9609375
629,2.434495687484741,,0.00027808859084461847,210.52910000435077,9727.871348700375,0.28979999478906393,202.14879998820834,8.087099995464087,447.9609375
630,2.4442479610443115,,0.0002780014015175078,223.9131000242196,9146.405457199591,0.31820000731386244,215.3579999867361,8.233600005041808,448.015625
631,2.4385626316070557,,0.00027791405444857616,199.78059999994002,10251.245616444314,0.3344000142533332,194.08449999173172,5.358600028557703,448.015625
632,2.4468648433685303,,0.00027782654975975373,200.24609999381937,10227.415165954353,0.32950000604614615,194.99499999801628,4.918599996017292,448.7421875
633,2.44223690032959,,0.00027773888757319076,197.1831000118982,10386.285639471242,0.28410000959411263,189.92410000646487,6.971099996007979,448.859375
634,2.496842622756958,,0.00027765106801125734,222.8025000076741,9191.997396481007,0.32699998700991273,217.65800000866875,4.814599989913404,448.765625
635,2.458423137664795,,0.0002775630911965432,201.61299998289905,10158.075124985555,0.29490000451914966,190.22609997773543,11.088100000051782,448.8203125
636,2.4667038917541504,,0.0002774749572518578,244.59079999360256,8373.168574016549,0.4039000195916742,235.75639998307452,8.42739999643527,448.765625
637,2.4355595111846924,,0.00027738666630022963,233.48550000810064,8771.422636219148,0.30139999580569565,223.73009999864735,9.450799989281222,448.765625
638,2.487511396408081,,0.0002772982184649065,216.96680001332425,9439.232176877887,0.3532000118866563,210.55560000240803,6.0545000014826655,448.765625
639,2.427212715148926,,0.00027720961386935535,217.47669999604113,9417.100774645196,0.3087000222876668,211.28920000046492,5.875600007129833,448.765625
640,2.4378273487091064,,0.0002771208526372617,252.7713000017684,8102.1856515580375,0.2804000105243176,243.4936000208836,8.993900002678856,448.765625
641,2.440279722213745,,0.00027703193489252994,219.00849998928607,9351.235226487504,0.3403000009711832,213.38850000756793,5.276599986245856,448.765625
642,2.4547555446624756,,0.0002769428607592827,210.3443999949377,9736.413234910407,0.30089999199844897,205.90659999288619,4.13370001479052,448.765625
643,2.4975311756134033,,0.00027685363036186115,221.44359999219887,9248.404560222774,0.2798000059556216,212.58590000797994,8.574400009820238,448.765625
644,2.4774882793426514,,0.0002767642438248245,227.34089998994023,9008.497811395237,0.3814000228885561,221.31039999658242,5.645500001264736,448.765625
645,2.486372470855713,,0.00027667470127294995,197.5760000059381,10365.631452901403,0.2564000023994595,192.8503999952227,4.466600017622113,448.765625
646,2.4481875896453857,,0.00027658500283123236,201.79530000314116,10148.898413234207,0.3425999893806875,196.9981000002008,4.451899993000552,448.765625
647,2.4113340377807617,,0.0002764951486248844,201.765300007537,10150.407428450266,0.34779999987222254,195.02650000504218,6.386999972164631,448.765625
648,2.4056291580200195,,0.00027640513877933597,228.88670000247657,8947.658382849857,0.4033000150229782,219.376299995929,9.102999989409,448.765625
649,2.453038215637207,,0.00027631497342023444,215.7794999948237,9491.170384810091,0.34569998388178647,208.11420000973158,7.316600007470697,448.765625
650,2.4934849739074707,,0.0002762246526734441,197.28230001055636,10381.06307504735,0.2938999969046563,192.2474000020884,4.738400020869449,448.765625
651,2.4473536014556885,,0.0002761341766650462,234.67009997693822,8727.145044048064,0.2702999918255955,227.40579998935573,6.991300004301593,448.8203125
652,2.411733865737915,,0.0002760435455213387,217.70700000342913,9407.138952664553,0.33209999673999846,209.92569997906685,7.44499999564141,448.8203125
653,2.4321460723876953,,0.00027595275936883625,213.35890001500957,9598.849637188443,0.29000002541579306,206.00320000085048,7.062499993480742,456.79296875
654,2.4157423973083496,,0.0002758618183342698,210.19290000549518,9743.430914871331,0.26110000908374786,205.25709999492392,4.6722000115551054,448.8046875
655,2.4429852962493896,,0.00027577072254458633,210.15659999102354,9745.113882159669,0.23020000662654638,204.27389998803847,5.649600003380328,448.765625
656,2.4918479919433594,,0.0002756794721269491,215.06489999592304,9522.706866805433,0.2631999959703535,207.91570001165383,6.883000023663044,448.765625
657,2.4223852157592773,,0.00027558806720873717,216.38399999937974,9464.655427415477,0.31880001188255847,212.0971999829635,3.965199983213097,448.765625
658,2.402540683746338,,0.0002754965079175451,238.93689998658374,8571.300624202435,0.25339997955597937,232.82589999143966,5.854799994267523,448.765625
659,2.4338669776916504,,0.0002754047943811832,220.5383999971673,9286.364642285904,0.281100015854463,210.16810002038255,10.085600020829588,448.765625
660,2.458974599838257,,0.00027531292672767696,208.9910000213422,9799.465047733433,0.381199992261827,203.68420000886545,4.922299995087087,448.765625
661,2.4238314628601074,,0.0002752209050852669,183.87569999322295,11137.958958554515,0.2626999921631068,177.61280000559054,5.997000000206754,448.765625
662,2.473191738128662,,0.0002751287295824087,229.57890000543557,8920.680428173107,0.3176000027451664,223.03480000118725,6.223300006240606,448.765625
663,2.418793201446533,,0.0002750364003477726,238.66040000575595,8581.230903621241,0.3062000032514334,229.9875000026077,8.362699998542666,448.765625
664,2.4213809967041016,,0.00027494391751024377,210.74949999456294,9717.698025631547,0.2967999898828566,201.66710001649335,8.782299992162734,448.765625
665,2.4179959297180176,,0.0002748512811989214,217.51240000594407,9415.555158896841,0.2717000024858862,211.30679998896085,5.931099993176758,448.765625
666,2.47987961769104,,0.00027475849154311925,215.2566000004299,9514.226276898873,0.2829000004567206,209.61130000068806,5.3598000085912645,448.765625
667,2.4627809524536133,,0.00027466554867236487,213.42330001061782,9595.953206131251,0.28550002025440335,203.80229997681454,9.331899986136705,448.8203125
668,2.4846906661987305,,0.0002745724527163999,219.29560002172366,9338.992664682388,0.40240000816993415,211.09040000010282,7.799300015904009,448.8203125
669,2.426652431488037,,0.0002744792038051796,205.35569998901337,9972.939636492043,0.2961999853141606,196.959799999604,8.096199977444485,448.765625
670,2.4824044704437256,,0.0002743858020688727,199.17709997389466,10282.306551648875,0.3360000264365226,193.37090000044554,5.467000009957701,448.765625
671,2.446502923965454,,0.0002742922476378613,202.80680002178997,10098.280727174626,0.31620002118870616,197.9476000124123,4.540099995210767,448.8203125
672,2.440260648727417,,0.0002741985406427408,209.0734999801498,9795.59819964962,0.27940000290982425,200.7339999836404,8.057099999859929,448.765625
673,2.4636950492858887,,0.0002741046812143191,223.34969998337328,9169.47728227286,0.3397999971639365,214.90890000131913,8.097600017208606,448.765625
674,2.4711568355560303,,0.00027401066948361746,201.19120000163093,10179.371662296353,0.3671000013127923,196.45600000512786,4.364399996120483,448.7421875
675,2.375739097595215,,0.0002739165055818694,215.36729999934323,9509.335911283864,0.25240000104531646,209.6659999806434,5.446499999379739,448.8046875
676,2.4342310428619385,,0.000273822189640521,228.98230000282638,8943.922739769498,0.24429999757558107,223.83800000534393,4.897199978586286,448.765625
677,2.5033316612243652,,0.0002737277217912305,186.9928000087384,10952.293349820391,0.2733999863266945,179.04240000643767,7.673000014619902,448.765625
678,2.478898525238037,,0.0002736331021658682,234.95230000116862,8716.662914088576,0.42810000013560057,226.3600000005681,8.160900004440919,448.765625
679,2.4470372200012207,,0.0002735383308965162,217.9521000070963,9396.560069544268,0.36139998701401055,211.04870000272058,6.538599991472438,448.8203125
680,2.423940420150757,,0.0002734434081154685,206.36030001332983,9924.389525832778,0.42810000013560057,200.48219998716377,5.4469000024255365,448.765625
681,2.408005475997925,,0.00027334833395523047,203.65149999270216,10056.395362044424,0.2623999898787588,197.56329999654554,5.822999984957278,448.765625
682,2.434978723526001,,0.0002732531085485187,229.23850000370294,8933.926892589676,0.2871000033337623,223.23609999148175,5.712000012863427,448.765625
683,2.4145290851593018,,0.00027315773202826103,245.4468999931123,8343.963602952292,0.25309997727163136,236.2810000195168,8.909900003345683,448.765625
684,2.4625446796417236,,0.0002730622045275963,235.1611999911256,8708.919669049514,0.3462999884504825,228.73709999839775,6.074700009776279,448.765625
685,2.4522993564605713,,0.00027296652617987395,216.75510000204667,9448.451270492193,0.39229998947121203,210.28410000144504,6.073899974580854,448.765625
686,2.466430902481079,,0.00027287069711865407,232.10379999363795,8823.638389617647,0.3782999992836267,223.14379998715594,8.578199980547652,448.765625
687,2.4287991523742676,,0.0002727747174777071,205.74659999692813,9953.9919494688,0.374399998690933,196.5335999848321,8.834599982947111,448.8203125
688,2.391373872756958,,0.00027267858739101375,225.42559998692013,9085.037369841008,0.447300000814721,219.43180001107976,5.543399980524555,448.8203125
689,2.4711971282958984,,0.00027258230699276476,219.82180001214147,9316.637384858474,0.3451000084169209,209.76699999300763,9.70610001240857,448.765625
690,2.4555773735046387,,0.0002724858764173605,205.84900001995265,9949.04031499541,0.37570000858977437,196.52579998364672,8.944200002588332,448.765625
691,2.454777240753174,,0.00027238929579941117,233.54400001699105,8769.225498625534,0.3879000141751021,227.93719999026507,5.215700017288327,448.765625
692,2.422592878341675,,0.0002722925652737364,222.62690000934526,9199.247709571622,0.27799999224953353,213.321499992162,9.02440000209026,448.765625
693,2.4839346408843994,,0.00027219568497536504,237.02010000124574,8640.617399069683,0.2601000014692545,227.76139999041334,8.995399984996766,448.765625
694,2.45788311958313,,0.0002720986550395349,225.6030999997165,9077.88944390646,0.35799999022856355,216.3414999959059,8.899799984646961,448.765625
695,2.4274988174438477,,0.0002720014756016929,214.9138000095263,9529.402020294741,0.41290000081062317,206.1278999899514,8.36959999287501,448.8359375
696,2.4606759548187256,,0.0002719041467974945,188.26099997386336,10878.514404387142,0.37949997931718826,184.3081999977585,3.5706000053323805,448.48046875
697,2.425107479095459,,0.00027180666876280374,209.748799999943,9764.06062871662,0.22029998945072293,203.50669999606907,6.019299995386973,448.44140625
698,2.454496383666992,,0.0002717090416336929,215.30000001075678,9512.308406398877,0.3048000216949731,207.61979999952018,7.371799991233274,447.94140625
699,2.4110841751098633,2.4271803498268127,0.0002716112655464424,211.45309999701567,9685.36285364889,0.3658000205177814,203.21160001913086,7.872500020312145,449.12109375
700,2.401395797729492,,0.00027151334063754066,252.26959999417886,8118.298836035962,0.371600006474182,240.98460000823252,10.90889997431077,448.06640625
701,2.4083192348480225,,0.00027141526704368377,224.06939999200404,9140.02536746688,0.35960000241175294,218.4428000182379,5.263200000626966,448.06640625
702,2.443925142288208,,0.00027131704490177547,199.72259999485686,10254.22260701963,0.2851999888662249,195.25260000955313,4.182100004982203,448.06640625
703,2.4265100955963135,,0.00027121867434892673,204.49269999517128,10015.027431533545,0.2803000097628683,196.01429998874664,8.195299975341186,448.06640625
704,2.4500386714935303,,0.0002711201555224558,228.80979999899864,8950.66557467802,0.25889999233186245,219.18230000301264,9.365399979287758,448.06640625
705,2.431091547012329,,0.0002710214885598878,226.9380999787245,9024.487294958408,0.34069997491315007,217.31050001108088,9.28379999822937,448.06640625
706,2.4364547729492188,,0.0002709226735989548,242.77169999550097,8435.909127950059,0.4386999935377389,233.87659998843446,8.45239998307079,448.12109375
707,2.460752248764038,,0.0002708237107775953,232.2514000115916,8818.030805832752,0.2964000159408897,223.82880002260208,8.123300009174272,448.12109375
708,2.48618483543396,,0.00027072460023395436,195.72920000064187,10463.43621694302,0.3124999930150807,192.30709999101236,3.1070999975781888,448.06640625
709,2.4311892986297607,,0.0002706253421063831,207.46389997657388,9871.596939184374,0.2818999928422272,201.23330000205897,5.946199991740286,448.06640625
710,2.4823598861694336,,0.00027052593653343867,214.54849999281578,9545.627212814716,0.23570001940242946,205.7634999800939,8.546400000341237,448.06640625
711,2.457519292831421,,0.0002704263836538842,216.29509999183938,9468.54551988126,0.3640000068116933,209.13249999284744,6.794200016884133,448.06640625
712,2.4158718585968018,,0.0002703266836066883,236.9499999913387,8643.173665646174,0.45980000868439674,227.49360001762398,8.992799994302914,448.06640625
713,2.4373507499694824,,0.000270226836531025,205.7929000002332,9951.752465695752,0.29579998226836324,201.6468000074383,3.84780002059415,448.06640625
714,2.4392330646514893,,0.00027012684256627373,205.48110001254827,9966.853398560419,0.25770001229830086,195.9571000188589,9.26300001447089,448.06640625
715,2.4714627265930176,,0.0002700267018520188,208.63660000031814,9816.110883693835,0.3378000110387802,202.43619999382645,5.85970000247471,448.06640625
716,2.436523199081421,,0.00026992641452804945,212.50880000297911,9637.247963243355,0.3191000141669065,204.7900000179652,7.3964000039268285,448.06640625
717,2.3851170539855957,,0.00026982598073435957,195.8470999961719,10457.137226132178,0.3276999923400581,188.31900000805035,7.197099999757484,448.12109375
718,2.4848976135253906,,0.0002697254006111475,211.14870000747032,9699.325640780848,0.2654000127222389,203.54509999742731,7.334800000535324,448.06640625
719,2.460808277130127,,0.0002696246742988159,207.1765000000596,9885.291044106889,0.3501999890431762,198.85789998807013,7.964899996295571,448.12109375
720,2.421398162841797,,0.00026952380193797135,229.0680000151042,8940.576596752753,0.3132999991066754,221.03230000357144,7.71920001716353,448.06640625
721,2.4687252044677734,,0.00026942278366942445,218.08299998519942,9390.919971474123,0.31740000122226775,209.1579000116326,8.604899980127811,448.12109375
722,2.4397642612457275,,0.00026932161963418944,216.4597000228241,9461.34545961236,0.24300001678057015,210.59999999124557,5.614199995761737,448.06640625
723,2.423570156097412,,0.0002692203099734841,221.09460001229309,9263.00325691414,0.22830002126283944,211.0108999768272,9.851899987552315,448.06640625
724,2.421157121658325,,0.0002691188548287293,212.73929998278618,9626.806143320553,0.37859997246414423,205.71569999447092,6.641899992246181,448.12109375
725,2.471754789352417,,0.00026901725434154915,215.95710000838153,9483.364982769795,0.3121000190731138,207.70480000646785,7.93689998681657,448.06640625
726,2.4666714668273926,,0.0002689155086537707,212.93849998619407,9617.80044535292,0.3294000052846968,207.25770000717603,5.348799983039498,448.06640625
727,2.385601043701172,,0.00026881361790742343,214.4564000191167,9549.726656874967,0.25549999554641545,207.7428000047803,6.455199996707961,448.12109375
728,2.449852705001831,,0.0002687115822447397,214.56079999916255,9545.079996010425,0.3515999997034669,208.43950001290068,5.766899994341657,448.06640625
729,2.391120433807373,,0.00026860940180815376,224.16440001688898,9136.151859285863,0.4653999931178987,215.44659999199212,8.248300000559539,448.06640625
730,2.384159803390503,,0.0002685070767403023,197.75079999817535,10356.468848767727,0.305800000205636,189.16429998353124,8.277299988549203,448.06640625
731,2.4531710147857666,,0.00026840460718402363,206.96060001500882,9895.60331701531,0.3271999885328114,200.57200000155717,6.058700004359707,448.06640625
732,2.427377223968506,,0.0002683019932823579,214.25920000183396,9558.516040302913,0.2725000085774809,205.28129997546785,8.701799990376458,456.3984375
733,2.427854061126709,,0.00026819923517854683,213.06239999830723,9612.20750360585,0.24389999452978373,206.0005999810528,6.814899999881163,448.25390625
734,2.412992000579834,,0.0002680963330160332,228.08050000458024,8979.285822149954,0.4759000148624182,223.36750000249594,4.233699990436435,448.30859375
735,2.450137138366699,,0.00026799328693846106,231.82449999148957,8834.26902710966,0.2539999841246754,224.8435000074096,6.724499980919063,448.25390625
736,2.450444221496582,,0.00026789009708967534,252.3473000037484,8115.799138606115,0.3026999766007066,245.89799999375828,6.142900005215779,448.30859375
737,2.4737327098846436,,0.0002677867636137216,237.78130000573583,8612.95652749227,0.3828000044450164,229.41489997901954,7.979399990290403,448.25390625
738,2.3552961349487305,,0.000267683286654846,226.37039999244735,9047.119234972106,0.35439999192021787,216.6123999923002,9.399899980053306,448.25390625
739,2.3905653953552246,,0.00026757966635749495,246.16579999565147,8319.595979767206,0.3620999923441559,239.6821000147611,6.1181999917607754,448.25390625
740,2.4367027282714844,,0.0002674759028663148,220.55229998659343,9285.779382597644,0.42050000047311187,211.14400000078604,8.984300016891211,448.23046875
741,2.434831142425537,,0.0002673719963261519,236.283900012495,8667.539345218609,0.3414000093471259,227.0598000031896,8.878799999365583,448.29296875
742,2.471870183944702,,0.0002672679468820525,208.9789000165183,9800.032442692158,0.5187000206205994,204.31560001452453,4.14110001293011,448.25390625
743,2.4571356773376465,,0.0002671637546792619,208.11300000059418,9840.80763813002,0.28700000257231295,201.36690000072122,6.456100003561005,448.25390625
744,2.4272255897521973,,0.00026705941986322507,212.01489999657497,9659.698445878495,0.3244000254198909,206.0446000250522,5.642500007525086,448.25390625
745,2.4526517391204834,,0.00026695494257958585,216.20629998506047,9472.434430178555,0.2725000085774809,210.35550002125092,5.575899995164946,448.25390625
746,2.458822011947632,,0.000266850322974187,209.10549999098293,9794.09915132942,0.2869999734684825,202.08489999640733,6.730499997502193,448.25390625
747,2.4356729984283447,,0.00026674556119306997,233.60690000117756,8766.864334870574,0.38350000977516174,226.37660001055337,6.843599985586479,448.25390625
748,2.4711709022521973,,0.00026664065738247464,234.10689999582246,8748.140272826413,0.3311999898869544,228.46849999041297,5.303500016452745,448.25390625
749,2.41568922996521,,0.00026653561168883926,218.5682999843266,9370.06876178687,0.24870000197552145,208.8145000161603,9.501699998509139,448.25390625
750,2.4072399139404297,,0.0002664304242587999,205.54190000984818,9963.90516922279,0.385499995900318,197.91329998406582,7.2398000047542155,448.30859375
751,2.4238057136535645,,0.0002663250952391908,225.32850000425242,9088.952351617083,0.3480000013951212,215.78579998458736,9.190000011585653,448.25390625
752,2.4609375,,0.0002662196247770436,216.11639999900945,9476.37476845527,0.4448999825399369,208.21539999451488,7.45249999454245,448.30859375
753,2.4295265674591064,,0.0002661140130195875,226.46359997452237,9043.39593749461,0.5284000071696937,217.67759998328984,8.25400001485832,448.29296875
754,2.4643826484680176,,0.0002660082601142489,217.74260001257062,9405.600924586028,0.360800011549145,210.8412999950815,6.538100016769022,448.30859375
755,2.453934907913208,,0.00026590236620865123,204.98499998939224,9990.974949903562,0.2663999912329018,197.62779999291524,7.088199985446408,448.30859375
756,2.505614995956421,,0.0002657963314506148,218.39349999208935,9377.568471928802,0.24540000595152378,211.013299995102,7.131200021831319,448.25390625
757,2.43190598487854,,0.00026569015598815643,220.35489999689162,9294.097839571026,0.384599989047274,212.75050000986084,7.216700003482401,448.25390625
758,2.4216790199279785,,0.0002655838399694895,252.93129999772646,8097.060348080325,0.3153000143356621,248.5037000151351,4.109400004381314,448.30859375
759,2.386796474456787,,0.0002654773835430235,209.12770001450554,9793.05945533732,0.363900006050244,201.81450000382029,6.9451000017579645,448.25390625
760,2.441378593444824,,0.0002653707868573638,230.49129999708384,8885.367907708061,0.3831000067293644,221.677900000941,8.427499997196719,448.30859375
761,2.4559786319732666,,0.0002652640500613119,241.1685999832116,8491.984446327453,0.2922999847214669,234.29799999576062,6.57540000975132,448.25390625
762,2.436899185180664,,0.00026515717330386455,261.79610000690445,7822.882006057337,0.40869999793358147,251.80359999649227,9.58009998430498,448.25390625
763,2.4645371437072754,,0.00026505015673421417,250.3341999836266,8181.063554775783,0.31969998963177204,239.71150000579655,10.298799985321239,448.25390625
764,2.4663591384887695,,0.00026494300050174796,237.61890002060682,8618.84302899472,0.3792000061366707,231.00179998436943,6.234300002688542,448.30859375
765,2.411910057067871,,0.0002648357047560485,240.66490001860075,8509.757757951875,0.3147000097669661,233.0804000084754,7.266300002811477,448.30859375
766,2.4315757751464844,,0.00026472826964689275,205.18649998120964,9981.16347901811,0.4209999751765281,198.75660000252537,6.005100003676489,448.25390625
767,2.4040369987487793,,0.00026462069532425257,233.01129997707903,8789.27331078561,0.4117000207770616,223.3628999965731,9.233100019628182,448.25390625
768,2.4344515800476074,,0.00026451298193829386,208.81459998781793,9807.743328864355,0.3792000061366707,202.5601000059396,5.872100009582937,448.30859375
769,2.476978302001953,,0.00026440512963937676,221.93889998015948,9227.76493973379,0.31609999132342637,213.4152000071481,8.205000020097941,448.30859375
770,2.4302382469177246,,0.00026429713857805537,213.79559999331832,9579.2429781717,0.37769999471493065,208.30660001956858,5.10849998681806,448.25390625
771,2.460782527923584,,0.0002641890089050773,223.83350000018254,9149.65811640496,0.27540000155568123,214.50170001480728,9.053399990079924,448.25390625
772,2.439145088195801,,0.000264080740771384,240.54880000767298,8513.86496184838,0.38579999818466604,234.62360000121407,5.536100012250245,448.25390625
773,2.4124984741210938,,0.0002639723343281098,207.1433000091929,9886.875413827582,0.36020000698044896,200.318299990613,6.461799988755956,448.25390625
774,2.4798147678375244,,0.0002638637897265824,215.3740000212565,9509.040087465855,0.2702999918255955,208.40820000739768,6.692499999189749,448.31640625
775,2.4804394245147705,,0.0002637551071183222,241.78679997567087,8470.272157975845,0.3161000204272568,230.56899997754954,10.898100008489564,448.25390625
776,2.4370453357696533,,0.0002636462866550423,242.23190001794137,8454.708070441222,0.29739999445155263,233.59720001462847,8.333800011314452,448.25390625
777,2.4554061889648438,,0.0002635373284886483,252.52499998896383,8110.088110442548,0.3978000022470951,245.33770000562072,6.785900011891499,448.25390625
778,2.4604744911193848,,0.00026342823277123784,208.72009999584407,9812.183877071633,0.35260000731796026,202.93100000708364,5.433899990748614,448.25390625
779,2.424748659133911,,0.00026331899965510074,212.1968999854289,9651.413381348322,0.35879999632015824,204.92799999192357,6.906800001161173,448.30859375
780,2.4274086952209473,,0.0002632096292927186,222.55400000722148,9202.261023992138,0.35749998642131686,214.9529000162147,7.239900005515665,448.25390625
781,2.4116082191467285,,0.0002631001218367645,225.52469998481683,9081.045225369457,0.42619998566806316,215.61970000038855,9.47489999816753,448.25390625
782,2.395267963409424,,0.0002629904774401031,227.6566999789793,8996.001436325407,0.3586999955587089,217.58379999664612,9.710200014524162,448.30859375
783,2.40702223777771,,0.0002628806962557899,245.37730001611635,8346.330324221057,0.2634999982547015,235.15709998901002,9.952699998393655,448.30859375
784,2.4055843353271484,,0.0002627707784370717,221.72619999037124,9236.617053324944,0.37629998405463994,217.6163000112865,3.73070000205189,448.25390625
785,2.4761364459991455,,0.0002626607241373857,200.8347000228241,10197.440978910778,0.29880000511184335,194.21119999606162,6.32200000109151,448.25390625
786,2.4071011543273926,,0.0002625505335103599,227.90279999026097,8986.287136829902,0.4150999884586781,220.0031999964267,7.479899999452755,448.25390625
787,2.4532036781311035,,0.0002624402067098125,213.32660000189207,9600.30300947859,0.3729000163730234,205.0020000024233,7.948599988594651,448.25390625
788,2.4326348304748535,,0.0002623297438897516,241.00010000984184,8497.921784747661,0.2514999941922724,235.2361000084784,5.5093000119086355,448.25390625
789,2.460631847381592,,0.00026221914520437555,238.9411000185646,8571.149960558816,0.31900001340545714,233.25499999918975,5.364000011468306,448.25390625
790,2.4384732246398926,,0.00026210841080807207,214.5199000078719,9546.899844372701,0.21890000789426267,206.72029998968355,7.577799988212064,448.25390625
791,2.4714815616607666,,0.0002619975408554183,209.4337999878917,9778.746315630066,0.2894999925047159,202.7581000002101,6.383400002960116,448.25390625
792,2.44303560256958,,0.0002618865355011809,206.7760000063572,9904.437652034256,0.2595999976620078,201.91789997625165,4.59600001340732,448.25390625
793,2.4547677040100098,,0.0002617753949003152,248.4651999839116,8242.602988799277,0.30670000705868006,238.7167000269983,9.438400011276826,448.25390625
794,2.4559390544891357,,0.0002616641192079656,235.28630001237616,8704.289199550822,0.33740000799298286,226.81180000654422,8.13249999191612,448.23046875
795,2.395326614379883,,0.00026155270857946487,228.2219999760855,8973.718573207674,0.48669998068362474,221.3900999922771,6.341600004816428,448.29296875
796,2.4390838146209717,,0.00026144116317033424,226.39650001656264,9046.076241682946,0.2854999911505729,218.40460001840256,7.703200011746958,456.34375
797,2.458327293395996,,0.0002613294831362831,221.09840001212433,9262.844054446772,0.304599991068244,214.8921000189148,5.8988000091630965,448.25390625
798,2.509052276611328,,0.0002612176686332087,205.6643000105396,9957.975204714901,0.281100015854463,199.60510000237264,5.775700003141537,448.25390625
799,2.4459095001220703,,0.000261105719817196,218.3450000011362,9379.651468956663,0.2652999828569591,213.08420001878403,4.993200011085719,448.25390625
800,2.456663131713867,,0.0002609936368445176,235.7653999933973,8686.60117242545,0.24919997667893767,227.241500018863,8.270999998785555,448.25390625
801,2.4236676692962646,,0.0002608814198716332,230.43080000206828,8887.700776031754,0.2429999876767397,224.77689999504946,5.408199998782948,448.25390625
802,2.462564706802368,,0.0002607690690551896,226.610299985623,9037.54154215379,0.29689999064430594,218.1509000074584,8.15909999073483,448.25390625
803,2.451244831085205,,0.0002606565845520205,237.69229999743402,8616.181508707303,0.27749998844228685,233.49029998644255,3.9220000035129488,448.25390625
804,2.395498275756836,,0.0002605439665191461,218.9428000128828,9354.041328965803,0.3252000024076551,212.4327999772504,6.180800002766773,448.25390625
805,2.5308401584625244,,0.00026043121511377314,215.7498000015039,9492.476933863782,0.28750000637955964,212.3299999802839,3.1297999958042055,448.25390625
806,2.4425344467163086,,0.0002603183304932944,192.89659999776632,10617.087082010337,0.27180000324733555,186.18489999789745,6.437000003643334,448.25390625
807,2.418588161468506,,0.0002602053128152887,216.30450000520796,9468.1340422908,0.3708000003825873,210.51870001247153,5.412200000137091,448.30859375
808,2.423285722732544,,0.0002600921622375206,226.61179999704473,9037.48171995769,0.27809999301098287,219.97899998677894,6.3516999944113195,448.30859375
809,2.447727680206299,,0.0002599788789179402,218.8867999939248,9356.43446775613,0.33420001273043454,209.03970001381822,9.50890002422966,448.25390625
810,2.435389280319214,,0.00025986546301468277,228.03410000051372,8981.11291247838,0.29379999614320695,219.5034000033047,8.233899978222325,448.30859375
811,2.4264328479766846,,0.00025975191468606876,192.552299995441,10636.071342946772,0.38759998278692365,186.50260000140406,5.659499991452321,448.25390625
812,2.418119430541992,,0.0002596382340906035,221.79000001051463,9233.960051863964,0.2648000081535429,214.74799999850802,6.77390000782907,448.25390625
813,2.4115753173828125,,0.0002595244213869769,236.39569999068044,8663.440155978893,0.26569998590275645,227.8468000004068,8.279699977720156,448.25390625
814,2.4265973567962646,,0.0002594104767340633,231.246099981945,8856.365578316354,0.4031999851576984,222.22999998484738,8.608599979197606,448.25390625
815,2.4003398418426514,,0.0002592964002909213,255.47390000429004,8016.474481211619,0.29510000604204834,245.2835000003688,9.892200003378093,448.25390625
816,2.4138965606689453,,0.0002591821922167933,206.49349997984245,9917.987734238231,0.3157000173814595,195.9748999797739,10.198799980571494,448.25390625
817,2.4366161823272705,,0.0002590678526711056,223.4815000265371,9164.069508021075,0.4372000112198293,215.3311999863945,7.709700003033504,456.34375
818,2.420525550842285,,0.0002589533818134679,207.67900001374073,9861.372598406664,0.3836000105366111,201.65220001945272,5.640100018354133,448.25390625
819,2.374094009399414,,0.0002588387798036734,214.6362999919802,9541.72243966432,0.2967999898828566,208.64359999541193,5.6930999853648245,448.25390625
820,2.419780969619751,,0.0002587240468016982,212.02969999285415,9659.024184201657,0.3352999920025468,205.8856000076048,5.8055000263266265,448.25390625
821,2.431708812713623,,0.00025860918296770124,228.0224999994971,8981.569801245565,0.30319998040795326,222.22170000895858,5.494999990332872,448.30859375
822,2.4288582801818848,,0.00025849418846202426,199.0619999996852,10288.251901433918,0.2978999982587993,192.9359000059776,5.8253000024706125,448.30859375
823,2.4389586448669434,,0.00025837906344519125,205.72850000462495,9954.867701625973,0.27889999910257757,201.0768000036478,4.369600006612018,448.25390625
824,2.4609391689300537,,0.0002582638080779085,207.6322000066284,9863.595337980429,0.25350000942125916,203.71869998052716,3.657299996120855,448.25390625
825,2.437823534011841,,0.0002581484225210642,222.98540000338107,9184.45781638146,0.25630000163801014,216.53400000650436,6.192400003783405,448.25390625
826,2.503253221511841,,0.00025803290693572823,213.95699999993667,9572.016807118282,0.2868000010494143,209.85609997296706,3.8111000030767173,448.25390625
827,2.4273786544799805,,0.00025791726148315206,206.3313999969978,9925.779595494429,0.4241999995429069,199.2426999786403,6.660699989879504,448.25390625
828,2.4517672061920166,,0.00025780148632476843,234.9038000102155,8718.462621340892,0.3081000177189708,229.74929999327287,4.843699978664517,448.25390625
829,2.400928497314453,,0.00025768558162219107,222.2364000044763,9215.412056525163,0.36230002297088504,216.033900011098,5.8373999781906605,448.30859375
830,2.3794493675231934,,0.00025756954753721465,211.98209997965023,9661.193092230915,0.3519000019878149,207.85229999455623,3.7754999939352274,448.25390625
831,2.4051525592803955,,0.00025745338423181443,212.6298999937717,9631.759221351229,0.2589999930933118,206.86390000628307,5.504300002939999,448.30859375
832,2.416494131088257,,0.00025733709186814596,218.4891999932006,9373.46102262141,0.3454000107012689,211.4154999726452,6.72500001383014,448.25390625
833,2.419579267501831,,0.000257220670608545,222.7744999981951,9193.152717284038,0.2945000014733523,215.56340000825003,6.912500015459955,448.30859375
834,2.4033029079437256,,0.00025710412061552725,235.21230000187643,8707.027651120548,0.3789000038523227,227.86770001403056,6.962400017073378,448.25390625
835,2.492279529571533,,0.00025698744205178816,235.27309999917634,8704.777554285509,0.2725999802350998,228.7652000086382,6.231800012756139,448.30859375
836,2.406358003616333,,0.00025687063508020265,226.48429998662323,9042.569397176583,0.3782999992836267,219.5800999761559,6.522099982248619,448.30859375
837,2.4512248039245605,,0.0002567536998638247,210.85049997782335,9713.043128735302,0.43559999903663993,203.82500000414439,6.586800009245053,448.30859375
838,2.435955762863159,,0.0002566366365658875,221.59149998333305,9242.231765000191,0.2908000024035573,213.81560000008903,7.48220001696609,448.26171875
839,2.427269458770752,2.4027862191200255,0.000256519445349803,204.4197999930475,10018.598981457053,0.308599992422387,196.82640000246465,7.281099999090657,449.25390625
840,2.434333324432373,,0.0002564021263791618,226.31550001096912,9049.313899846617,0.19419999443925917,217.48500000103377,8.633499994175509,473.76171875
841,2.4424424171447754,,0.0002562846798177326,229.80709999683313,8911.822132685294,0.361400016117841,221.8490999948699,7.59330001892522,473.82421875
842,2.439993381500244,,0.0002561671058294624,206.93479999317788,9896.837071713011,0.33809998421929777,198.8419000117574,7.75170000270009,473.78515625
843,2.4628257751464844,,0.000256049404578476,233.48510000505485,8771.437663284132,0.32970000756904483,223.8954000058584,9.256699995603412,473.78515625
844,2.4433085918426514,,0.0002559315762290759,183.07980001554824,11186.37883494559,0.43059999006800354,178.44300001161173,4.20330002089031,473.8203125
845,2.439300775527954,,0.00025581362094574195,192.41690001217648,10643.555736894206,0.288500013994053,185.71459999657236,6.4107000071089715,448.765625
846,2.4626235961914062,,0.0002556955388931313,258.28330000513233,7929.277657360365,0.29579998226836324,249.12399999448098,8.860200003255159,448.765625
847,2.397512674331665,,0.0002555773302360779,222.5447999953758,9202.641445868674,0.37650001468136907,216.8250000104308,5.340099975001067,448.765625
848,2.4643192291259766,,0.00025545899513959266,206.81360000162385,9902.636963835645,0.30479999259114265,198.74190000700764,7.7640000090468675,448.8203125
849,2.4419796466827393,,0.0002553405337688627,215.1962000061758,9516.896673552905,0.3417999832890928,207.11129999835975,7.739799999399111,448.765625
850,2.350515604019165,,0.0002552219462892517,215.42199997929856,9506.921299573893,0.36609999369829893,208.81229999940842,6.239800015464425,448.765625
851,2.385270833969116,,0.0002551032328662992,225.48300001653843,9082.724639328846,0.3071000101044774,217.40689998841844,7.765799993649125,448.8203125
852,2.4038169384002686,,0.0002549843936657205,189.86600000062026,10786.554728036139,0.34440000308677554,184.02259997674264,5.495899997185916,456.8046875
853,2.4359679222106934,,0.0002548654288534067,243.01410000771284,8427.494536057784,0.3065000055357814,235.3233000030741,7.3813000053633,448.81640625
854,2.444002151489258,,0.000254746338595424,210.4039000114426,9733.659879349298,0.3664000250864774,204.7319000121206,5.302899982780218,448.81640625
855,2.430964708328247,,0.0002546271230580139,205.86740001454018,9948.151090728072,0.2874000056181103,200.93930000439286,4.637700010789558,448.81640625
856,2.456928253173828,,0.00025450778240759277,211.15679998183623,9698.95357467138,0.2620000159367919,203.81999999517575,7.071600004564971,448.81640625
857,2.369600296020508,,0.0002543883168107514,211.82510000653565,9668.353750036285,0.2963000151794404,205.29420001548715,6.231200008187443,448.81640625
858,2.4307355880737305,,0.00025426872643425535,196.27879999461584,10434.137563792825,0.2544000162743032,192.48820000211708,3.5339000169187784,448.81640625
859,2.458303451538086,,0.000254149011445044,180.8078000030946,11326.94496567597,0.32430002465844154,175.31400002189912,5.1660999888554215,448.81640625
860,2.4311113357543945,,0.0002540291720102309,196.48870002129115,10422.991244677594,0.2660000172909349,190.68309999420308,5.536100012250245,448.81640625
861,2.380723714828491,,0.0002539092082971034,209.1595999954734,9791.565866660303,0.3741999971680343,203.3221999881789,5.460299988044426,448.81640625
862,2.468364715576172,,0.000253789120473122,210.47900000121444,9730.18685944053,0.2840000088326633,200.17500000540167,10.016400017775595,448.81640625
863,2.4243407249450684,,0.00025366890870592086,205.29489999171346,9975.8932154801,0.3499999875202775,196.2993000051938,8.641799999168143,448.81640625
864,2.4180235862731934,,0.0002535485731633069,232.25299999467097,8817.970058716104,0.26709999656304717,226.58260000753216,5.400999973062426,448.81640625
865,2.374805450439453,,0.0002534281140132597,206.33919999818318,9925.404382773766,0.26000000070780516,200.64090000232682,5.4358000052161515,448.87109375
866,2.4059977531433105,,0.0002533075314239318,220.47319999546744,9289.110876252096,0.2620999875944108,213.9929000113625,6.214799999725074,448.87109375
867,2.435508966445923,,0.00025318682556364763,224.49880000203848,9122.543193911966,0.31419997685588896,216.8346999969799,7.347000006120652,448.81640625
868,2.417314052581787,,0.00025306599660090403,208.89499998884276,9803.968501445153,0.35379998735152185,203.20489999721758,5.333599983714521,448.81640625
869,2.439708709716797,,0.00025294504470436946,214.64839999680407,9541.184560567388,0.35519999801181257,210.889700014377,3.400699992198497,448.81640625
870,2.3630611896514893,,0.000252823970042884,203.5592999891378,10060.950298558131,0.27210000553168356,196.79369998630136,6.490600004326552,448.81640625
871,2.4540767669677734,,0.00025270277278545926,213.6960000207182,9583.707695986086,0.2796000044327229,204.00810000137426,9.404900018125772,448.87109375
872,2.374760866165161,,0.0002525814531012779,218.23120000772178,9384.542631518932,0.3490000090096146,210.32650000415742,7.551899994723499,448.81640625
873,2.3602676391601562,,0.0002524600111596933,209.72340001026168,9765.243172196293,0.3240999940317124,206.05770000838675,3.3389000163879246,448.50390625
874,2.400866985321045,,0.0002523384471302299,191.95439998293296,10669.200602758216,0.22239997633732855,188.37030002032407,3.359700000146404,448.74609375
875,2.435762882232666,,0.0002522167611825822,206.64079999551177,9910.917882840575,0.235699990298599,201.22400001855567,5.178799998247996,448.69140625
876,2.4611306190490723,,0.000252094953486615,219.8126000002958,9317.027322352058,0.29429999995045364,214.36589999939315,5.149700009496883,448.74609375
877,2.412706136703491,,0.0002519730242123631,198.31620002514683,10326.942527843465,0.28550002025440335,192.95389999751933,5.073900014394894,448.74609375
878,2.4174704551696777,,0.00025185097353003097,221.06999999959953,9264.034016391686,0.33939999411813915,217.83780000987463,2.8898000018671155,448.69140625
879,2.467952013015747,,0.0002517288016099927,201.3098000024911,10173.374569815564,0.23770000552758574,195.40300001972355,5.666300014127046,448.69140625
880,2.4331777095794678,,0.0002516065086227913,219.72259998437949,9320.8436462412,0.29999998514540493,210.20159998442978,9.217499988153577,448.69140625
881,2.428891658782959,,0.0002514840947391391,217.97670001978986,9395.499609885204,0.4258000117260963,211.96750001399778,5.57969999499619,448.69140625
882,2.379023790359497,,0.00025136156012991713,227.4489999981597,9004.21632988745,0.375300005543977,222.05160002340563,5.018900003051385,448.69140625
883,2.374417543411255,,0.0002512389049661747,205.12509997934103,9984.151136093351,0.29830000130459666,200.75879999785684,4.065399989485741,448.69140625
884,2.3873867988586426,,0.0002511161294191297,201.55830000294372,10160.8318782709,0.2212999970652163,194.88670001737773,6.447199993999675,448.69140625
885,2.364708423614502,,0.000250993233660168,210.2391000080388,9741.289797766884,0.27600000612437725,203.86290000169538,6.097400008002296,448.69140625
886,2.4043307304382324,,0.0002508702178608431,210.90480001294054,9710.542386301024,0.3031000087503344,203.7887999904342,6.809599988628179,448.69140625
887,2.4003398418426514,,0.0002507470821928763,243.68139999569394,8404.416586724263,0.27550000231713057,239.4307999929879,3.9724000089336187,448.74609375
888,2.3893113136291504,,0.00025062382682815613,189.64180001057684,10799.306903255387,0.2856000210158527,184.0486999717541,5.3050999995321035,448.69140625
889,2.398007869720459,,0.00025050045193873813,234.1815000108909,8745.353496773892,0.31880001188255847,227.54369999165647,6.315899983746931,448.74609375
890,2.4221458435058594,,0.0002503769576968448,207.76419999310747,9857.32864501171,0.31900001340545714,202.77699999860488,4.664700012654066,448.69140625
891,2.372246503829956,,0.0002502533442748652,197.73240000358783,10357.432570296216,0.24090000079013407,190.38970000110567,7.098700007190928,448.69140625
892,2.3657779693603516,,0.00025012961184535485,219.70500002498738,9321.590313224906,0.31820000731386244,210.9999000094831,8.383500011404976,448.69140625
893,2.393099784851074,,0.0002500057605810352,225.89169998536818,9066.291502222775,0.34669999149627984,220.2912000066135,5.251199996564537,448.69140625
894,2.3779971599578857,,0.0002498817906547938,222.15829999186099,9218.651745512236,0.24539997684769332,216.83390001999214,5.076400004327297,448.69140625
895,2.4034676551818848,,0.0002497577022396836,191.3641999999527,10702.10624558045,0.2539000124670565,185.39199998485856,5.715400009648874,448.76953125
896,2.428011417388916,,0.00024963349550892325,244.66910000774078,8370.488958087499,0.40469999657943845,238.3515000110492,5.909300001803786,448.76953125
897,2.4177117347717285,,0.00024950917063589634,253.97130000055768,8063.903283542286,0.4690999921876937,247.06729999161325,6.431199988583103,448.71484375
898,2.3670356273651123,,0.0002493847277941514,207.7417999971658,9858.391522687974,0.3725999849848449,204.13450000341982,3.2319999882020056,448.76953125
899,2.4690418243408203,,0.0002492601671574017,196.75659999484196,10408.799501788957,0.2849999873433262,189.9037999974098,6.565199990291148,448.71484375
900,2.3752527236938477,,0.00024913548889952497,233.07190000195988,8786.988049536554,0.30529999639838934,225.27399999671616,7.489899988286197,448.76953125
901,2.3793880939483643,,0.00024901069319456303,224.17639999184757,9135.66280872776,0.34420000156387687,218.06369998375885,5.765100009739399,448.71484375
902,2.373685598373413,,0.00024888578021672176,228.4835999889765,8963.444203867624,0.3254000039305538,218.24580000247806,9.908299980452284,448.71484375
903,2.422319173812866,,0.0002487607501403706,214.74150000722148,9537.048031848191,0.39259999175556004,210.89829999255016,3.448000003118068,448.71484375
904,2.446371078491211,,0.00024863560314004256,199.87569999648258,10246.36811796552,0.22399998852051795,194.0908000105992,5.558399978326634,448.71484375
905,2.429353713989258,,0.0002485103393904339,240.92640000162646,8500.521320976755,0.3279999946244061,234.95600000023842,5.638500006170943,448.71484375
906,2.3957676887512207,,0.00024838495906640375,229.8280000104569,8911.011712701753,0.28450001263991,221.700999973109,7.838599995011464,448.71484375
907,2.4377353191375732,,0.00024825946234297404,237.08600000827573,8638.215668274433,0.37930000689812005,229.8683999979403,6.834899977548048,448.71484375
908,2.3818724155426025,,0.00024813384939532913,220.41330000502057,9291.635304917401,0.3063000040128827,214.12150000105612,5.982000002404675,448.71484375
909,2.435486316680908,,0.0002480081203988156,219.61890000966378,9325.244775881689,0.3034999826923013,211.78740001050755,7.524799992097542,448.76953125
910,2.429630994796753,,0.00024788227552894227,214.75360001204535,9536.510679612027,0.4613000201061368,203.7410000048112,10.546599980443716,448.71484375
911,2.3729822635650635,,0.00024775631496137926,209.53699998790398,9773.930141780333,0.378400000045076,203.52170002297498,5.63299999339506,448.76953125
912,2.424736499786377,,0.00024763023887195866,234.92809999152087,8717.5608199867,0.29779999749735,225.29239999130368,9.334700007457286,448.71484375
913,2.365706443786621,,0.00024750404743667347,213.16699997987598,9607.490841421708,0.36419997923076153,208.81979999830946,3.9800000085961074,448.71484375
914,2.430842638015747,,0.00024737774083167797,206.41759998397902,9921.634590068648,0.3544999926816672,197.29369998094626,8.765399979893118,448.75390625
915,2.411687135696411,,0.00024725131923328703,189.67399999382906,10797.473560248798,0.26279999292455614,185.65709999529645,3.7514999858103693,448.75390625
916,2.394981622695923,,0.00024712478281797606,204.01290000882,10038.580893225182,0.24130000383593142,194.67269998858683,9.096099995076656,448.69140625
917,2.4368083477020264,,0.0002469981317623809,219.7071999835316,9321.496974853397,0.3183000080753118,209.42569998442195,9.958899987395853,448.69140625
918,2.3740813732147217,,0.0002468713662432972,217.05939999083057,9435.2052944333,0.3789000038523227,211.52739998069592,5.1499999826774,448.69140625
919,2.3652610778808594,,0.0002467444864376805,211.33710001595318,9690.679013980049,0.28390000807121396,205.92859998578206,5.121800000779331,448.69140625
920,2.423741102218628,,0.00024661749252264596,223.55460000107996,9161.072954840143,0.2806999837048352,217.9480000049807,5.322600016370416,448.74609375
921,2.4067587852478027,,0.00024649038467546784,256.7071999947075,7977.960883225027,0.28589999419637024,248.98779997602105,7.43030000012368,448.74609375
922,2.4201295375823975,,0.00024636316307357964,226.4052999962587,9045.724636454372,0.35519999801181257,219.85140000469983,6.1947999929543585,448.69140625
923,2.392406940460205,,0.00024623582789457346,225.1129999931436,9097.653178902938,0.45009999303147197,218.80609999061562,5.853299982845783,448.69140625
924,2.422741413116455,,0.0002461083793162001,258.603199996287,7919.46890073056,0.24300001678057015,250.0102999911178,8.347199996933341,448.69140625
925,2.389216184616089,,0.00024598081751636865,258.11910000629723,7934.321791568449,0.4073999880347401,251.44759999238886,6.259999994654208,448.69140625
926,2.4263668060302734,,0.00024585314267314606,221.83550000772811,9232.066102714189,0.4726999904960394,215.37260001059622,5.986800009850413,448.69140625
927,2.503181219100952,,0.00024572535496475737,213.1202000018675,9609.60059150683,0.2604000037536025,208.24780000839382,4.609100025845692,448.69140625
928,2.3792173862457275,,0.00024559745456958484,213.91679998487234,9573.81561497194,0.30839999089948833,208.58619999489747,5.019899981562048,448.69140625
929,2.4085161685943604,,0.00024546944166616843,201.66190000600182,10155.61194226102,0.29689999064430594,195.25530000100844,6.106299988459796,448.69140625
930,2.390221357345581,,0.0002453413164332048,222.98679998493753,9184.400153454553,0.46869998914189637,218.34539997507818,4.169099993305281,448.69140625
931,2.4065358638763428,,0.0002452130790495476,201.90219997311942,10143.524935699877,0.2830999728757888,193.76650001504458,7.849500019801781,448.74609375
932,2.427764654159546,,0.0002450847296942069,246.12900000647642,8320.839884556923,0.24580000899732113,236.84279998997226,9.0376999869477,448.74609375
933,2.4207923412323,,0.0002449562685463493,253.725199989276,8071.724842808523,0.3733999910764396,243.9048000087496,9.442799986572936,448.74609375
934,2.393724203109741,,0.0002448276957852972,237.26049999822862,8631.862446615809,0.3372000064700842,227.99449999001808,8.925400004955009,448.74609375
935,2.3988325595855713,,0.000244699011590529,214.08090001204982,9566.476971484732,0.38770001265220344,207.94630001182668,5.743500019889325,448.69140625
936,2.4343836307525635,,0.00024457021614167845,222.24539998569526,9215.038872038831,0.3591999993659556,216.14439997938462,5.738899984862655,448.69140625
937,2.3543663024902344,,0.00024444130961853483,237.47299998649396,8624.138323584062,0.2700999903026968,229.81220000656322,7.387900026515126,456.609375
938,2.38773775100708,,0.0002443122922010424,211.17160000721924,9698.273820579972,0.3251000016462058,203.88799998909235,6.955099990591407,448.69140625
939,2.41493558883667,,0.00024418316406930006,212.32990000862628,9645.367891742031,0.41340000461786985,204.26959998439997,7.6428999891504645,448.69140625
940,2.390300989151001,,0.00024405392540356144,222.6797000039369,9197.066458971303,0.2773999876808375,215.00430000014603,7.394100015517324,448.69140625
941,2.399371385574341,,0.00024392457638423447,234.12539999117143,8747.449016967947,0.3476999991107732,230.03909998806193,3.735999984201044,448.69140625
942,2.393812656402588,,0.000243795117191881,211.94639999885112,9662.820411250681,0.27379998937249184,204.11910000257194,7.5499000085983425,448.69140625
943,2.4174835681915283,,0.00024366554800721676,225.2009000221733,9094.10219851854,0.364200008334592,219.2364000075031,5.595900001935661,448.69140625
944,2.415295362472534,,0.00024353586901111103,209.03070000349544,9797.603892470115,0.2736999886110425,202.50360001227818,6.249900005059317,448.74609375
945,2.3625404834747314,,0.00024340608038458632,228.01069999695756,8982.03461516204,0.3502999898046255,222.5501999782864,5.107500008307397,448.74609375
946,2.394106388092041,,0.00024327618230881822,198.83070001378655,10300.220236905043,0.2961000136565417,191.9077000056859,6.624100002227351,448.69140625
947,2.4094033241271973,,0.00024314617496513506,206.84309999342076,9901.224648369429,0.29850000282749534,200.08450001478195,6.457499985117465,448.69140625
948,2.3793869018554688,,0.00024301605853501782,210.50539999851026,9728.966572897862,0.41370000690221786,203.8176000060048,6.270599988056347,448.69140625
949,2.461239814758301,,0.00024288583320009958,223.55379999498837,9161.105738510874,0.2877000079024583,213.16790001583286,10.09419999900274,448.69140625
950,2.408414840698242,,0.00024275549914216555,222.8033999854233,9191.96026691688,0.4131999739911407,217.25069999229163,5.135799990966916,448.69140625
951,2.389136791229248,,0.00024262505654315273,211.89900001627393,9664.981901012807,0.28780000866390765,203.57939999666996,8.029199991142377,448.69140625
952,2.375227928161621,,0.00024249450558514954,230.78790001454763,8873.948763652275,0.3183000080753118,220.11349999229424,10.351699980674312,448.74609375
953,2.418365001678467,,0.00024236384645039575,224.39160000067204,9126.901363481817,0.3606999816838652,216.1363000050187,7.89099998655729,448.69140625
954,2.3913674354553223,,0.00024223307932128216,233.77869999967515,8760.4217150786,0.2874000056181103,224.93719999329187,8.550800004741177,448.69140625
955,2.3700602054595947,,0.00024210220438035016,222.69490000326186,9196.43871489649,0.4017000028397888,216.92929998971522,5.360099981771782,448.69140625
956,2.4220657348632812,,0.00024197122181029182,215.37170000374317,9509.141637292205,0.27230000705458224,206.32750002550893,8.768300001975149,448.69140625
957,2.373685598373413,,0.00024184013179394932,212.17459999024868,9652.427765124214,0.3637000045273453,203.69760002358817,8.109799993690103,448.69140625
958,2.4026215076446533,,0.00024170893451431493,230.8072000159882,8873.206727771636,0.2764000091701746,224.3294999934733,6.197799986694008,448.69140625
959,2.419006586074829,,0.00024157763015453067,204.93330000317656,9993.49544446049,0.3077999863307923,200.02049999311566,4.601599997840822,448.75390625
960,2.423269033432007,,0.00024144621889788783,227.76410001097247,8991.759455951742,0.22680000984109938,220.28019998106174,7.254199997987598,448.76953125
961,2.3979194164276123,,0.00024131470092782713,231.02710000239313,8864.760887267275,0.3068000078201294,221.48809998179786,9.22889998764731,448.71484375
962,2.3543999195098877,,0.00024118307642793824,204.2187000042759,10028.464582122595,0.38139999378472567,197.07860000198707,6.755699985660613,448.71484375
963,2.4230501651763916,,0.0002410513455819594,232.63260000385344,8803.581269203352,0.3175000019837171,223.40869999607094,8.903300011297688,448.71484375
964,2.4181392192840576,,0.0002409195085737774,238.84629999520257,8574.551919125965,0.41649999911896884,229.0062000101898,9.418400004506111,448.71484375
965,2.4509084224700928,,0.0002407875655874273,252.78519999119453,8101.740133802689,0.42529997881501913,246.98709999211133,5.3690999920945615,448.71484375
966,2.399247884750366,,0.00024065551680709188,206.7187999782618,9907.178254785555,0.29219998396001756,200.7226999849081,5.701099988073111,448.71484375
967,2.358680009841919,,0.00024052336241710186,225.5183999950532,9081.298909733856,0.23519998649135232,221.40449998551048,3.875599999446422,448.71484375
968,2.382016181945801,,0.00024039110260193515,209.6239999809768,9769.873679473028,0.25599999935366213,203.92900001024827,5.436199979158118,448.76953125
969,2.399812698364258,,0.00024025873754621697,224.19239999726415,9135.010821174099,0.3031000087503344,220.2687000099104,3.617800015490502,448.75390625
970,2.417536497116089,,0.00024012626743471943,220.92829999746755,9269.975824842159,0.2964999875985086,211.0572000092361,9.570900001563132,448.71484375
971,2.3880820274353027,,0.00023999369245236124,216.9119000027422,9441.6212295135,0.3431999939493835,211.7736999935005,4.79149998864159,448.71484375
972,2.3558313846588135,,0.00023986101278420754,220.02179999253713,9308.168554522623,0.28730000485666096,210.42519999900833,9.306199994171038,448.71484375
973,2.429922580718994,,0.00023972822861546958,234.31830000481568,8740.24777389521,0.526399991940707,226.51109998696484,7.276999996975064,448.71484375
974,2.3835153579711914,,0.00023959534013150453,227.07679998711683,9018.975078546962,0.3358999965712428,217.9623999982141,8.774999994784594,448.75390625
975,2.4306142330169678,,0.00023946234751781508,227.93079999973997,8985.183222286485,0.45239998144097626,221.48599999491125,5.9886999952141196,448.71484375
976,2.3918449878692627,,0.00023932925096004947,244.26779997884296,8384.2405760292,0.27069999487139285,237.42679998395033,6.567699980223551,448.71484375
977,2.4168646335601807,,0.00023919605064400077,219.42129998933524,9333.642632230969,0.4746000049635768,210.9521000238601,7.9910000204108655,448.75390625
978,2.342440128326416,,0.00023906274675560712,224.94149999693036,9104.58941559449,0.31450000824406743,217.94729999965057,6.675900018308312,448.71484375
979,2.366849660873413,2.3736066102981566,0.00023892933948095114,247.37379999714904,8278.968912728846,0.301799998851493,234.75480001070537,12.313899991568178,429.66015625
980,2.4114179611206055,,0.00023879582900625975,239.19459999888204,8562.066200531166,0.2523000002838671,233.2505000231322,5.688700010068715,449.5
981,2.405761241912842,,0.00023866221551790395,221.81789999012835,9232.798615851754,0.3513999981805682,212.87000001757406,8.592900005169213,448.5
982,2.4047648906707764,,0.0002385284992023986,221.17529998649843,9259.623475700133,0.3365999727975577,214.68380000442266,6.151699984911829,448.4453125
983,2.3859481811523438,,0.00023839468024640208,211.10369998496026,9701.393202231446,0.29739999445155263,200.5539999809116,10.248799982946366,448.4453125
984,2.4101078510284424,,0.00023826075883671594,229.12850001011975,8938.215891561056,0.2625000197440386,218.7786000140477,10.084300010930747,448.4453125
985,2.417609453201294,,0.00023812673516028482,274.3782000034116,7464.149848546769,0.3403000009711832,265.03340000635944,9.00070002535358,448.5
986,2.351274013519287,,0.00023799260940419618,224.19250002712943,9135.006745329003,0.37700001848861575,215.96069997758605,7.85100000211969,448.4453125
987,2.3772101402282715,,0.00023785838175567988,217.0019000186585,9437.705383334924,0.28150001890026033,208.71479998459108,8.002499991562217,448.4453125
988,2.425170421600342,,0.00023772405240210813,214.29420000640675,9556.954877634444,0.2505999873392284,208.5672999965027,5.473800003528595,448.4453125
989,2.3924200534820557,,0.00023758962153099488,209.2780000239145,9786.026241487267,0.24480000138282776,200.60040001408197,8.429700013948604,448.4453125
990,2.4167726039886475,,0.00023745508932999611,215.76500000082888,9491.80821723696,0.28050001128576696,210.1414000208024,5.340400006389245,448.4453125
991,2.342181921005249,,0.00023732045598690897,219.62180000264198,9325.12164081782,0.3764999855775386,212.99190001445822,6.250400008866563,448.4453125
992,2.3931968212127686,,0.00023718572168967203,231.13179998472333,8860.745255024893,0.307999987853691,225.4360000079032,5.385299999034032,448.5
993,2.4025204181671143,,0.00023705088662636452,226.71759998775087,9033.264290512292,0.2837000065483153,219.61759999976493,6.813299987697974,448.4453125
994,2.371098279953003,,0.00023691595098520663,202.94260000810027,10091.523415577882,0.29090000316500664,196.43359998008236,6.21530000353232,448.5
995,2.377497434616089,,0.00023678091495455872,214.16090001002885,9562.90340535595,0.2786999975796789,206.17779999156483,7.701700000325218,449.30078125
996,2.369837522506714,,0.00023664577872292141,198.13239999348298,10336.522446946403,0.3179999766871333,186.69410000438802,11.116299981949851,449.30859375
997,2.421956777572632,,0.0002365105424789351,226.88629999174736,9026.54765878104,0.3065000055357814,218.8334000238683,7.743099995423108,449.24609375
998,2.414483070373535,,0.0002363752064113798,221.29380001570098,9254.665064519171,0.40600000647827983,215.03789999405853,5.846199986990541,449.30859375
999,2.3452024459838867,,0.00023623977070917507,254.8372000164818,8036.503304335254,0.4723000165540725,246.2672000110615,8.094299992080778,449.26953125
1000,2.3705193996429443,,0.00023610423556137932,201.67909999145195,10154.745831803113,0.30330001027323306,195.71340002585202,5.659499991452321,449.26953125
1001,2.397425889968872,,0.0002359686011571898,196.15720000001602,10440.605799837236,0.28440001187846065,190.79260001308285,5.077699985122308,449.32421875
1002,2.3801517486572266,,0.0002358328676859425,203.57729998067953,10060.06072481738,0.2605999761726707,199.05399999697693,4.260299989255145,449.26953125
1003,2.375349283218384,,0.00023569703533711148,203.57039998634718,10060.401709371072,0.21469997591339052,200.37140001659282,2.9820000054314733,449.32421875
1004,2.400689125061035,,0.0002355611043003089,205.90450000599958,9946.358627132122,0.2528000040911138,201.4879999915138,4.161599994404241,449.26953125
1005,2.379711389541626,,0.00023542507476528477,206.3987999863457,9922.538309987682,0.30929999775253236,197.29959999676794,8.78599999123253,449.26953125
1006,2.3748931884765625,,0.0002352889469219265,229.80430000461638,8911.930716522098,0.27940000290982425,220.58210000977851,8.939599996665493,449.26953125
1007,2.433790922164917,,0.00023515272096025878,217.77710001333617,9404.110899973346,0.31990002025850117,209.40260001225397,8.051399985561147,449.26953125
1008,2.443260908126831,,0.00023501639707044323,220.74360001715831,9277.73217362048,0.28150001890026033,216.68959999806248,3.770100011024624,449.26953125
1009,2.4223263263702393,,0.0002348799754427782,231.65110000991262,8840.881825781806,0.2610000083222985,222.45859997929074,8.928499999456108,449.26953125
1010,2.4218320846557617,,0.00023474345626769839,199.75030000205152,10252.800621470737,0.36619999445974827,188.70450000395067,10.67489999695681,449.26953125
1011,2.3713717460632324,,0.00023460683973577484,222.58940001484007,9200.797521640561,0.44040000648237765,213.31160000409,8.833900006720796,449.26953125
1012,2.366178274154663,,0.0002344701260377143,215.1294999930542,9519.847348067666,0.3538000164553523,208.95800000289455,5.814700009068474,449.26953125
1013,2.3861844539642334,,0.0002343333153643593,234.65790000045672,8727.598772493975,0.42910000775009394,224.42120002233423,9.80390000040643,449.32421875
1014,2.400081157684326,,0.0002341964079066877,235.3657000057865,8701.352830721085,0.46270000166259706,231.0192000004463,3.8798000023234636,449.26953125
1015,2.3689210414886475,,0.00023405940385581243,217.31040001031943,9424.307349775927,0.27940000290982425,207.6490999897942,9.378400020068511,449.26953125
1016,2.3556525707244873,,0.00023392230340298133,232.30730000068434,8815.90892750235,0.34169998252764344,225.81830000854097,6.144299986772239,457.296875
1017,2.379197120666504,,0.00023378510673957668,229.97290000785142,8905.397113877678,0.33260000054724514,223.7044999783393,5.9324000030756,449.36328125
1018,2.3734066486358643,,0.00023364781405711517,198.66530000581406,10308.795748125436,0.5028000159654766,191.7851000034716,6.373999989591539,449.26953125
1019,2.390918493270874,,0.00023351042554724754,214.8853000253439,9530.665893657946,0.2914000069722533,209.49670000118203,5.094499996630475,449.26953125
1020,2.32832932472229,,0.00023337294140175825,220.05599999101833,9306.721925707956,0.36669999826699495,210.37840002099983,9.307300002546981,449.26953125
1021,2.381396770477295,,0.0002332353618125653,203.25449999654666,10076.037677073797,0.3859999997075647,197.48210001853295,5.383600015193224,449.26953125
1022,2.361856460571289,,0.00023309768697171975,200.29760000761598,10224.785518758728,0.45560000580735505,193.79010002012365,6.048400013241917,449.26953125
1023,2.4085044860839844,,0.00023295991707140593,216.3037999998778,9468.164683196304,0.23790000705048442,209.28229999844916,6.780499999877065,449.26953125
1024,2.373640298843384,,0.00023282205230394063,193.888900015736,10562.750110159914,0.2967000182252377,190.51549999858253,3.073900006711483,449.26953125
1025,2.3774595260620117,,0.00023268409286177308,187.05020000925288,10948.932425085302,0.26279999292455614,181.00730000878684,5.777499987743795,449.26953125
1026,2.3892159461975098,,0.00023254603893748483,212.0262999960687,9659.179073718558,0.3175000019837171,206.07449999079108,5.631100008031353,449.32421875
1027,2.424689292907715,,0.0002324078907237892,202.7855000051204,10099.341422085343,0.43700000969693065,193.5873000184074,8.75790001009591,449.26953125
1028,2.388819694519043,,0.00023226964841353116,207.78540000901558,9856.32291735194,0.3563000063877553,200.98250001319684,6.443599995691329,449.26953125
1029,2.3742191791534424,,0.00023213131219968695,230.90689998934977,8869.375493302543,0.53039999329485,223.34709999267943,7.025599974440411,449.26953125
1030,2.391231060028076,,0.000231992882275364,217.62169999419712,9410.826218408412,0.3065000055357814,214.43329998874106,2.879299980122596,449.26953125
1031,2.449551820755005,,0.00023185435883380057,209.7696000128053,9763.092458940573,0.2516999957151711,200.46610001008958,9.04830000945367,449.26953125
1032,2.41011905670166,,0.00023171574206836535,222.13759997976013,9219.51079054875,0.38129999302327633,212.90290000615641,8.850100013660267,449.32421875
1033,2.3407623767852783,,0.00023157703217255738,206.05930002056994,9938.886523420966,0.3118000167887658,201.46050001494586,4.284299997380003,449.26953125
1034,2.4312593936920166,,0.0002314382293400057,212.43829999002628,9640.446191181869,0.24399999529123306,206.85539999976754,5.336400005035102,449.26953125
1035,2.419945001602173,,0.00023129933376446905,198.1101999990642,10337.680745411766,0.3076000139117241,194.37689997721463,3.4232999896630645,449.26953125
1036,2.4167003631591797,,0.00023116034563983566,196.5861000062432,10417.827099347101,0.22600000374950469,188.20390000473708,8.153700007824227,449.26953125
1037,2.356863498687744,,0.000231021265160123,217.97160001005977,9395.71944191574,0.3634000022429973,210.09859998594038,7.506299996748567,449.24609375
1038,2.367798089981079,,0.0002308820925194773,200.5492000025697,10211.957963301566,0.27740001678466797,193.43649997608736,6.832300015958026,449.30859375
1039,2.45343017578125,,0.00023074282791217367,229.7693000000436,8913.28824172599,0.2865999995265156,223.78920001210645,5.69089999771677,449.32421875
1040,2.4094114303588867,,0.00023060347153261538,202.19330000691116,10128.921185469535,0.39430000470019877,196.03650001226924,5.759599996963516,449.26953125
1041,2.3690996170043945,,0.00023046402357533393,217.37369999755174,9421.562958274466,0.26760000037029386,207.93659999617375,9.165800001937896,449.26953125
1042,2.3755626678466797,,0.00023032448423498865,228.46829998889007,8964.044465247869,0.34070000401698053,222.53519998048432,5.589700012933463,449.32421875
1043,2.417104959487915,,0.00023018485370636637,197.14269999531098,10388.414077968453,0.43269997695460916,190.13709999853745,6.569099990883842,449.26953125
1044,2.3691322803497314,,0.0002300451321843813,211.5912000008393,9679.04147238579,0.37739999243058264,207.48360001016408,3.727300005266443,449.26953125
1045,2.42753529548645,,0.00022990531986407463,194.294799992349,10540.683539037827,0.22029998945072293,190.10969999362715,3.959099994972348,449.32421875
1046,2.4275217056274414,,0.00022976541694061424,209.92620001197793,9755.809421992803,0.28160001966170967,202.58509999257512,7.056700007524341,449.26953125
1047,2.3556690216064453,,0.00022962542360929454,234.0810000023339,8749.108214590593,0.23370000417344272,225.4157999996096,8.428500004811212,449.26953125
1048,2.3822755813598633,,0.00022948534006553623,223.72149999137037,9154.238640805634,0.4105999832972884,216.77609998732805,6.530599988764152,449.32421875
1049,2.439718246459961,,0.00022934516650488577,235.45509998803027,8698.049012759177,0.3328000020701438,229.67050000443123,5.448800016893074,449.26953125
1050,2.406609058380127,,0.00022920490312301541,201.78770000347868,10149.280654691509,0.3911999810952693,197.63760000932962,3.7558000185526907,449.32421875
1051,2.346559762954712,,0.00022906455011572266,192.40219998755492,10644.368932020892,0.2609000075608492,182.62600002344698,9.512199991149828,449.26953125
1052,2.388672113418579,,0.00022892410767893029,196.359499997925,10429.84933258458,0.3237999917473644,190.42009999975562,5.612900014966726,449.26953125
1053,2.376342535018921,,0.00022878357600868577,226.42969997832552,9044.749872459488,0.23249999503605068,218.37649997905828,7.818000012775883,449.26953125
1054,2.381915807723999,,0.00022864295530116124,216.78940000128932,9446.956354820944,0.3570999833755195,207.9164999886416,8.512500004144385,449.26953125
1055,2.3850183486938477,,0.00022850224575265307,210.8338999969419,9713.807883977413,0.3668999997898936,204.4146000116598,6.048800016287714,449.26953125
1056,2.3758487701416016,,0.00022836144755958166,231.3121999904979,8853.834774318562,0.32550000469200313,222.9706000071019,8.013099984964356,449.32421875
1057,2.3486380577087402,,0.0002282205609184912,209.1727999795694,9790.94796359773,0.30590000096708536,199.01450001634657,9.84840001910925,449.26953125
1058,2.3531408309936523,,0.00022807958602604915,231.75370000535622,8836.967866975445,0.3630999999586493,221.03280000737868,10.353599995141849,449.33203125
1059,2.338153600692749,,0.00022793852307904645,221.8756999936886,9230.393414232638,0.4839999892283231,214.65859998716041,6.727800006046891,449.30859375
1060,2.423090696334839,,0.00022779737227439676,256.99799999711104,7968.933610467871,0.3040000156033784,248.47310001496226,8.217800001148134,449.30859375
1061,2.4017045497894287,,0.00022765613380913645,265.1340000156779,7724.3959653567545,0.35180000122636557,257.697900000494,7.078900001943111,449.30859375
1062,2.3962509632110596,,0.00022751480788042426,225.47340000164695,9083.111355863,0.4034999874420464,218.08049999526702,6.985499989241362,449.30859375
1063,2.367213726043701,,0.00022737339468554104,219.4893999840133,9330.746724667195,0.38139999378472567,214.1455999808386,4.959299985785037,449.30859375
1064,2.387209415435791,,0.00022723189442188936,219.55749997869134,9327.852613546629,0.30169999809004366,212.49190001981333,6.7610000260174274,449.30859375
1065,2.37518310546875,,0.00022709030728699345,244.12639997899532,8389.096796480062,0.3166999958921224,237.210999999661,6.595800019567832,449.36328125
1066,2.3941948413848877,,0.00022694863347849878,218.44789999886416,9375.2331792187,0.3268999862484634,212.18179998686537,5.936600005952641,449.36328125
1067,2.3741629123687744,,0.00022680687319417167,217.6880000042729,9407.960015985267,0.32530000316910446,208.79890001378953,8.560099988244474,449.36328125
1068,2.3906569480895996,,0.00022666502663189938,219.1815999976825,9343.850031305796,0.33239999902434647,209.7596999956295,9.086299978662282,449.30859375
1069,2.332794427871704,,0.00022652309398968947,197.66030000755563,10361.210622070868,0.2963000151794404,193.19160000304691,4.169499996351078,449.30859375
1070,2.4017975330352783,,0.0002263810754656697,210.52560000680387,9728.03307499806,0.26790000265464187,203.49859999259934,6.755600014002994,449.30859375
1071,2.5047504901885986,,0.00022623897125808768,214.5732999779284,9544.52394687812,0.40669998270459473,207.644199981587,6.518700014567003,449.30859375
1072,2.3709139823913574,,0.0002260967815653107,221.7806999979075,9234.347262946338,0.32479999936185777,213.68990000337362,7.762900000670925,449.30859375
1073,2.339632749557495,,0.00022595450658582532,220.96930001862347,9268.255815750843,0.3203000233042985,216.54080000007525,4.105300002265722,449.30859375
1074,2.39542818069458,,0.00022581214651823706,222.47179999249056,9205.661122304622,0.33310000435449183,216.53579999110661,5.599099997198209,449.36328125
1075,2.3520541191101074,,0.00022566970156127046,232.38979998859577,8812.779218797481,0.2803000097628683,223.91969998716377,8.185699989553541,449.36328125
1076,2.412760019302368,,0.00022552717191376837,223.14850002294406,9177.74486402295,0.28639999800361693,216.39000001596287,6.469100015237927,449.36328125
1077,2.3908586502075195,,0.00022538455777469196,234.7423000028357,8724.460823529718,0.37480000173673034,223.73980001430027,10.62310000997968,449.30859375
1078,2.3664326667785645,,0.00022524185934312026,225.76809997553937,9071.254974559686,0.387999985832721,218.34069999749772,7.035900023765862,449.3125
1079,2.3839290142059326,,0.00022509907681825004,216.35719999903813,9465.827807020542,0.3080999886151403,212.16900000581518,3.8772000116296113,449.3125
1080,2.3635096549987793,,0.0002249562103993953,209.55179998418316,9773.239839288337,0.2722999779507518,200.8034000173211,8.473399997456,457.3984375
1081,2.352705240249634,,0.00022481326028598748,199.35169999371283,10273.30090520718,0.2654000127222389,192.75330001255497,6.330599979264662,449.3671875
1082,2.3370280265808105,,0.00022467022667757447,213.12179998494685,9609.528448730509,0.3093999985139817,209.22319998499006,3.586100006941706,449.3671875
1083,2.372398853302002,,0.000224527109773821,235.95030000433326,8679.79400730742,0.2784999960567802,229.57619998487644,6.092900002840906,449.3671875
1084,2.348012924194336,,0.00022438390977450788,200.1176000048872,10233.982418088086,0.37200000951997936,194.51719999779016,5.2244999969843775,449.3671875
1085,2.3487117290496826,,0.0002242406268795321,218.62500000861473,9367.638650288394,0.4130000015720725,209.24689999083057,8.961099985754117,449.3671875
1086,2.3723719120025635,,0.00022409726128890618,236.70489998767152,8652.12338277183,0.37299998803064227,225.9436000022106,10.370100004365668,449.3671875
1087,2.3663337230682373,,0.00022395381320275819,235.54560000775382,8694.70709676845,0.3761000116355717,231.66210000636056,3.504599997540936,449.3671875
1088,2.360081195831299,,0.00022381028282133134,211.93699998548254,9663.248985029919,0.23059998056851327,202.5316999934148,9.171799989417195,449.3671875
1089,2.3418502807617188,,0.00022366667034498367,206.21269999537617,9931.493065392779,0.36899998667649925,199.84529999783263,5.9946000110358,449.421875
1090,2.383721351623535,,0.00022352297597418795,212.0487000211142,9658.158714465477,0.30440001864917576,202.8777999803424,8.863099996233359,449.3671875
1091,2.429452657699585,,0.0002233791999095311,216.16009998251684,9474.458978163146,0.25969999842345715,205.52229997701943,10.374600009527057,449.3671875
1092,2.3796942234039307,,0.00022323534235171416,219.48960001464002,9330.738221143041,0.37620001239702106,212.86450000479817,6.245399999897927,449.421875
1093,2.366427183151245,,0.0002230914035015519,229.21049999422394,8935.018247644019,0.2767999831121415,221.5186000103131,7.412200007820502,449.3671875
1094,2.3507375717163086,,0.0002229473835599727,220.58399999514222,9284.44492821375,0.27069999487139285,215.00180001021363,5.3084999963175505,449.3671875
1095,2.3674471378326416,,0.00022280328272801788,200.3305999969598,10223.10121384891,0.2930999908130616,190.93129999237135,9.102999989409,449.3671875
1096,2.3978898525238037,,0.00022265910120684195,231.7955000034999,8835.374284526995,0.384899991331622,225.2172000007704,6.189900013851002,449.421875
1097,2.379000663757324,,0.00022251483919771185,235.27309999917634,8704.777554285509,0.33000000985339284,228.30779998912476,6.63170000188984,449.3671875
1098,2.4064712524414062,,0.00022237049690200706,216.66529998765327,9452.36731547094,0.3512999974191189,206.06949998182245,10.240999981760979,449.3671875
1099,2.417052984237671,,0.00022222607452121896,214.11150001222268,9565.109767028342,0.3071000101044774,207.38980002352037,6.411100010154769,449.3671875
1100,2.407135486602783,,0.00022208157225695073,252.66430000192486,8105.616820359654,0.27570000384002924,246.8646999914199,5.521099985344335,449.3671875
1101,2.3679420948028564,,0.00022193699031091725,201.42060000216588,10167.778270832168,0.28979999478906393,192.67829999444075,8.44949999009259,449.30859375
1102,2.3691530227661133,,0.00022179232888494449,203.5872999986168,10059.566584035028,0.2998000127263367,194.60300001082942,8.681299979798496,449.328125
1103,2.3640756607055664,,0.00022164758818096932,202.25440000649542,10125.861291196772,0.3341999836266041,193.61869999556802,8.297799999127164,449.3828125
1104,2.432868242263794,,0.00022150276840103932,224.11809998448007,9138.03927546156,0.2749999985098839,214.52769997995347,9.311500005424023,449.328125
1105,2.376883029937744,,0.00022135786974731262,236.33650000556372,8665.610263128154,0.4112000169698149,229.40860001835972,6.513000000268221,449.328125
1106,2.292816638946533,,0.00022121289242205721,243.77860000822693,8401.06555674241,0.29570001061074436,237.29329998604953,6.186399987200275,449.3828125
1107,2.4049339294433594,,0.00022106783662765103,236.52299999957904,8658.777370503693,0.33260000054724514,225.09130000253208,11.094999994384125,449.328125
1108,2.3547346591949463,,0.00022092270256658146,225.775099999737,9070.973725633985,0.34410000080242753,216.66559998993762,8.76219998463057,449.3828125
1109,2.445483922958374,,0.00022077749044144529,206.07630000449717,9938.06662850268,0.2796000044327229,200.52949999808334,5.264599982183427,449.328125
1110,2.3385026454925537,,0.0002206322004549481,205.77030000276864,9952.845478538176,0.26080000679939985,198.31649999832734,7.188900024630129,449.3828125
1111,2.4280123710632324,,0.0002204868328099043,218.27949999715202,9382.46605854751,0.29460000223480165,212.32120000058785,5.6607000005897135,449.328125
1112,2.3841192722320557,,0.0002203413877092367,196.01690000854433,10448.078711125052,0.30169999809004366,189.3192999996245,6.392300012521446,449.328125
1113,2.41367506980896,,0.0002201958653559761,233.25359998852946,8780.143157922163,0.33129999064840376,222.60349997668527,10.31499999226071,449.328125
1114,2.387798547744751,,0.00022005026595326132,240.56999999447726,8513.114686149627,0.37299998803064227,236.3228999893181,3.8708999927621335,449.328125
1115,2.3398120403289795,,0.0002199045897043386,221.89210000215098,9229.71119737993,0.2648000081535429,214.84150001197122,6.781800009775907,449.328125
1116,2.419070243835449,,0.00021975883681256146,240.35279999952763,8520.807745963537,0.27730001602321863,233.47919998923317,6.593000027351081,449.328125
1117,2.362628936767578,,0.00021961300748139047,230.66629999084398,8878.626830539584,0.26909998268820345,225.13579999213107,5.258999997749925,449.328125
1118,2.355506181716919,,0.0002194671019143929,229.23420000006445,8934.094476301634,0.3030999796465039,218.69290000176989,10.234400018816814,449.328125
1119,2.391568660736084,2.338792598247528,0.00021932112031524244,205.51509998040274,9965.204504171668,0.3609999839682132,198.9037999883294,6.247500015888363,423.28515625
1120,2.3447208404541016,,0.00021917506288771882,215.0512000080198,9523.313517541985,0.17750001279637218,209.11739999428391,5.754099984187633,474.16796875
1121,2.388690233230591,,0.00021902892983570774,235.46320002060384,8697.749796234795,0.31380000291392207,228.48059999523684,6.666000001132488,474.73046875
1122,2.3664679527282715,,0.0002188827213632004,206.79970001219772,9903.302567069499,0.28559999191202223,198.68729999870993,7.823599997209385,474.73046875
1123,2.3804869651794434,,0.00021873643767429332,197.29710000683554,10380.284352527458,0.39000000106170774,191.64169998839498,5.262499995296821,474.66796875
1124,2.397190809249878,,0.00021859007897318797,179.89540001144633,11384.39337453704,0.25599999935366213,176.69379999279045,2.9436000040732324,474.3203125
1125,2.362800359725952,,0.00021844364546419056,208.37599999504164,9828.387146546303,0.3330000035930425,200.4183999961242,7.621000026119873,477.2578125
1126,2.401782512664795,,0.00021829713735171176,192.19289999455214,10655.96075639658,0.2761000068858266,183.243700012099,8.670200011692941,474.2578125
1127,2.3393447399139404,,0.00021815055484026636,220.8282999927178,9274.173645622126,0.2956999815069139,213.97820001584478,6.551800004672259,474.2578125
1128,2.3511033058166504,,0.00021800389813447294,257.23950000246987,7961.452265224961,0.3192000149283558,247.2342000110075,9.682000003522262,474.2578125
1129,2.294023275375366,,0.00021785716743905374,242.65319999540225,8440.028814945796,0.37510000402107835,234.44390000076964,7.830799993826076,474.2578125
1130,2.3737339973449707,,0.0002177103629588342,218.781300005503,9360.94629636302,0.27310001314617693,211.1090999969747,7.396000000881031,474.2578125
1131,2.341257333755493,,0.00021756348489874287,205.58430001256056,9961.85019904182,0.3473999968264252,199.4375000067521,5.7966000167652965,474.2578125
1132,2.3534996509552,,0.0002174165334638109,183.9161999814678,11135.506280612395,0.30590000096708536,176.81450000964105,6.792700005462393,474.2578125
1133,2.3573083877563477,,0.0002172695088591719,233.01589998300187,8789.099800268557,0.33389998134225607,228.58399999677204,4.0951000119093806,474.2578125
1134,2.4287757873535156,,0.00021712241129006173,198.727000009967,10305.595112376697,0.3006999904755503,188.87300000642426,9.550099988700822,474.296875
1135,2.3581979274749756,,0.00021697524096181788,209.7448999993503,9764.242181842532,0.37560000782832503,201.79880000068806,7.567499997094274,474.2578125
1136,2.402744770050049,,0.00021682799807987965,194.37790001393296,10536.177208690906,0.3532000118866563,188.57729999581352,5.444300011731684,482.08984375
1137,2.3570430278778076,,0.0002166806828497874,181.68849998619407,11272.039783231305,0.28509998810477555,174.8887999856379,6.511400017188862,474.05859375
1138,2.3874599933624268,,0.0002165332954771826,208.6600000038743,9815.010064037064,0.3305000136606395,202.57090000086464,5.756200000178069,474.05859375
1139,2.3742947578430176,,0.0002163858361678075,226.082499983022,9058.640098874515,0.26519998209550977,216.73280000686646,9.081399999558926,474.05859375
1140,2.288710832595825,,0.0002162383051275046,198.8664999953471,10298.365989484992,0.3887999919243157,194.5500000147149,3.9252000278793275,474.05859375
1141,2.380603075027466,,0.0002160907025622166,233.80629997700453,8759.387579382705,0.25359998107887805,225.06769999745302,8.482000004732981,474.05859375
1142,2.3353660106658936,,0.00021594302867798614,243.6784000019543,8404.520055875182,0.3667999990284443,235.3597000183072,7.948300015414134,474.05859375
1143,2.3223230838775635,,0.00021579528368095524,229.58939999807626,8920.272451677474,0.3254000039305538,218.46809997805394,10.792399989441037,474.05859375
1144,2.3950369358062744,,0.0002156474677773653,197.51840000390075,10368.654261879168,0.4042999935336411,191.12559998757206,5.9852999984286726,474.05859375
1145,2.370384454727173,,0.0002154995811735567,211.16560001973994,9698.54938403107,0.3422000154387206,205.27070001116954,5.549699999392033,474.05859375
1146,2.3416407108306885,,0.00021535162407596852,195.177399989916,10493.018147110328,0.2232999831903726,188.5865000076592,6.365199980791658,474.05859375
1147,2.411553144454956,,0.00021520359669113817,204.8938000225462,9995.422017526354,0.2856000210158527,201.00790000287816,3.5977000079583377,474.05859375
1148,2.4120075702667236,,0.00021505549922570124,194.90649999352172,10507.60236353365,0.24579997989349067,188.0165000038687,6.641499989200383,474.05859375
1149,2.3483352661132812,,0.00021490733188639108,200.12770002358593,10233.465930796357,0.3229000139981508,195.16869998187758,4.633200005628169,474.05859375
1150,2.376291513442993,,0.00021475909488003872,180.51880001439713,11345.078738816475,0.3524000057950616,174.57249999279156,5.591399996774271,474.05859375
1151,2.359785795211792,,0.00021461078841357228,196.47840000106953,10423.53765090133,0.23019997752271593,189.7342000156641,6.511100014904514,474.05859375
1152,2.344801902770996,,0.00021446241269401693,214.59350001532584,9543.625505216774,0.2893999917432666,211.57919999677688,2.722300007008016,474.05859375
1153,2.362149238586426,,0.0002143139679284945,214.95779999531806,9527.451434861201,0.25400001322850585,205.36719998926856,9.333499998319894,474.05859375
1154,2.3231730461120605,,0.00021416545432422317,230.23080002167262,8895.421463189168,0.4450000124052167,220.12129999347962,9.660999989137053,474.05859375
1155,2.3595781326293945,,0.00021401687208851726,208.9986999926623,9799.10401390967,0.37090000114403665,203.4189999976661,5.205699999351054,474.05859375
1156,2.3804574012756348,,0.0002138682214287869,183.18080002791248,11180.21102477952,0.3991000121459365,176.69930000556633,6.079800019506365,474.05859375
1157,2.4043869972229004,,0.0002137195025525377,201.68800000101328,10154.297727131563,0.34210001467727125,196.27380001475103,5.069299979368225,474.0
1158,2.372509002685547,,0.00021357071566737042,205.33130000694655,9974.12474343032,0.284800014924258,194.96139997499995,10.081099986564368,474.01953125
1159,2.3628909587860107,,0.0002134218609809809,214.41690000938252,9551.485913239036,0.375000003259629,208.40570001746528,5.633299995679408,474.01953125
1160,2.3565471172332764,,0.0002132729387011596,216.477699985262,9460.558755656724,0.3734000201802701,211.7106999794487,4.3904999911319464,474.01953125
1161,2.3930840492248535,,0.0002131239490357913,211.21310000307858,9696.36826489526,0.31980001949705184,201.8415000056848,9.048699983395636,474.01953125
1162,2.3971543312072754,,0.00021297489219285475,220.77430001809262,9276.44204888053,0.36219999310560524,210.48130001872778,9.927300008712336,474.01953125
1163,2.339059829711914,,0.0002128257683804227,216.76680000382476,9447.941289735623,0.33489998895674944,209.2801000108011,7.14880001032725,474.01953125
1164,2.375277280807495,,0.00021267657780666118,223.20769997895695,9175.310709232148,0.23380000493489206,213.76969999982975,9.201400011079386,474.01953125
1165,2.3816721439361572,,0.00021252732067982946,189.57469999440946,10803.129320845004,0.3597000031732023,185.97719998797402,3.2347999804187566,474.01953125
1166,2.3543953895568848,,0.00021237799720827982,204.4844999909401,10015.429042742793,0.21070000366307795,199.62710002437234,4.644200002076104,474.01953125
1167,2.3679823875427246,,0.00021222860760045705,180.5811999947764,11341.158437640472,0.27609997778199613,175.16410001553595,5.1386000122874975,474.01953125
1168,2.3715877532958984,,0.00021207915206489827,195.33109999611042,10484.761515400165,0.3301000106148422,188.95869998959824,6.039300002157688,474.01953125
1169,2.3929338455200195,,0.00021192963081023269,240.62180001055822,8511.282019792621,0.26210001669824123,231.02680000010878,9.329799999250099,474.01953125
1170,2.3906118869781494,,0.00021178004404518114,222.256799985189,9214.566214111232,0.4351999959908426,213.68549999897368,8.132100017974153,474.01953125
1171,2.3491783142089844,,0.00021163039197855604,208.55690000462346,9819.862109355281,0.39030000334605575,200.70089999353513,7.462699984898791,474.01953125
1172,2.331549644470215,,0.00021148067481926086,224.95900001376867,9103.881151119322,0.36040000850334764,215.79689998179674,8.798399998340756,474.01953125
1173,2.301306962966919,,0.00021133089277629007,214.49139999458566,9548.168365033269,0.37560000782832503,205.23880000109784,8.873599988874048,474.01953125
1174,2.399442434310913,,0.00021118104605872843,197.24519998999313,10383.015658195493,0.35879999632015824,193.0887999769766,3.795099997660145,474.01953125
1175,2.350414276123047,,0.0002110311348757514,194.24149999395013,10543.575909698944,0.24530000519007444,185.0196000013966,8.973699994385242,474.01953125
1176,2.3780229091644287,,0.000210881159436624,212.94479997595772,9617.51590192025,0.3407999756745994,204.23080000909977,8.369800023501739,474.01953125
1177,2.349468469619751,,0.00021073111995070128,220.53050002432428,9286.697303883624,0.3738000232260674,214.99200002290308,5.16200001584366,474.01953125
1178,2.3597943782806396,,0.00021058101662742746,195.76689999666996,10461.421210811617,0.3079000161960721,189.59460000041872,5.861799989361316,474.01953125
1179,2.39951229095459,,0.00021043084967633607,223.10299999662675,9179.616589785728,0.31239999225363135,215.9990999789443,6.788300001062453,474.01953125
1180,2.3331298828125,,0.00021028061930704927,198.39989999309182,10322.585848436971,0.24470000062137842,195.00949999201111,3.143299982184544,474.01953125
1181,2.377139091491699,,0.0002101303257292779,228.06920000584796,8979.730713079569,0.2710000262595713,219.85160000622272,7.9434999788645655,474.01953125
1182,2.346095561981201,,0.000209979969152821,201.92019999376498,10142.62069898524,0.26050000451505184,196.72669999999925,4.9303999985568225,474.01953125
1183,2.3622829914093018,,0.00020982954978756544,194.78109999909066,10514.367153741103,0.368200009688735,186.44810002297163,7.961900002555922,474.01953125
1184,2.370495319366455,,0.00020967906784348587,197.54049999755807,10367.494260798756,0.32690001535229385,190.47540001338348,6.735300004947931,474.01953125
1185,2.3435757160186768,,0.00020952852353064427,190.40550000499934,10755.991817180844,0.26220001745969057,184.12679998436943,6.013599981088191,474.01953125
1186,2.3546173572540283,,0.00020937791705918958,215.36910001304932,9509.256434074854,0.2623999898787588,206.66940000955947,8.434100018348545,474.01953125
1187,2.354936361312866,,0.0002092272486393577,194.17110001086257,10547.39865966371,0.4005999944638461,188.5865000076592,5.18120001652278,474.01953125
1188,2.311291217803955,,0.00020907651848147085,206.61729999119416,9912.045119587197,0.30559999868273735,198.70219999575056,7.60650000302121,474.01953125
1189,2.3760483264923096,,0.00020892572679593748,236.7952999775298,8648.820311021125,0.245299976086244,226.6941000125371,9.85270002274774,474.01953125
1190,2.3094871044158936,,0.00020877487379325192,235.61879998305812,8692.00590168212,0.5001999961677939,229.52860000077635,5.587000021478161,474.01953125
1191,2.3263731002807617,,0.0002086239596839941,227.3488000209909,9008.18477955859,0.26240001898258924,221.54269999009557,5.5410999921150506,474.01953125
1192,2.3679726123809814,,0.00020847298467882927,221.83629998471588,9232.032810415174,0.45259998296387494,216.19380000629462,5.186499998671934,474.01953125
1193,2.3041892051696777,,0.00020832194898850762,196.05239998782054,10446.18683641327,0.32599997939541936,189.2736000008881,6.450199987739325,474.01953125
1194,2.3729074001312256,,0.00020817085282386416,207.09109999006614,9889.367530030211,0.24839999969117343,202.06469998811372,4.775700013851747,474.01953125
1195,2.34329891204834,,0.00020801969639581822,188.6514000070747,10856.002128387052,0.32289998489432037,184.39149999176152,3.933800006052479,474.01953125
1196,2.3320915699005127,,0.00020786847991537333,218.08669998426922,9390.760647704441,0.23770000552758574,210.12820000760257,7.718099979683757,474.01953125
1197,2.3268017768859863,,0.00020771720359361674,206.31469998625107,9926.583031342312,0.38380001205950975,199.593500001356,6.334300007438287,474.01953125
1198,2.333414316177368,,0.0002075658676417194,207.96729999710806,9847.70201867543,0.2789999998640269,202.6725999894552,5.0131999887526035,474.01953125
1199,2.300758123397827,,0.0002074144722709353,221.7794999887701,9234.397228344826,0.35730001400224864,213.3670000184793,8.051900018472224,474.01953125
1200,2.367600917816162,,0.00020726301769260157,226.26280001713894,9051.4216205442,0.2895000216085464,220.4867000109516,5.483899993123487,482.05078125
1201,2.3461506366729736,,0.0002071115041181378,200.55670000147074,10211.57607791204,0.2896000223699957,193.4015000006184,6.8626000138465315,474.01953125
1202,2.3800711631774902,,0.00020695993175904613,185.5535999929998,11037.242069554364,0.40019999141804874,178.58310000156052,6.567399977939203,474.01953125
1203,2.324817419052124,,0.0002068083008269106,210.4045000160113,9733.632122146399,0.37170000723563135,201.98969999910332,8.039799984544516,474.01953125
1204,2.3500053882598877,,0.00020665661153339713,206.86429998022504,9900.209945339899,0.3218000056222081,200.79900001292117,5.740100023103878,474.01953125
1205,2.3343660831451416,,0.000206504864090253,204.93149998947047,9993.583222224146,0.26470000739209354,198.1845000118483,6.479599978774786,474.01953125
1206,2.3113794326782227,,0.00020635305870930672,209.3491000123322,9782.702671658764,0.39500001003034413,201.1220999993384,7.828900008462369,474.01953125
1207,2.336211919784546,,0.0002062011956024677,193.9352999906987,10560.222920212173,0.39209998794831336,185.4672999761533,8.072700002230704,474.01953125
1208,2.373922348022461,,0.00020604927498172584,229.43860001396388,8926.135357674588,0.3173000004608184,220.29810000094585,8.819799986667931,474.01953125
1209,2.321627140045166,,0.0002058972970591515,217.35069999704137,9422.55994587493,0.44299999717622995,206.87669998733327,10.027099982835352,474.01953125
1210,2.3626325130462646,,0.0002057452620468948,207.272900006501,9880.693520164796,0.34160001087002456,199.02979998732917,7.898499985458329,474.01953125
1211,2.325908660888672,,0.00020559317015718577,209.49430001201108,9775.922303769508,0.2969999914057553,199.9808000109624,9.213200013618916,474.01953125
1212,2.3619675636291504,,0.0002054410216023337,220.38250000332482,9292.933876188457,0.47759999870322645,211.91179999732412,7.989699981408194,474.01953125
1213,2.3705062866210938,,0.00020528881659472698,240.12499998207204,8528.891203135474,0.36860001273453236,234.3453000066802,5.408500001067296,474.01953125
1214,2.3631882667541504,,0.0002051365553468329,196.16820002556778,10440.020348522705,0.3285999991931021,192.06530001247302,3.7714000209234655,474.01953125
1215,2.360457420349121,,0.00020498423807119713,210.68859999650158,9720.506947381142,0.23800000781193376,201.05649999459274,9.391100000357255,474.01953125
1216,2.358210325241089,,0.0002048318649804437,229.10299999057315,8939.210748371992,0.33989999792538583,221.1507000029087,7.609400025103241,474.01953125
1217,2.3380212783813477,,0.0002046794362872745,228.2024000014644,8974.489312938242,0.3231000155210495,219.2125000001397,8.663499989779666,474.01953125
1218,2.3547303676605225,,0.00020452695220446888,206.6151000035461,9912.15066064799,0.41409998084418476,200.2873000164982,5.910800013225526,474.01953125
1219,2.393440008163452,,0.00020437441294488372,212.02020000782795,9659.456975912608,0.22990000434219837,204.1849000088405,7.602800003951415,474.01953125
1220,2.287027359008789,,0.00020422181872145287,232.62269998667762,8803.955934297424,0.42230001417919993,223.47820000140928,8.718900004168972,474.01953125
1221,2.2833974361419678,,0.00020406916974718685,193.90179999754764,10562.047387006733,0.3129999968223274,187.00990002253093,6.575700012035668,474.0
1222,2.404902219772339,,0.0002039164662351726,226.9827999989502,9022.710090850373,0.3096000000368804,220.4337000148371,6.236800021724775,474.01953125
1223,2.340266704559326,,0.00020376370839857326,201.64099999237806,10156.664567609829,0.28539999038912356,196.1639999935869,5.189199990127236,474.01953125
1224,2.4453048706054688,,0.00020361089645062782,211.8905000097584,9665.369612633325,0.2693000133149326,205.2923000010196,6.32640000549145,474.01953125
1225,2.3544933795928955,,0.00020345803060465073,214.87990001332946,9530.905402845767,0.26840000646188855,207.75390000198968,6.8549000134225935,474.01953125
1226,2.3619039058685303,,0.00020330511107403165,243.2960999722127,8417.726384573802,0.2819000219460577,234.27359998458996,8.737600001040846,474.01953125
1227,2.309487819671631,,0.00020315213807223532,233.60970002249815,8766.759256155734,0.36410000757314265,211.47019998170435,21.771900006569922,474.01953125
1228,2.320081949234009,,0.00020299911181280092,261.46910001989454,7832.665503664382,0.31990002025850117,251.53660000069067,9.608499996829778,474.01953125
1229,2.354114055633545,,0.00020284603250934219,251.77969998912886,8134.095004833301,0.2958999830298126,242.6098000141792,8.8703999936115,474.01953125
1230,2.316349744796753,,0.00020269290037554683,217.02969999751076,9436.496479622327,0.30330001027323306,210.38469998165965,6.338499981211498,474.01953125
1231,2.313419818878174,,0.00020253971562517626,222.30140000465326,9212.71750855879,0.29850000282749534,215.6269999977667,6.373000011080876,474.01953125
1232,2.3684539794921875,,0.00020238647847206526,218.7837999954354,9360.839331078118,0.3234999894630164,212.1225000009872,6.334900012006983,474.01953125
1233,2.3351356983184814,,0.000202233189130122,200.10119999642484,10234.821180665538,0.33909999183379114,193.41569999232888,6.342599983327091,474.01953125
1234,2.3788890838623047,,0.0002020798478133273,204.34909997857176,10022.06518264458,0.3158999898005277,197.46450000093319,6.565699994098395,474.01953125
1235,2.3772923946380615,,0.00020192645473573459,207.5366000062786,9868.138920739964,0.41799998143687844,200.70149999810383,6.41390000237152,474.01953125
1236,2.390509843826294,,0.00020177301011146956,209.26900001359172,9786.447108109587,0.27340001543052495,201.95329998387024,7.03909998992458,474.01953125
1237,2.346174478530884,,0.0002016195141547299,242.8193000087049,8434.255431617588,0.3388000186532736,234.7728000022471,7.70429999101907,474.01953125
1238,2.3466591835021973,,0.00020146596707978491,235.46349999378435,8697.738715571892,0.28750000637955964,228.92160000628792,6.251599988900125,474.01953125
1239,2.351203203201294,,0.00020131236910097522,229.31719999178313,8930.860834134483,0.3714999766089022,218.75170001294464,10.190300003159791,474.01953125
1240,2.339409351348877,,0.00020115872043271254,223.0705000110902,9180.954002874345,0.38270000368356705,214.85749998828396,7.827099994756281,474.01953125
1241,2.374135732650757,,0.0002010050212894794,210.31419999781065,9737.811331908732,0.3986999799963087,204.60920000914484,5.3029999835416675,474.01953125
1242,2.34427809715271,,0.00020085127188582873,224.18019999167882,9135.507953316208,0.3470999945420772,215.49800000502728,8.331899996846914,474.01953125
1243,2.3801662921905518,,0.00020069747243638359,226.4590999984648,9043.575639106062,0.32699998700991273,222.42209999240004,3.7072999984957278,474.01953125
1244,2.386671781539917,,0.00020054362315583696,209.39770000404678,9780.432163105997,0.2500000118743628,205.40740000433289,3.7376999971456826,474.01953125
1245,2.3648386001586914,,0.00020038972425895135,185.8893999888096,11017.303838321539,0.24149997625499964,179.9106000107713,5.734399979701266,474.01953125
1246,2.358910322189331,,0.00020023577596055855,179.46670000674203,11411.587776022308,0.2330999996047467,173.41769998893142,5.812899995362386,474.01953125
1247,2.3784186840057373,,0.00020008177847555934,220.09049999178387,9305.263062587677,0.45449999743141234,213.52530000149272,6.106999993789941,474.01953125
1248,2.3866817951202393,,0.00019992773201892302,211.462000006577,9684.95521623886,0.37480000173673034,207.29890000075102,3.785800014156848,474.01953125
1249,2.3947484493255615,,0.00019977363680568743,194.4575000088662,10531.864288631821,0.2992000081576407,190.2604000060819,3.8957000069785863,474.01953125
1250,2.3109676837921143,,0.00019961949305095838,213.41169998049736,9596.474795839013,0.3053999971598387,207.54860001034103,5.554000003030524,474.01953125
1251,2.3365747928619385,,0.00019946530096990946,220.31609999248758,9295.734628880202,0.35180000122636557,214.35800002655014,5.603600002359599,474.01953125
1252,2.3769168853759766,,0.00019931106077778168,239.17519999668002,8562.760687681784,0.2914999786298722,232.38440000568517,6.496499991044402,474.01953125
1253,2.3630011081695557,,0.00019915677268988335,239.48779999045655,8551.58383884946,0.2970999921672046,229.265400004806,9.921699995175004,474.01953125
1254,2.373760461807251,,0.0001990024369215894,266.28519999212585,7691.001978557427,0.4022000066470355,257.0751999737695,8.804200013400987,474.01953125
1255,2.3316564559936523,,0.0001988480536883415,217.11389999836683,9432.836865881942,0.31889998354017735,210.10430000023916,6.687299988698214,474.01953125
1256,2.3715884685516357,,0.00019869362320564752,227.97339997487143,8983.50421683294,0.44280002475716174,219.49099999619648,8.035700011532754,474.01953125
1257,2.3221211433410645,,0.00019853914568908131,198.96209999569692,10293.417691330627,0.28440001187846065,193.33279997226782,5.341800017049536,474.01953125
1258,2.3092799186706543,,0.00019838462135428236,190.03329999395646,10777.058547450008,0.35730001400224864,181.39870002050884,8.273900020867586,474.01953125
1259,2.3656094074249268,2.3093011140823365,0.00019823005041695555,214.67059999122284,9540.19786632979,0.24659998598508537,205.3576000034809,9.06310000573285,450.46875
1260,2.354170560836792,,0.00019807543309287073,221.66809998452663,9239.038003857835,0.3182999789714813,216.38480000547133,4.96190000558272,476.5
1261,2.356041431427002,,0.00019792076959786257,191.06020001345314,10719.134596612974,0.281400018138811,185.65339999622665,5.123100010678172,476.51953125
1262,2.28973388671875,,0.00019776606014783017,209.23400000901893,9788.084154160997,0.31289999606087804,200.99670000490732,7.921000011265278,476.51953125
1263,2.350616216659546,,0.0001976113049587368,230.19780000322498,8896.696666828737,0.33099998836405575,223.75560001819395,6.1083000036887825,474.51953125
1264,2.325258731842041,,0.00019745650424660952,217.37500000745058,9421.50661267305,0.4259000124875456,205.96900000236928,10.976199992001057,474.51953125
1265,2.3502368927001953,,0.00019730165822753903,215.03970000776462,9523.822810048801,0.3656000189948827,208.31720001297072,6.353799981297925,474.51953125
1266,2.3419408798217773,,0.00019714676711767918,228.0558999918867,8980.254402858507,0.3257000062149018,219.78530002525076,7.941699994262308,474.51953125
1267,2.351663112640381,,0.0001969918311332469,218.14499999163672,9388.25093437171,0.37009999505244195,210.76049999101087,7.0112000103108585,474.51953125
1268,2.353095769882202,,0.00019683685049052155,215.57229998870753,9500.292941659396,0.33329997677356005,209.98270000563934,5.253400013316423,474.51953125
1269,2.3593597412109375,,0.000196681825405845,208.37269999901764,9828.542798599121,0.25370001094415784,199.0257000143174,9.090200008358806,474.51953125
1270,2.3929173946380615,,0.0001965267560956211,220.83679999923334,9273.816682758987,0.4464999947231263,215.44560001348145,4.94109999272041,474.51953125
1271,2.313307046890259,,0.00019637164277631544,209.06280001509003,9796.099544501349,0.27420002152211964,199.6008999994956,9.185100003378466,474.51953125
1272,2.3100037574768066,,0.0001962164856644551,219.8484999826178,9315.505905939426,0.26519998209550977,213.88029999798164,5.700599984265864,474.51953125
1273,2.2962934970855713,,0.00019606128497662818,214.3748999806121,9553.357226919847,0.24939997820183635,207.78210001299158,6.341000000247732,474.51953125
1274,2.2732863426208496,,0.00019590604092948368,233.10050001600757,8785.909939529769,0.31350000062957406,229.25770000438206,3.526700020302087,474.51953125
1275,2.3880107402801514,,0.0001957507537397311,188.22890002047643,10880.36959137098,0.2649000089149922,184.4332999899052,3.5284000041428953,474.51953125
1276,2.322758913040161,,0.00019559542362414026,198.1285000219941,10336.725911580883,0.294700002996251,192.89830001071095,4.932600015308708,474.51953125
1277,2.359316110610962,,0.00019544005079954064,190.8164000196848,10732.830091065161,0.3245000261813402,184.7974999982398,5.691300000762567,474.51953125
1278,2.3147237300872803,,0.0001952846354828217,196.88699999824166,10401.90566171606,0.31650002347305417,192.90730002103373,3.6603000189643353,474.51953125
1279,2.3084187507629395,,0.00019512917789093193,199.38390000606887,10271.641792229277,0.29409999842755497,189.95590001577511,9.130499995080754,474.5
1280,2.3580615520477295,,0.000194973678240879,235.45979999471456,8697.87539123864,0.4050999996252358,228.66589998011477,6.385599990608171,474.51953125
1281,2.293064594268799,,0.00019481813674972914,207.10939998389222,9888.493714719281,0.2749999985098839,199.91339999251068,6.917999999132007,474.51953125
1282,2.341266632080078,,0.0001946625536346072,236.60500001278706,8655.776504677915,0.33179999445565045,230.50999999395572,5.760100000770763,474.51953125
1283,2.382197380065918,,0.00019450692911269585,207.80699999886565,9855.2984259971,0.5108999903313816,200.64450000063516,6.648099981248379,474.51953125
1284,2.399296283721924,,0.00019435126340123585,218.6663999746088,9365.865081410819,0.30819998937658966,209.10989999538288,9.244700020644814,474.51953125
1285,2.3251540660858154,,0.00019419555671752525,217.11169998161495,9432.93244985611,0.4721999866887927,211.00829998613335,5.627900012768805,474.51953125
1286,2.333171844482422,,0.00019403980927891942,215.54459998151287,9501.513840642056,0.2880999818444252,206.99649999733083,8.256199973402545,474.51953125
1287,2.3481075763702393,,0.00019388402130283058,224.45670000161044,9124.254254764086,0.3328000020701438,214.97450000606477,9.145599993644282,474.51953125
1288,2.429971933364868,,0.00019372819300672746,204.1132999875117,10033.643080217227,0.35379998735152185,196.01429998874664,7.742099987808615,474.51953125
1289,2.352308988571167,,0.0001935723246081352,210.86049999576062,9712.582489566208,0.39319999632425606,203.7867000035476,6.67760000214912,474.51953125
1290,2.323361396789551,,0.00019341641632463483,191.53420001384802,10692.607376917169,0.4360000020824373,187.19299999065697,3.902399999788031,474.51953125
1291,2.3786425590515137,,0.0001932604683738631,213.82000000448897,9578.149845463493,0.30839999089948833,204.6060000138823,8.902500005206093,474.51953125
1292,2.333998918533325,,0.00019310448097351212,223.11419999459758,9179.155786810476,0.3960999893024564,217.74580000783317,4.969400004483759,474.51953125
1293,2.333296060562134,,0.0001929484543413291,199.07059997785836,10287.807442323421,0.2908000024035573,188.42510000104085,10.351600009016693,474.51953125
1294,2.31668758392334,,0.00019279238869511595,204.3087999918498,10024.042038726173,0.3978000022470951,194.53280000016093,9.374399989610538,474.51953125
1295,2.3586835861206055,,0.00019263628425272912,214.2022000043653,9561.059596765408,0.24510000366717577,204.68280001659878,9.271200018702075,474.51953125
1296,2.350263833999634,,0.0001924801412320791,233.23899999377318,8780.692766024018,0.3566000086721033,223.15229999367148,9.726400021463633,474.51953125
1297,2.396224021911621,,0.00019232395985113032,199.46299999719486,10267.568421355349,0.4155999922659248,191.97539999731816,7.068499980960041,474.51953125
1298,2.3936374187469482,,0.00019216774032790082,212.54639999824576,9635.543109725231,0.2800000074785203,205.53360000485554,6.729999993694946,474.51953125
1299,2.3789267539978027,,0.0001920114828804617,199.4933999958448,10266.003787807804,0.44520001392811537,192.99369998043403,6.051200005458668,474.51953125
1300,2.342653751373291,,0.00019185518772693724,197.33200001064688,10378.448502470466,0.25549999554641545,190.2962000167463,6.777800008421764,482.55078125
1301,2.3617889881134033,,0.00019169885508550413,211.31240000249818,9691.81174401402,0.27310001314617693,207.08340001874603,3.953100007493049,474.5625
1302,2.330793857574463,,0.00019154248517439144,175.34600000362843,11679.7645795035,0.26550001348368824,168.40039999806322,6.676499993773177,474.5234375
1303,2.3173117637634277,,0.0001913860782118804,206.31649999995716,9926.496426608755,0.4878999898210168,198.42709999647923,7.397099980153143,474.5625
1304,2.30037522315979,,0.00019122963441630384,251.95209999219514,8128.529192903898,0.38559999666176736,241.0078999819234,10.554300009971485,474.5234375
1305,2.3388803005218506,,0.00019107315400604603,226.0960999992676,9058.095208217364,0.4089000285603106,219.56019999925047,6.124200008343905,474.5234375
1306,2.336761236190796,,0.00019091663719954236,227.52720001153648,9001.121623683493,0.298099999781698,217.96999999787658,9.25559998722747,474.5625
1307,2.3855903148651123,,0.00019076008421527898,233.91049998463131,8755.48553884738,0.3789999755099416,227.7458000171464,5.782599997473881,474.5234375
1308,2.3605539798736572,,0.0001906034952717927,195.8225999842398,10458.44555309156,0.28979999478906393,189.18429999030195,6.346099980873987,474.5234375
1309,2.3552064895629883,,0.0001904468705876703,255.3192999912426,8021.328587655717,0.31239999225363135,245.46000000555068,9.543799998937175,474.5234375
1310,2.313659429550171,,0.00019029021038154858,222.92939998442307,9186.76495851647,0.37689998862333596,217.460799991386,5.089099984616041,474.69921875
1311,2.3197176456451416,,0.00019013351487211396,190.15629999921657,10770.087554335238,0.31189998844638467,184.68199999188073,5.159899999853224,474.66015625
1312,2.2907140254974365,,0.00018997678427810205,203.72499999939464,10052.767210730572,0.2945000014733523,194.17520001297817,9.252200019545853,474.66015625
1313,2.386282205581665,,0.00018982001881829745,220.6096999871079,9283.363334067732,0.37990001146681607,214.38900000066496,5.83760000881739,474.66015625
1314,2.345369577407837,,0.00018966321871153352,221.89549999893643,9229.569775005875,0.26030000299215317,214.2104999802541,7.421999995131046,474.66015625
1315,2.3466804027557373,,0.0001895063841766919,194.68850002158433,10519.368117649201,0.3406000032555312,189.00360001134686,5.34120001248084,474.66015625
1316,2.3054821491241455,,0.0001893495154327023,222.7157999877818,9195.575707302101,0.3769999893847853,213.45799998380244,8.876499981852248,474.66015625
1317,2.3067681789398193,,0.0001891926126985422,206.79739999468438,9903.412712406649,0.38369998219422996,197.73980000172742,8.670499984873459,474.69921875
1318,2.348210573196411,,0.0001890356761932365,227.92570001911372,8985.384271401846,0.2801000082399696,221.83930000755936,5.803300009574741,474.66015625
1319,2.3538873195648193,,0.00018887870613585727,198.7066000001505,10306.653125756511,0.4105999832972884,190.90720001258887,7.385500008240342,474.66015625
1320,2.327652931213379,,0.0001887217027455234,193.38079998851754,10590.503297750372,0.29799999902024865,186.12719999509864,6.9521999976132065,474.66015625
1321,2.330824136734009,,0.00018856466624140038,234.7093999851495,8725.683760980944,0.3142000059597194,224.61950001888908,9.771600016392767,474.66015625
1322,2.3211874961853027,,0.00018840759684269977,230.82749999593943,8872.426379162045,0.42299999040551484,224.1171000059694,6.284500006586313,474.66015625
1323,2.3508195877075195,,0.00018825049476867923,207.83350002602674,9854.041815893643,0.3005000180564821,201.99739999952726,5.532900016987696,474.66015625
1324,2.356691598892212,,0.0001880933602386419,194.4487000000663,10532.340920763685,0.34559998312033713,190.6693000055384,3.431099990848452,474.66015625
1325,2.325761556625366,,0.0001879361934719363,198.17439999314956,10334.331780849569,0.45259998296387494,192.03730000299402,5.680800008121878,474.66015625
1326,2.333456516265869,,0.00018777899468795583,239.63279998861253,8546.409340029086,0.322499981848523,233.43570000724867,5.871300003491342,474.66015625
1327,2.3918700218200684,,0.00018762176410613878,213.441400002921,9595.139462034884,0.2511999919079244,204.97620000969619,8.210700005292892,474.66015625
1328,2.3442091941833496,,0.00018746450194596768,229.25929998746142,8933.116345169023,0.34279999090358615,222.2143999824766,6.699199991999194,474.66015625
1329,2.3729326725006104,,0.00018730720842696923,235.54300001705997,8694.803071420789,0.3100000030826777,226.04110001702793,9.188199997879565,474.66015625
1330,2.3307855129241943,,0.00018714988376871376,204.26689999294467,10026.098208132289,0.23770000552758574,196.45680001121946,7.5699999870266765,474.66015625
1331,2.3177030086517334,,0.00018699252819081525,223.71769999153912,9154.394131878946,0.35700001171790063,216.44410002045333,6.9136000238358974,474.66015625
1332,2.3235890865325928,,0.00018683514191293076,198.39330000104383,10322.92925209281,0.32130000181496143,192.65510002151132,5.414500017650425,474.69921875
1333,2.3045365810394287,,0.0001866777251547601,203.45900001120754,10065.910084524086,0.32660001306794584,195.6449999997858,7.484300003852695,474.66015625
1334,2.2679243087768555,,0.00018652027813604585,217.41569999721833,9419.742916570434,0.3716999781318009,211.2046999973245,5.835300020407885,474.66015625
1335,2.3242433071136475,,0.00018636280107657267,206.6841000050772,9908.841560379782,0.28619999648071826,198.27860000077635,8.116500015603378,474.66015625
1336,2.2975234985351562,,0.0001862052941961672,221.95410000858828,9227.13299696088,0.27489999774843454,213.21430001989938,8.46149999415502,474.66015625
1337,2.3222622871398926,,0.00018604775771469774,229.035099997418,8941.860876446832,0.378400000045076,222.95180000946857,5.701899994164705,474.66015625
1338,2.3374953269958496,,0.00018589019185207375,212.14920000056736,9653.58342145303,0.3375000087544322,206.0697999841068,5.739299987908453,474.66015625
1339,2.3387539386749268,,0.00018573259682824598,194.96590000926517,10504.401025526387,0.4364000051282346,189.45929998881184,5.067499994765967,474.66015625
1340,2.3357622623443604,,0.00018557497286320567,196.41330000013113,10426.992469443936,0.2733000146690756,190.55430000298657,5.582400015555322,474.66015625
1341,2.2973670959472656,,0.00018541732017698448,231.60239998833276,8842.740835600885,0.30509999487549067,222.19130001030862,9.102700016228482,474.69921875
1342,2.3226747512817383,,0.00018525963898965436,217.93400001479313,9397.340478589775,0.357400014763698,213.29630000400357,4.277300002286211,474.66015625
1343,2.3693268299102783,,0.0001851019295213267,220.9937000006903,9267.232504789063,0.2530000056140125,213.4154999803286,7.322399993427098,449.46875
1344,2.2970848083496094,,0.0001849441919921527,206.22299998649396,9930.997028140064,0.2798000059556216,199.34690001537092,6.5930999990087,449.4765625
1345,2.3797619342803955,,0.00018478642662232258,250.19990000873804,8185.454909967891,0.28750000637955964,241.1512000253424,8.75790001009591,449.4375
1346,2.3455698490142822,,0.00018462863363206543,206.27819999936037,9928.339494945905,0.3259000077378005,197.36890000058338,8.57989999349229,449.4375
1347,2.331453800201416,,0.00018447081324164883,223.9329000003636,9145.596739008313,0.3312000189907849,219.88809999311343,3.7105000228621066,449.4375
1348,2.299243927001953,,0.00018431296567137875,230.93739998876117,8868.20411115596,0.281400018138811,222.34019997995347,8.312199992360547,449.4921875
1349,2.3592326641082764,,0.00018415509114159904,206.85829999274574,9900.49710392003,0.35200000274926424,201.85559999663383,4.648100002668798,449.4375
1350,2.303055763244629,,0.00018399718987269114,212.65370000037365,9630.681243714083,0.24270001449622214,204.67570002074353,7.731999998213723,449.4921875
1351,2.326930284500122,,0.0001838392620850739,237.5095999741461,8622.809352644832,0.4141000099480152,230.66080000717193,6.430800014641136,449.4921875
1352,2.2986385822296143,,0.00018368130799920312,208.97529998910613,9800.201268316217,0.2499000111129135,201.59150002291426,7.131599995773286,449.4375
1353,2.3257410526275635,,0.00018352332783557135,219.41890000016429,9333.744722986336,0.2809000143315643,213.44149997457862,5.694099992979318,449.4375
1354,2.330592393875122,,0.00018336532181470743,196.58160000108182,10418.065576782006,0.2271000121254474,190.81420000293292,5.537899996852502,449.4375
1355,2.3507800102233887,,0.0001832072901571765,230.03740000422113,8902.900136944774,0.2479000249877572,223.91000000061467,5.876399984117597,449.4375
1356,2.3003737926483154,,0.00018304923308357934,202.30910001555458,10123.123477107749,0.2868000010494143,196.19620000594296,5.82270001177676,449.4375
1357,2.2738020420074463,,0.00018289115081455227,225.28610000154004,9090.662939195983,0.28039998142048717,216.54530000523664,8.45710001885891,449.4921875
1358,2.2772092819213867,,0.0001827330435707667,245.17829998512752,8353.104659442664,0.31999999191612005,236.81679999572225,8.038400002988055,449.4921875
1359,2.327336311340332,,0.000182574911572929,211.11820000805892,9700.726891010925,0.35749998642131686,202.13019999209791,8.627000002888963,449.4921875
1360,2.280853271484375,,0.00018241675504178007,213.7370000127703,9581.869306098788,0.3318999952170998,207.57560001220554,5.826700013130903,449.4375
1361,2.2905120849609375,,0.00018225857419809497,199.99700001790188,10240.15360138743,0.2868000010494143,193.604600004619,6.101900013163686,449.4375
1362,2.3188698291778564,,0.00018210036926268286,202.91349999024533,10092.97065054052,0.26229998911730945,197.80979998176917,4.838199994992465,449.4921875
1363,2.3249454498291016,,0.00018194214045638636,204.28909998736344,10025.008677049738,0.30659997719340026,195.17660001292825,8.802600001217797,449.4375
1364,2.327406644821167,,0.00018178388800008157,220.54639999987558,9286.027792796234,0.3384999872650951,213.90980001888238,6.294899998465553,457.46484375
1365,2.2949705123901367,,0.00018162561211467745,209.9682000116445,9753.8579646176,0.3771000192500651,199.6964999998454,9.890199988149107,449.4765625
1366,2.283108949661255,,0.00018146731302111583,219.94120001909323,9311.579639568266,0.4979000077582896,215.27600000263192,4.163900011917576,449.4375
1367,2.334571361541748,,0.00018130899094037073,219.56420000060461,9327.567973259576,0.2683000057004392,211.23610000358894,8.05699999909848,449.4921875
1368,2.3438398838043213,,0.00018115064609344845,239.7497000056319,8542.242179872972,0.3183000080753118,233.25299998396076,6.175399990752339,449.4375
1369,2.325157642364502,,0.00018099227870138697,195.77590000699274,10460.940289008246,0.4293999809306115,191.9419000041671,3.401900001335889,449.4921875
1370,2.307422399520874,,0.0001808338889852558,225.87730002123863,9066.869489795708,0.35050002043135464,221.7483000131324,3.775600023800507,449.4375
1371,2.40895414352417,,0.00018067547716615556,202.5038999854587,10113.38547132703,0.39969998761080205,196.6248000098858,5.476600024849176,449.4921875
1372,2.3485941886901855,,0.00018051704346521775,238.50720000336878,8586.74287388839,0.32709998777136207,232.2660000063479,5.910400010179728,449.4921875
1373,2.338040590286255,,0.00018035858810360443,222.57500002160668,9201.392788054312,0.29409999842755497,212.5870000163559,9.690200007753447,449.4375
1374,2.336473226547241,,0.00018020011130250786,213.7765999941621,9580.09436044884,0.42520000715740025,206.89090000814758,6.457199982833117,449.4921875
1375,2.3314788341522217,,0.00018004161328315018,233.36420001578517,8775.981919512375,0.3386999887879938,224.12050000275485,8.901699999114498,449.4375
1376,2.3284034729003906,,0.0001798830942667833,205.90719999745488,9946.228203896291,0.4081000224687159,199.54590001725592,5.9495000168681145,449.4921875
1377,2.325014352798462,,0.00017972455447468836,233.86060001212172,8757.353739338076,0.3296000068075955,224.60699998191558,8.920399995986372,449.4375
1378,2.288217306137085,,0.00017956599412817544,233.64970000693575,8765.258418646403,0.36800000816583633,227.47799998614937,5.799999984446913,449.4375
1379,2.362720251083374,,0.00017940741344858342,209.20379998278804,9789.497132310677,0.3012999950442463,201.36709997314028,7.532099989475682,449.4921875
1380,2.363614082336426,,0.00017924881265727943,204.24500000081025,10027.173247775345,0.43700000969693065,199.49410000117496,4.310699994675815,449.4375
1381,2.331052303314209,,0.00017909019197565886,216.09279999393038,9477.409705726079,0.30259997583925724,207.62440000544302,8.162599988281727,449.4375
1382,2.2720706462860107,,0.00017893155162514466,216.16389998234808,9474.292424254187,0.2959999837912619,210.6359000026714,5.2288000006228685,449.4375
1383,2.3064894676208496,,0.00017877289182718743,212.61950000189245,9632.23034567277,0.38400001358240843,206.74239998334087,5.48940000589937,449.4375
1384,2.293593406677246,,0.00017861421280326474,224.42620000219904,9125.494260384628,0.2564000023994595,213.11189999687485,11.053499998524785,449.4921875
1385,2.272339344024658,,0.0001784555147748812,214.44549999432638,9550.212058794352,0.4382000188343227,205.12699999380857,8.876700012478977,449.4140625
1386,2.3726449012756348,,0.00017829679796356772,204.178599989973,10030.434140015532,0.22829999215900898,195.3407000110019,8.60670002293773,449.4765625
1387,2.2927255630493164,,0.00017813806259088158,209.43380001699552,9778.74631427117,0.3690000157803297,201.12050001625903,7.941100018797442,449.4375
1388,2.3016886711120605,,0.00017797930887840594,222.90890000294894,9187.60982613483,0.37709999014623463,215.6826999853365,6.846100004622713,449.4375
1389,2.2794570922851562,,0.00017782053704774956,236.43920000176877,8661.846258931173,0.2823999966494739,228.11799999908544,8.035499980906025,449.4375
1390,2.2526965141296387,,0.00017766174732054642,180.18289998872206,11366.228427493328,0.3926999925170094,174.50999998254701,5.277199990814552,449.4375
1391,2.3176848888397217,,0.00017750293991845566,207.25469998433255,9881.561190915423,0.28569999267347157,201.33239999995567,5.633799999486655,449.4921875
1392,2.320476531982422,,0.0001773441150631609,200.34969999687746,10222.1266117789,0.2654000127222389,194.6131000004243,5.468399991514161,449.4375
1393,2.354269027709961,,0.00017718527297637022,222.92989998823032,9186.744353754813,0.301799998851493,211.4700000092853,11.153599974932149,449.4140625
1394,2.2696304321289062,,0.00017702641387981575,230.07749998942018,8901.348459080851,0.4332999815233052,223.25509999063797,6.385199987562373,449.4765625
1395,2.317810535430908,,0.00017686753799525334,239.09730001469143,8565.550509663472,0.3277999931015074,230.82580001209863,7.939700008137152,449.4140625
1396,2.2893056869506836,,0.0001767086455444623,210.29419999103993,9738.737445384893,0.37429999792948365,203.38189997710288,6.534499989356846,449.4765625
1397,2.3141708374023438,,0.000176549736749245,223.77909999340773,9151.88236998152,0.32890000147745013,214.80590000282973,8.640899992315099,449.4140625
1398,2.3317432403564453,,0.00017639081183142675,235.64919998170808,8690.884586745777,0.4096000047866255,227.9718000208959,7.264600018970668,449.4765625
1399,2.323291063308716,2.269747221469879,0.00017623187101285524,237.8243000130169,8611.399255197666,0.3234000178053975,228.38089999277145,9.116600005654618,449.4375
1400,2.3619298934936523,,0.00017607291451540044,217.5170000118669,9415.356040623348,0.20370000856928527,211.28260000841692,6.028200004948303,473.6640625
1401,2.3143250942230225,,0.00017591394256095418,206.16400000290014,9933.839079427982,0.3040999872609973,197.76239999919198,8.094599994365126,474.6015625
1402,2.32460618019104,,0.00017575495537142986,214.17530000326224,9562.260447254215,0.29650001670233905,205.00060002086684,8.875200001057237,473.59765625
1403,2.291860818862915,,0.0001755959531687621,226.35529999388382,9047.722761761432,0.28909998945891857,216.83849999681115,9.224699984770268,473.59375
1404,2.3653523921966553,,0.0001754369361749066,203.9550999761559,10041.425785574515,0.4102999810129404,193.63630001316778,9.904900012770668,473.60546875
1405,2.2869138717651367,,0.0001752779046118396,193.6625000089407,10575.098431061519,0.4383999912533909,185.59300000197254,7.627600018167868,473.60546875
1406,2.2756710052490234,,0.0001751188587015577,215.983200003393,9482.218987253762,0.28849998489022255,206.93089999258518,8.76080000307411,473.60546875
1407,2.3197920322418213,,0.0001749597986660776,204.75330000044778,10002.280793498914,0.3992000129073858,198.70710000395775,5.644200020469725,473.60546875
1408,2.3614420890808105,,0.00017480072472743558,192.0098999980837,10666.11669513103,0.3081000177189708,186.19720000424422,5.5016000114846975,473.60546875
1409,2.354886531829834,,0.00017464163710768745,197.31489999685436,10379.347935876356,0.27279998175799847,189.7025000071153,7.336100010434166,473.60546875
1410,2.2726266384124756,,0.00017448253602890806,209.27240001037717,9786.288110130366,0.3674000035971403,202.0802999904845,6.822299998020753,473.60546875
1411,2.320483684539795,,0.00017432342171319108,199.8572000011336,10247.316583982882,0.24120000307448208,192.21410001046024,7.398900022963062,473.60546875
1412,2.330019235610962,,0.0001741642943826486,219.56859997590072,9327.38105642056,0.3687999851536006,211.440599989146,7.756100007100031,473.60546875
1413,2.3186583518981934,,0.00017400515425941096,201.52600001893006,10162.460425987832,0.29120000544935465,197.31170000159182,3.9206999936141074,473.60546875
1414,2.300746440887451,,0.00017384600156562633,206.2947000085842,9927.545399444485,0.2623999898787588,199.69800001126714,6.331200012937188,473.60546875
1415,2.346208095550537,,0.00017368683652346035,204.6093999815639,10009.315310951171,0.2826999989338219,195.39009997970425,8.933200006140396,473.60546875
1416,2.2931275367736816,,0.000173527659355096,232.49319999013096,8808.85978638057,0.29349999385885894,223.8677999994252,8.328600000822917,473.60546875
1417,2.326348066329956,,0.0001733684702827331,255.36969999666326,8019.745490662204,0.4115999909117818,247.14920000405982,7.805499975802377,473.60546875
1418,2.3392982482910156,,0.00017320926952858818,189.82839997624978,10788.691261456313,0.25530002312734723,180.32709998078644,9.243300009984523,473.60546875
1419,2.3033673763275146,,0.00017305005731489405,224.34419998899102,9128.82971835465,0.38189999759197235,217.30599997681566,6.6525999864097685,473.60546875
1420,2.2894458770751953,,0.00017289083386389949,206.56759999110363,9914.429949751086,0.30259997583925724,198.57919999049045,7.682399998884648,483.546875
1421,2.2420289516448975,,0.0001727315993978689,243.45049998373725,8412.387734413396,0.32289998489432037,234.5383999927435,8.58590001007542,474.48828125
1422,2.409599542617798,,0.0001725723541390822,225.55400000419468,9079.865575258753,0.41119998786598444,217.19029999803752,7.949099992401898,474.48828125
1423,2.34836745262146,,0.00017241309830983434,176.71899998094887,11589.019857631516,0.29999998514540493,170.87909998372197,5.537299992283806,474.48828125
1424,2.394223213195801,,0.00017225383213243485,217.73770000436343,9405.812589914187,0.49890001537278295,208.48080000723712,8.754599984968081,474.48828125
1425,2.307295560836792,,0.000172094555829208,204.06379998894408,10036.076952947842,0.34669999149627984,198.17680001142435,5.537499993806705,474.48828125
1426,2.2779812812805176,,0.000171935269622492,210.07859997916967,9748.732142174735,0.2948999754153192,201.61390001885593,8.166300016455352,474.48828125
1427,2.276918411254883,,0.0001717759737346389,217.9957999906037,9394.676411601853,0.3837999829556793,207.89869999862276,9.709599980851635,474.48828125
1428,2.312375545501709,,0.0001716166683880143,221.4479999965988,9248.220801413672,0.36180001916363835,215.63880000030622,5.444600014016032,474.48828125
1429,2.3169944286346436,,0.00017145735380499693,225.59570000157692,9078.18721715744,0.30559999868273735,215.69440001621842,9.592299989890307,474.48828125
1430,2.2813801765441895,,0.00017129803020797863,222.00780001003295,9224.90110666133,0.40530000114813447,217.7244999911636,3.875099995639175,474.48828125
1431,2.3172247409820557,,0.00017113869781936353,183.9674999937415,11132.401103834492,0.23479998344555497,178.8572999939788,4.872299992712215,474.48828125
1432,2.3335235118865967,,0.00017097935686156824,185.70840000757016,11028.041811337107,0.2564000023994595,179.0810000093188,6.368300004396588,474.48828125
1433,2.329077959060669,,0.00017082000755702125,184.6240000159014,11092.815667646724,0.3304000128991902,178.7575000198558,5.533000017749146,474.48828125
1434,2.3073649406433105,,0.00017066065012816275,206.76390000153333,9905.017268414904,0.40809999336488545,197.09010000224225,9.262399980798364,474.48828125
1435,2.269521713256836,,0.00017050128479744419,216.75920000416227,9448.272552955877,0.28899998869746923,206.1859000241384,10.28089999454096,474.48828125
1436,2.321322202682495,,0.00017034191178732814,275.5905000085477,7431.315665585278,0.4135000053793192,264.50379999005236,10.66899998113513,474.42578125
1437,2.296694278717041,,0.0001701825313202878,234.75780000444502,8723.884786623585,0.4267999902367592,226.96510000969283,7.362700009252876,474.48828125
1438,2.3119120597839355,,0.00017002314361880686,231.69690000941046,8839.134230612579,0.3691999881993979,224.95999999227934,6.363199994666502,474.42578125
1439,2.3473494052886963,,0.00016986374890537906,206.20970000163652,9931.637551403966,0.3206999972462654,198.23040001210757,7.655999972485006,474.48828125
1440,2.3283538818359375,,0.00016970434740250795,212.78610001900233,9624.688829848888,0.3006000188179314,202.2319000097923,10.250099992845207,474.48828125
1441,2.3097763061523438,,0.00016954493933270652,209.5903999870643,9771.439913881553,0.41229999624192715,201.75179999205284,7.422700000461191,474.48828125
1442,2.3666045665740967,,0.00016938552491849708,217.9005999932997,9398.780912319538,0.2629999944474548,212.9123999911826,4.722600016975775,474.57421875
1443,2.300398826599121,,0.00016922610438241053,243.62989998189732,8406.193164928338,0.304899993352592,236.9810999953188,6.34130000253208,474.57421875
1444,2.325289249420166,,0.00016906667794698655,221.60019999137148,9241.868915640616,0.3617999900598079,212.46570002404042,8.766900020418689,474.57421875
1445,2.2920045852661133,,0.00016890724583477288,227.53050000756048,9000.991075622602,0.35790001857094467,218.8783000165131,8.29110000631772,473.50390625
1446,2.4125733375549316,,0.00016874780826832536,197.98190001165494,10344.37996543844,0.3000000142492354,191.91829999908805,5.760700005339459,473.50390625
1447,2.2836735248565674,,0.00016858836547020735,197.75670001399703,10356.159866416887,0.32740001915954053,192.8382000187412,4.587900009937584,473.50390625
1448,2.324328899383545,,0.00016842891766298944,224.3908999953419,9126.929835579404,0.27299998328089714,215.9209999954328,8.193499990738928,473.50390625
1449,2.2335422039031982,,0.00016826946506924936,191.0570999898482,10719.308521425375,0.3037999849766493,183.70530000538565,7.045200007269159,473.50390625
1450,2.3517532348632812,,0.00016811000791157142,207.92479999363422,9849.71489722583,0.3926999925170094,199.2921000055503,8.236599998781458,473.50390625
1451,2.307992696762085,,0.00016795054641254633,202.00829999521375,10138.19729213366,0.32679998548701406,194.67709999298677,7.001399993896484,473.50390625
1452,2.2605481147766113,,0.0001677910807947709,204.52150001074187,10013.61714974922,0.2735000161919743,194.45459998678416,9.789600007934496,473.50390625
1453,2.207226037979126,,0.00016763161128084762,201.22560000163503,10177.631474242637,0.37900000461377203,196.5892000007443,4.254100000252947,473.50390625
1454,2.2799525260925293,,0.0001674721380933844,202.5736999930814,10109.90074264303,0.32890000147745013,196.03099999949336,6.2107999983709306,473.50390625
1455,2.3098652362823486,,0.00016731266145499446,234.43469998892397,8735.908123229025,0.2956999815069139,226.4248999999836,7.710699981544167,473.50390625
1456,2.266636371612549,,0.00016715318158829558,215.07569999084808,9522.228685468172,0.2992000081576407,206.3254999811761,8.447700005490333,473.50390625
1457,2.3946776390075684,,0.00016699369871591026,217.991899990011,9394.844487771541,0.30220000189729035,212.47980001498945,5.207300011534244,473.54296875
1458,2.326803684234619,,0.000166834213060465,208.1326000043191,9839.880921861835,0.3229999856557697,200.35629998892546,7.450700009940192,473.50390625
1459,2.338991403579712,,0.00016667472484459042,220.26289999485016,9297.979823419573,0.2702999918255955,214.56079999916255,5.429499986348674,473.50390625
1460,2.3396315574645996,,0.0001665152342909205,194.44120000116527,10532.747174918311,0.3062000032514334,188.6334999871906,5.498899990925565,473.50390625
1461,2.3431389331817627,,0.00016635574162209262,216.770600003656,9447.775666836089,0.4239999980200082,210.8934000134468,5.449899996165186,473.50390625
1462,2.331190347671509,,0.00016619624706074702,180.63630000688136,11337.699011339257,0.4746000049635768,175.17500001122244,4.982799990102649,473.56640625
1463,2.2752184867858887,,0.00016603675082952667,190.3038000164088,10761.739911780074,0.34940001205541193,184.2737999977544,5.677100009052083,448.1015625
1464,2.320296287536621,,0.0001658772531510768,219.6739999926649,9322.905760665279,0.2694999857340008,210.9755999990739,8.42589998501353,448.1640625
1465,2.329576015472412,,0.00016571775424804468,205.25080000516027,9978.036626159364,0.3989000106230378,195.87609998416156,8.9725999860093,448.125
1466,2.356048583984375,,0.0001655582543430793,223.91739999875426,9146.229815152345,0.3586999955587089,217.3088999988977,6.246100005228072,448.1796875
1467,2.3276169300079346,,0.00016539875365883104,223.54470001300797,9161.47866570233,0.3163000219501555,218.12400000635535,5.100899987155572,448.125
1468,2.336615562438965,,0.0001652392524179514,244.62430001585744,8372.021912243556,0.218400004087016,237.47379999258555,6.929099996341392,448.125
1469,2.321190357208252,,0.0001650797508430926,218.14030001405627,9388.453210470663,0.281400018138811,211.51440002722666,6.3415000040549785,448.125
1470,2.338190793991089,,0.00016492024915690736,211.21179999317974,9696.427946100228,0.3871999797411263,200.25019999593496,10.569100006250665,452.8359375
1471,2.271437644958496,,0.00016476074758204858,213.94370001507923,9572.611859361376,0.2859999949578196,204.55900000524707,9.093500004382804,444.9140625
1472,2.29634690284729,,0.00016460124634116893,210.2842000022065,9739.20056751059,0.4133000038564205,202.81919999979436,7.047899998724461,444.8203125
1473,2.3067493438720703,,0.00016444174565692068,219.3379999953322,9337.187354875052,0.3547999949660152,213.25380000052974,5.726200004573911,444.80078125
1474,2.307662010192871,,0.0001642822457519553,228.27629998209886,8971.583997815811,0.30759998480789363,221.09539998928085,6.870499986689538,444.90234375
1475,2.3523178100585938,,0.00016412274684892317,213.17209998960607,9607.260988186808,0.4259999841451645,206.6593999916222,6.08349998947233,445.03515625
1476,2.3448739051818848,,0.00016396324917047328,189.4161000091117,10812.174888520474,0.39170001400634646,183.27880001743324,5.741400003898889,445.05859375
1477,2.30281925201416,,0.00016380375293925296,240.35949999233708,8520.57022944919,0.5187999922782183,230.41239997837692,9.422700008144602,445.03515625
1478,2.340848445892334,,0.00016364425837790735,224.08329998143017,9139.458407519516,0.30109999352134764,218.2799000001978,5.499500024598092,445.05859375
1479,2.2689762115478516,,0.00016348476570907946,220.78509998391382,9275.988280682053,0.32289998489432037,211.42740000505,9.031400026287884,445.06640625
1480,2.3056833744049072,,0.00016332527515540952,221.63089999230579,9240.588744940796,0.2964000159408897,216.05230000568554,5.278800002997741,445.04296875
1481,2.3156819343566895,,0.00016316578693953494,253.13669999013655,8090.490237408484,0.30980000155977905,242.45259998133406,10.369900002842769,445.0703125
1482,2.3481862545013428,,0.00016300630128408974,259.85469997976907,7881.327527112062,0.45739999040961266,249.76859998423606,9.624199999962002,445.05078125
1483,2.3088457584381104,,0.00016284681841170437,209.8067000042647,9761.366057224915,0.28670000028796494,202.1664000058081,7.3502000013832,445.12890625
1484,2.3461947441101074,,0.0001626873385450055,242.00430000200868,8462.659547714653,0.3541999903973192,232.68370001460426,8.963000000221655,445.05078125
1485,2.3332388401031494,,0.00016252786190661553,218.38920001755469,9377.753111579586,0.3555000002961606,211.40780000132509,6.6220000153407454,445.05078125
1486,2.293642520904541,,0.00016236838871915235,208.05270000710152,9843.659803165712,0.24980001035146415,201.07629999984056,6.723099999362603,445.07421875
1487,2.3446199893951416,,0.00016220891920522908,240.893700014567,8501.675219717892,0.3063000040128827,233.4561999887228,7.127599994419143,445.07421875
1488,2.3287463188171387,,0.00016204945358745361,215.77260000049137,9491.473894254119,0.3087999939452857,209.11629998590797,6.343499990180135,445.07421875
1489,2.366288900375366,,0.00016188999208842852,225.32389999832958,9089.137903325758,0.28219999512657523,216.0829000058584,8.95479999599047,445.10546875
1490,2.314487934112549,,0.0001617305349307506,222.86259999964386,9189.518564367789,0.3968999953940511,217.0040000055451,5.458299972815439,445.07421875
1491,2.269148588180542,,0.0001615710823370105,222.65589999733493,9198.049546517805,0.28569999267347157,216.68549999594688,5.6816999858710915,445.10546875
1492,2.2794148921966553,,0.00016141163452979267,230.97509998478927,8866.756633658217,0.32599997939541936,223.50000002188608,7.141500012949109,445.07421875
1493,2.267437219619751,,0.0001612521917316746,211.85389999300241,9667.039408137618,0.37460000021383166,207.5133000034839,3.9628000231459737,445.12890625
1494,2.3081846237182617,,0.00016109275416522706,233.22369999368675,8781.268799249126,0.38029998540878296,225.68080000928603,7.159000000683591,445.07421875
1495,2.302098512649536,,0.00016093332205301345,229.35260002850555,8929.482376678792,0.2995000104419887,223.5964999999851,5.453300022054464,445.05078125
1496,2.2925398349761963,,0.00016077389561758944,229.10500000580214,8939.132711848864,0.32229998032562435,224.33550001005642,4.44479999714531,445.05078125
1497,2.3366127014160156,,0.00016061447508150287,245.3463000128977,8347.384900005984,0.31030000536702573,235.0655999907758,9.966400015400723,445.12890625
1498,2.2930328845977783,,0.00016045506066729342,208.38080000248738,9828.160751736981,0.43590000132098794,202.20299999346025,5.738400010159239,445.07421875
1499,2.235905170440674,,0.00016029565259749202,248.52930000633933,8240.477078347547,0.29120000544935465,242.3696000187192,5.864900012966245,445.07421875
1500,2.265782356262207,,0.0001601362510946209,233.222199982265,8781.325277592514,0.31800000579096377,223.51939999498427,9.380799980135635,445.10546875
1501,2.2896289825439453,,0.0001599768563811931,254.6681000094395,8041.839554793431,0.39969998761080205,245.36100000841543,8.903999987524003,445.10546875
1502,2.3357672691345215,,0.00015981746867971215,226.65739999501966,9035.663517030553,0.47030000132508576,220.28059998410754,5.902400007471442,445.07421875
1503,2.283383846282959,,0.00015965808821267184,246.05340001289733,8323.39646553411,0.3378000110387802,234.70640002051368,11.004100000718608,445.05078125
1504,2.3327741622924805,,0.00015949871520255576,230.8424999937415,8871.849854578444,0.3327000013086945,221.1607999925036,9.344999998575076,445.10546875
1505,2.302286148071289,,0.00015933934987183716,244.32649998925626,8382.226242712339,0.2972999936901033,238.53890001191758,5.487200018251315,445.07421875
1506,2.305549144744873,,0.0001591799924429787,220.33109999028966,9295.101781320289,0.30040001729503274,213.567900005728,6.459099997300655,445.07421875
1507,2.3272218704223633,,0.0001590206431384317,236.59670000779442,8656.080156369599,0.3113000129815191,227.39400001592003,8.887400006642565,445.05078125
1508,2.3157715797424316,,0.00015886130218063644,238.31950000021607,8593.505776900938,0.4020000051241368,230.6150000076741,7.2988000174518675,445.05078125
1509,2.321178436279297,,0.00015870196979202134,221.36990001308732,9251.483602237355,0.2865999995265156,215.00520000699908,6.075199984479696,445.10546875
1510,2.2478861808776855,,0.00015854264619500298,222.29309999966063,9213.061494050542,0.30330001027323306,216.4145999995526,5.572599999140948,445.07421875
1511,2.315058708190918,,0.0001583833316119857,207.82199999666773,9854.587098732753,0.2542999864090234,199.83749999664724,7.72649998543784,445.05078125
1512,2.3043603897094727,,0.00015822402626536108,204.87629997660406,9996.275802686168,0.2646000066306442,198.07939999736845,6.529499980388209,453.125
1513,2.3107943534851074,,0.00015806473037750795,206.33780001662672,9925.471725660407,0.33370000892318785,197.92770000640303,8.073100005276501,445.12890625
1514,2.330312490463257,,0.00015790544417079196,230.73479998856783,8875.99096495835,0.32419999479316175,223.83929998613894,6.56800001161173,445.05078125
1515,2.294907569885254,,0.0001577461678675651,231.19849999784492,8858.188958920971,0.3307999868411571,226.46989999338984,4.3953999993391335,445.05078125
1516,2.295858860015869,,0.00015758690169016565,217.31109998654574,9424.276993337186,0.2838000073097646,210.9671999933198,6.0566999891307205,445.05078125
1517,2.269850969314575,,0.00015742764586091775,242.62089998228475,8441.152432249395,0.3068000078201294,236.46510002436116,5.830800015246496,445.07421875
1518,2.2949984073638916,,0.00015726840060213104,221.49529997841455,9246.245858036646,0.3612999862525612,214.63209998910315,6.4981000032275915,445.07421875
1519,2.2723920345306396,,0.0001571091661361005,244.99700000160374,8359.286032019143,0.3121999907307327,235.33820000011474,9.342400007881224,445.10546875
1520,2.3327674865722656,,0.0001569499426851059,220.69779998855665,9279.657523120712,0.34440000308677554,213.73289998155087,6.617100007133558,445.07421875
1521,2.2364859580993652,,0.00015679073047141173,222.6762999780476,9197.206888213523,0.2878999803215265,216.52690001064911,5.858600023202598,445.07421875
1522,2.3072633743286133,,0.00015663152971726686,230.5562999972608,8882.8628843555,0.33999999868683517,222.66579998540692,7.547699991846457,445.07421875
1523,2.3481197357177734,,0.00015647234064490397,212.43070001946762,9640.791090046385,0.31980001949705184,203.1723999825772,8.934599987696856,445.12890625
1524,2.3430213928222656,,0.00015631316347653964,210.3101999964565,9737.99654051257,0.36199999158270657,204.3818999954965,5.563099985010922,445.07421875
1525,2.326162815093994,,0.00015615399843437364,218.682800012175,9365.16269174338,0.2662000188138336,209.88319997559302,8.530299994163215,445.12890625
1526,2.316793203353882,,0.00015599484574058896,240.5778999964241,8512.835135855958,0.291000003926456,236.9085999962408,3.37510000099428,445.05078125
1527,2.3012309074401855,,0.00015583570561735136,207.2240999841597,9883.020363734478,0.47959998482838273,202.32019998366013,4.420899989781901,445.12890625
1528,2.3086252212524414,,0.00015567657828680887,209.82260000891984,9760.62635727961,0.314499979140237,202.48360000550747,7.0214000006671995,445.12890625
1529,2.3235838413238525,,0.0001555174639710919,201.1251999938395,10182.712062251427,0.4287000047042966,196.11210000584833,4.580100008752197,445.05078125
1530,2.32391619682312,,0.0001553583628923125,218.74969999771565,9362.298554107214,0.2628999936860055,212.23669999744743,6.247199984500185,445.07421875
1531,2.3475427627563477,,0.00015519927527256433,234.78510000859387,8722.870403296618,0.3218000056222081,227.01229999074712,7.447399984812364,445.05078125
1532,2.2903048992156982,,0.00015504020133392239,207.20400000573136,9883.97907348966,0.37949997931718826,199.39720002003014,7.423200004268438,445.12890625
1533,2.318819284439087,,0.00015488114129844224,226.77209999528714,9031.093331333803,0.3541000187397003,220.8857000223361,5.528700014110655,445.05078125
1534,2.3609087467193604,,0.00015472209538816033,226.76240000873804,9031.479645307523,0.29170000925660133,216.47779998602346,9.98889998300001,445.12890625
1535,2.3023195266723633,,0.00015456306382509338,229.0559000102803,8941.048887664903,0.3873000096064061,222.05889999167994,6.606000009924173,445.12890625
1536,2.2530524730682373,,0.00015440404683123786,255.37670002086088,8019.525664763879,0.2853000187315047,246.51789999916218,8.570100006181747,445.05078125
1537,2.320652961730957,,0.00015424504462857014,228.56989997671917,8960.05992131334,0.2658999874256551,219.71830000984482,8.582000009482726,445.07421875
1538,2.3101844787597656,,0.0001540860574390458,232.9328999912832,8792.231582900657,0.32619998091831803,226.31440000259317,6.288799981120974,445.05078125
1539,2.3083205223083496,2.2705944180488586,0.0001539270854845995,233.57519999262877,8768.054143011037,0.31129998387768865,227.43940001237206,5.820899998070672,445.48828125
1540,2.3396365642547607,,0.00015376812898714473,214.2203000257723,9560.251758370287,0.367900007404387,207.96400000108406,5.885399994440377,445.07421875
1541,2.3459134101867676,,0.00015360918816857322,219.43699999246746,9332.974840479505,0.31859998125582933,210.8040000020992,8.310699980938807,445.12890625
1542,2.345172882080078,,0.00015345026325075495,218.2833999977447,9382.298424988614,0.31800000579096377,211.93540000240318,6.02719999733381,445.05078125
1543,2.3322198390960693,,0.00015329135445553768,239.37589998240583,8555.581410453302,0.2843999827746302,228.5973000107333,10.490000015124679,445.10546875
1544,2.2745919227600098,,0.0001531324620047466,230.04339999170043,8902.667931676755,0.5200000014156103,223.91050000442192,5.609300016658381,445.10546875
1545,2.322821855545044,,0.00015297358612018422,221.0031999857165,9266.834145986859,0.31870001112110913,213.89680000720546,6.78429999970831,445.07421875
1546,2.3466687202453613,,0.00015281472702362975,224.38930001226254,9126.994914142875,0.3420000139158219,219.38900000532158,4.654999997001141,445.10546875
1547,2.3073129653930664,,0.00015265588493683905,219.9953999952413,9309.285557990303,0.2696999872568995,210.50680000917055,9.215400001266971,445.05078125
1548,2.35207462310791,,0.00015249706008154431,233.32900000968948,8777.305863887268,0.37250001332722604,226.48089998983778,6.472099979873747,445.10546875
1549,2.3672962188720703,,0.00015233825267945352,254.0482000040356,8061.46235229168,0.30429998878389597,247.856200003298,5.8840000128839165,445.05078125
1550,2.2994563579559326,,0.0001521794629522504,232.01840001274832,8826.88614302776,0.2690000110305846,225.48920000554062,6.257400003960356,445.07421875
1551,2.3038058280944824,,0.00015202069112159403,210.09949999279343,9747.762370068696,0.3515999997034669,201.47309999447316,8.271300001069903,445.12890625
1552,2.2563326358795166,,0.00015186193740911836,219.27729999879375,9339.772060360403,0.36639999598264694,211.49839999270625,7.409300014842302,445.05078125
1553,2.289759397506714,,0.00015170320203643228,211.0625000204891,9703.286940130001,0.3383000148460269,200.7935000001453,9.926400001859292,445.12890625
1554,2.287156581878662,,0.00015154448522511878,203.31409998470917,10073.08396296187,0.3753999772015959,198.66460000048392,4.2711999849416316,445.10546875
1555,2.305765390396118,,0.00015138578719673518,254.00320001062937,8062.890545923424,0.2809000143315643,247.17899999814108,6.540100002894178,445.12890625
1556,2.3139326572418213,,0.00015122710817281257,226.54800000600517,9040.026837340047,0.29200001154094934,220.30590000213124,5.947400000877678,445.12890625
1557,2.3667805194854736,,0.0001510684483748553,232.5892000226304,8805.223973429267,0.2971000212710351,227.03080001519993,5.258499993942678,445.05078125
1558,2.3275160789489746,,0.0001509098080243411,223.2594999950379,9173.18188048221,0.3690000157803297,217.84240001579747,5.043600016506389,445.07421875
1559,2.264575958251953,,0.00015075118734272054,257.1145000110846,7965.322842203405,1.2829999905079603,250.09209997369908,5.734400008805096,445.078125
1560,2.270739793777466,,0.00015059258655141655,208.698500005994,9813.199423767683,0.3093999985139817,201.0459000011906,7.339600007981062,445.1328125
1561,2.2580535411834717,,0.00015043400587182456,214.12729998701252,9564.403978961194,0.36029997863806784,207.63600000645965,6.127300002845004,445.0546875
1562,2.269622802734375,,0.0001502754455253116,210.84320000954904,9713.37942085515,0.3471999953035265,201.64159999694675,8.850199985317886,445.078125
1563,2.311114549636841,,0.00015011690573321664,225.13169999001548,9096.897505286142,0.34959998447448015,216.7126999993343,8.065099973464385,445.0546875
1564,2.2552103996276855,,0.00014995838671684976,229.13309998693876,8938.036451812251,0.4123999970033765,219.37169999000616,9.345200000097975,445.109375
1565,2.2358224391937256,,0.0001497998886974921,213.03240000270307,9613.561129546557,0.35509999725036323,207.35670000431128,5.317400005878881,445.078125
1566,2.3047404289245605,,0.00014964141189639557,202.05649998388253,10135.77885474292,0.2479999966453761,198.01519997417927,3.7905999924987555,445.078125
1567,2.3013253211975098,,0.0001494829565347822,211.01749999797903,9705.356190930204,0.24590000975877047,203.58199998736382,7.184399990364909,445.109375
1568,2.3211987018585205,,0.00014932452283384438,255.86619999376126,8004.183436694398,0.39939998532645404,245.57349999668077,9.889200009638444,445.0546875
1569,2.2644388675689697,,0.0001491661110147442,246.95469997823238,8293.018922824791,0.3338000096846372,236.5464000031352,10.070799995446578,445.078125
1570,2.3136188983917236,,0.000149007721298613,246.700800023973,8301.55394632278,0.4017000028397888,236.5910999942571,9.703599993372336,470.1796875
1571,2.3230655193328857,,0.00014884935390655152,234.2441999935545,8743.012634064591,0.430300016887486,226.3894000207074,7.421700021950528,468.9296875
1572,2.2922723293304443,,0.00014869100905962927,229.24489999422804,8933.67747789183,0.4090000002179295,223.45759999006987,5.374999978812411,468.9296875
1573,2.334784746170044,,0.00014853268697888417,207.31670001987368,9878.60601583797,0.26950001483783126,199.37800001935102,7.66580001800321,468.9296875
1574,2.279773235321045,,0.00014837438788532252,210.58020001510158,9725.510754824667,0.3194000164512545,203.17220001015812,7.085199991706759,468.9296875
1575,2.2526464462280273,,0.0001482161119999184,206.5796000242699,9913.85402895248,0.28440001187846065,201.20609999867156,5.086499993922189,468.9296875
1576,2.2802600860595703,,0.00014805785954361355,178.05240000598133,11502.231926844015,0.28330000350251794,174.0886000043247,3.677200002130121,468.9296875
1577,2.301811456680298,,0.0001478996307373171,187.6637999957893,10913.13295396316,0.3826999745797366,177.8753999969922,9.401899995282292,468.9296875
1578,2.2741482257843018,,0.00014774142580190497,237.51270002685487,8622.696806395777,0.46040001325309277,231.0183999943547,6.03020002017729,468.984375
1579,2.2885749340057373,,0.0001475832449582199,189.28299998515286,10819.777793888743,0.28390000807121396,182.6246000127867,6.371299998136237,468.9296875
1580,2.3282313346862793,,0.00014742508842707094,220.8239999890793,9274.35423731697,0.3782999992836267,211.9513000070583,8.490300009725615,468.9296875
1581,2.3116800785064697,,0.00014726695642923324,239.73030000342987,8542.933454680942,0.3001999866683036,233.5763000010047,5.851299996720627,468.9296875
1582,2.290585994720459,,0.00014710884918544772,208.46419999725185,9824.228812558695,0.2829000004567206,202.61269999900833,5.566000007092953,468.9296875
1583,2.2938952445983887,,0.0001469507669164206,234.92220000480302,8717.779758397155,0.3630999999586493,227.96060002292506,6.595800019567832,468.9296875
1584,2.35561466217041,,0.00014679270984282344,209.1748000239022,9790.854346536853,0.2606000052765012,199.45800001733005,9.453300008317456,468.9296875
1585,2.2888052463531494,,0.00014663467818529252,218.3190000068862,9380.76850817108,0.38240000139921904,211.81549999164417,6.117799988714978,468.984375
1586,2.265944242477417,,0.00014647667216442865,218.69939999305643,9364.451846072841,0.3997000167146325,209.73259999300353,8.563900017179549,468.9296875
1587,2.291623830795288,,0.0001463186920007968,190.76110000605695,10735.94144684096,0.2700999903026968,184.87960001220927,5.608300009043887,468.9296875
1588,2.304081678390503,,0.00014616073791492607,222.96390001429245,9185.343456356473,0.4802000185009092,216.24229999724776,6.23749999795109,468.9296875
1589,2.2670273780822754,,0.0001460028101273088,210.20700002554804,9742.77735637296,0.31900001340545714,204.32920000166632,5.555800016736612,468.9296875
1590,2.2920923233032227,,0.00014584490885840095,211.07069999561645,9702.909973021046,0.29559998074546456,204.7964000084903,5.975700012641028,468.9296875
1591,2.3338563442230225,,0.00014568703432862122,235.64279999118298,8691.120628666056,0.2899999963119626,224.9766000022646,10.3728000249248,476.98046875
1592,2.2832353115081787,,0.00014552918675835114,230.4551000124775,8886.76362505805,0.42379999649710953,223.3055999968201,6.721699988702312,468.9296875
1593,2.3726260662078857,,0.0001453713663679346,203.4568999952171,10066.01398157617,0.23239999427460134,198.21760000195354,5.0042999791912735,468.9296875
1594,2.339067220687866,,0.00014521357337767736,199.83940001111478,10248.229327580513,0.2565000031609088,191.17649999679998,8.403200015891343,468.9296875
1595,2.2655465602874756,,0.0001450558080078472,227.9413999931421,8984.765382952006,0.34989998675882816,224.19999999692664,3.3885999873746186,468.9296875
1596,2.2811598777770996,,0.00014489807047867327,189.78929999866523,10790.913924095845,0.30330001027323306,180.54609998944215,8.936500002164394,468.9296875
1597,2.322390556335449,,0.00014474036101034561,232.65489999903366,8802.737445067809,0.25919999461621046,226.87280000536703,5.5204000091180205,468.984375
1598,2.3229751586914062,,0.00014458267982301546,207.32809999026358,9878.062839027498,0.29039999935775995,202.67729999613948,4.357599973445758,468.9296875
1599,2.25484037399292,,0.0001444250271367943,186.32060001255013,10991.806594987625,0.2656000142451376,180.51940001896583,5.533300020033494,468.9296875
1600,2.2857155799865723,,0.000144267403171754,215.15949998865835,9518.519982189751,0.3389999910723418,207.02880001044832,7.788400020217523,468.9296875
1601,2.307901620864868,,0.00014410980814792622,201.47880000877194,10164.841163987649,0.29090000316500664,194.57459999830462,6.609999982174486,468.984375
1602,2.3411712646484375,,0.00014395224228530226,201.078400015831,10185.0820368511,0.2516999957151711,194.57459999830462,6.249800004297867,468.9296875
1603,2.354588508605957,,0.0001437947058038328,220.80959999584593,9274.959059925513,0.2641000028233975,216.2984000169672,4.24479998764582,468.984375
1604,2.2925944328308105,,0.0001436371989234273,199.2131999868434,10280.443264478738,0.25519999326206744,192.51309998799115,6.441700010327622,468.9296875
1605,2.2664217948913574,,0.0001434797218639541,216.0067000077106,9481.187388756434,0.24980001035146415,210.842300002696,4.911700001684949,468.984375
1606,2.330667734146118,,0.00014332227484523984,187.83639997127466,10903.105044140515,0.2812000166159123,177.6049000036437,9.946900012437254,468.9296875
1607,2.2960433959960938,,0.00014316485808706921,226.11590000451542,9057.302029441991,0.3532000118866563,216.31950000301003,9.43929998902604,468.9296875
1608,2.3012003898620605,,0.0001430074718091847,240.57860000175424,8512.810366279738,0.41700000292621553,236.24689999269322,3.9114999817684293,468.9296875
1609,2.3560891151428223,,0.00014285011623128624,220.71100000175647,9279.102536727672,0.3353999927639961,211.62699998239987,8.743799990043044,468.984375
1610,2.314457893371582,,0.00014269279157303076,241.8508999980986,8468.027201950048,0.3563000063877553,234.5074000186287,6.983700004639104,468.9296875
1611,2.293931007385254,,0.0001425354980540323,232.94620000524446,8791.729592300248,0.30610000248998404,228.9230000169482,3.7142000219319016,468.9296875
1612,2.308258056640625,,0.0001423782358938612,200.91059998958372,10193.58859167301,0.2626999921631068,192.3704000073485,8.273700019344687,468.94140625
1613,2.2530388832092285,,0.00014222100531204415,248.0865999823436,8255.181860470322,0.3150000120513141,237.2419000021182,10.525899997446686,468.99609375
1614,2.314542770385742,,0.0001420638065280637,223.3637000026647,9168.902556572835,0.4022000066470355,215.2244000171777,7.733300008112565,468.94140625
1615,2.3713207244873047,,0.00014190663976135806,233.6219999997411,8766.297694576151,0.44830000842921436,227.9084000037983,5.262100021354854,468.94140625
1616,2.291919469833374,,0.0001417495052313207,186.64180001360364,10972.890316374622,0.28050001128576696,175.9314000082668,10.426299995742738,468.94140625
1617,2.3123302459716797,,0.0001415924031573002,220.21709999535233,9299.913585471895,0.39420000393874943,214.74520000629127,5.074899992905557,468.94140625
1618,2.2910358905792236,,0.0001414353337585996,200.5662999872584,10211.087306940924,0.29219998396001756,194.24599999911152,6.025199982104823,468.94140625
1619,2.272519826889038,,0.00014127829725447657,194.22930001746863,10544.238175269162,0.29409999842755497,188.4933999972418,5.4385999974329025,468.94140625
1620,2.26822829246521,,0.00014112129386414268,203.31650000298396,10072.965056795403,0.2902999985963106,194.79219999630004,8.231199986767024,468.99609375
1621,2.2801146507263184,,0.00014096432380676345,215.82309997756965,9489.253004951033,0.37090000114403665,210.81310001318343,4.63599999784492,468.94140625
1622,2.286186933517456,,0.0001408073873014578,203.00460001453757,10088.441344941635,0.2618000144138932,193.95410001743585,8.785500016529113,468.94140625
1623,2.2581262588500977,,0.00014065048456729767,216.6264000115916,9454.064693363376,0.3380000125616789,210.54220001678914,5.7428000145591795,468.94140625
1624,2.2676782608032227,,0.00014049361582330804,209.72040001652204,9765.382861365208,0.4734000249300152,203.89830000931397,5.344800010789186,468.99609375
1625,2.338711977005005,,0.00014033678128846645,223.40480002458207,9167.215743684339,0.31350000062957406,215.36930001457222,7.718300010310486,468.94140625
1626,2.2571871280670166,,0.0001401799811817025,239.09059999277815,8565.790541584909,0.48889999743551016,233.78550002234988,4.812800005311146,468.94140625
1627,2.3246755599975586,,0.00014002321572189794,209.86820000689477,9758.505576036376,0.31889998354017735,199.9886000121478,9.556700009852648,468.94140625
1628,2.2636828422546387,,0.000139866485127886,232.45139999198727,8810.443817807058,0.2632999967318028,224.32549999211915,7.859300007112324,468.94140625
1629,2.2635672092437744,,0.00013970978961845137,223.64569999626838,9157.34127700274,0.3080999886151403,214.77419999428093,8.559699985198677,468.94140625
1630,2.325265407562256,,0.0001395531294123297,237.9269000084605,8607.685805712488,0.3335000074002892,227.6488000061363,9.941299998899922,468.94140625
1631,2.340101957321167,,0.00013939650472820727,238.52010001428425,8586.278472453061,0.3391999925952405,232.5944000040181,5.583599995588884,468.94140625
1632,2.281057596206665,,0.00013923991578472094,215.4173000017181,9507.128721712072,0.3060000017285347,208.01780000329018,7.0909000060055405,468.99609375
1633,2.2942209243774414,,0.00013908336280045764,238.4260999970138,8589.663631731804,0.4568000149447471,232.6321000000462,5.334400018909946,468.94140625
1634,2.27347469329834,,0.00013892684599395395,197.93110000318848,10347.034902382742,0.29960001120343804,191.09730000491254,6.530799990287051,455.98046875
1635,2.277228593826294,,0.00013877036558369613,207.10590001544915,9888.660824473029,0.28830001247115433,201.30040001822636,5.514500022400171,452.16796875
1636,2.304469585418701,,0.00013861392178811954,234.64459998649545,8728.093466109465,0.3021999727934599,229.24290000810288,5.097099987324327,452.22265625
1637,2.2922141551971436,,0.0001384575148256085,206.30429999437183,9927.083439636845,0.3561999765224755,199.05900000594556,6.88510001054965,452.16796875
1638,2.30122971534729,,0.00013830114491449587,252.2078000183683,8120.288111037185,0.30220000189729035,244.47740000323392,7.424700015690178,452.16796875
1639,2.3114516735076904,,0.00013814481227306273,226.10620001796633,9057.690588923553,0.39110000943765044,218.2019999891054,7.509000017307699,452.16796875
1640,2.369431734085083,,0.00013798851711953824,226.23689999454655,9052.457844186192,0.28479998582042754,220.09059999254532,5.858399992575869,452.16796875
1641,2.330972909927368,,0.00013783225967209915,207.53529999637976,9868.200735179631,0.31430000672116876,198.7305000075139,8.486999984597787,452.16796875
1642,2.299745559692383,,0.00013767604014886962,234.39869997673668,8737.249823498412,0.3929000231437385,227.38850000314415,6.614699988858774,452.16796875
1643,2.2415499687194824,,0.00013751985876792088,225.7423000119161,9072.291723314123,0.2792000013869256,216.59729999373667,8.862199989380315,452.16796875
1644,2.2739410400390625,,0.00013736371574727085,258.1720000016503,7932.696032051921,0.3056999994441867,249.5856999885291,8.276699983980507,452.16796875
1645,2.297149658203125,,0.000137207611304884,211.78780001355335,9670.056537104301,0.24449999909847975,202.11189999827184,9.428100020159036,452.22265625
1646,2.298189401626587,,0.00013705154565867088,227.03320000437088,9020.70710345699,0.3029000072274357,220.08359999745153,6.64350000442937,452.22265625
1647,2.310682535171509,,0.00013689551902648783,260.05659997463226,7875.208705334824,0.426900020102039,250.45239998144098,9.17410000693053,451.16796875
1648,2.278425693511963,,0.00013673953162613686,208.35809997515753,9829.231502131102,0.3575999871827662,202.56559998961166,5.43160000233911,452.16796875
1649,2.2866392135620117,,0.00013658358367536514,214.11500000976957,9564.953412449173,0.3223000094294548,210.15410000109114,3.635100001702085,452.16796875
1650,2.2750492095947266,,0.00013642767539186475,218.43259999877773,9375.889862646234,0.2401999954599887,212.1573000040371,6.032399978721514,452.22265625
1651,2.2747015953063965,,0.0001362718069932725,239.04280000715517,8567.50339244143,0.32809999538585544,228.06490000220947,10.645999980624765,452.16796875
1652,2.3087778091430664,,0.0001361159786971694,224.35269999550655,9128.48385618278,0.37560000782832503,216.71210002386943,7.261899998411536,452.16796875
1653,2.3174548149108887,,0.0001359601907210805,224.09180001704954,9139.111738333051,0.2868000010494143,217.93770001386292,5.864300008397549,452.22265625
1654,2.283339738845825,,0.00013580444328247472,254.53340000240132,8046.095325724164,0.35710001247934997,248.06610000086948,6.106800021370873,452.22265625
1655,2.3017098903656006,,0.00013564873659876412,225.44619999825954,9084.207229999045,0.4488999838940799,217.32530000736006,7.668899983400479,452.16796875
1656,2.2309494018554688,,0.00013549307088730412,237.35579999629408,8628.396694043187,0.3934999986086041,227.87279999465682,9.085800003958866,452.16796875
1657,2.3052635192871094,,0.0001353374463653928,223.21840000222437,9174.87088868835,0.37529997644014657,219.21110001858324,3.627900005085394,452.16796875
1658,2.3041584491729736,,0.0001351818632502708,237.7273000020068,8614.91296953573,0.26229998911730945,229.00059999665245,8.461199991870672,452.22265625
1659,2.275812864303589,,0.000135026321759121,233.2524000084959,8780.18832786031,0.34070000401698053,226.87160002533346,6.036500009940937,452.22265625
1660,2.2538094520568848,,0.00013487082210906804,206.64269998087548,9910.826756471628,0.34359999699518085,200.46690001618117,5.829100002301857,452.16796875
1661,2.316209554672241,,0.00013471536451717826,222.08200002205558,9221.818966852818,0.26359999901615083,213.25480000814423,8.56069999281317,452.16796875
1662,2.3305184841156006,,0.0001345599492004593,237.85889998544008,8610.146604248834,0.523599999723956,230.07660001167096,7.254799973452464,452.16796875
1663,2.211909770965576,,0.00013440457637585974,221.59709999687038,9241.9982031756,0.3638999769464135,215.0338999927044,6.196200003614649,452.22265625
1664,2.3130719661712646,,0.00013424924626026887,221.45070001715794,9248.108043195716,0.26240001898258924,211.70520002488047,9.479900007136166,452.22265625
1665,2.2953202724456787,,0.0001340939590705163,260.79839997692034,7852.80891363306,0.40240000816993415,249.39690000610426,10.994500014930964,452.16796875
1666,2.2758686542510986,,0.00013393871502337176,247.16020000050776,8286.123736733474,0.37919997703284025,237.19569999957457,9.581199992680922,452.16796875
1667,2.2923429012298584,,0.0001337835143355449,222.34300000127405,9210.99382480341,0.26279999292455614,215.45160000096075,6.625999987591058,452.16796875
1668,2.2943801879882812,,0.0001336283572236845,208.17290002014488,9837.976027628069,0.33480001729913056,200.8501999953296,6.985000014537945,452.16796875
1669,2.3024418354034424,,0.00013347324390437885,236.94989999057725,8643.17731335376,0.33149999217130244,228.42820000369102,8.186499995645136,452.16796875
1670,2.272169351577759,,0.000133318174594155,213.367600023048,9598.458246607146,0.3664999967440963,206.57929999288172,6.41830000677146,452.16796875
1671,2.3169658184051514,,0.00013316314950947842,231.0187999974005,8865.079378920871,0.30780001543462276,224.64709999621846,6.060300016542897,452.16796875
1672,2.2357852458953857,,0.00013300816886675313,256.74110002000816,7976.907475431073,0.3274999908171594,248.89869999606162,7.511300005717203,452.16796875
1673,2.284205198287964,,0.00013285323288232076,227.07470000023022,9019.058486030912,0.3615999885369092,221.66080001625232,5.048799997894093,452.22265625
1674,2.278441905975342,,0.00013269834177246091,224.8760999937076,9107.237274469391,0.24369999300688505,220.3274000203237,4.3021000165026635,452.16796875
1675,2.223546028137207,,0.00013254349575339046,247.18509998638183,8285.289040936652,0.2852999896276742,239.72899999353103,7.166199997300282,452.16796875
1676,2.2972233295440674,,0.00013238869504126317,247.80819998704828,8264.456140301407,0.4800999886356294,240.92019998352043,6.40350001049228,452.16796875
1677,2.2934935092926025,,0.00013223393985216982,235.4256000253372,8699.138920234624,0.294400000711903,231.02860001381487,4.099300014786422,452.16796875
1678,2.2949414253234863,,0.0001320792304021374,235.54270001477562,8694.81414567944,0.3085000207647681,228.38079999201,6.849900004453957,452.22265625
1679,2.300560235977173,2.253453779220581,0.0001319245669071292,209.5512000087183,9773.267821490852,0.2604000037536025,204.29049999802373,4.997699987143278,453.66796875
1680,2.315765142440796,,0.00013176994958304442,248.07040000450797,8255.720956481642,0.34420000156387687,241.4229999994859,6.29980000667274,443.66015625
1681,2.279240369796753,,0.00013161537864571758,230.92679999535903,8868.61117913191,0.29039999935775995,225.0009000126738,5.632900021737441,470.98046875
1682,2.261145830154419,,0.00013146085431091863,203.8585999980569,10046.179067351197,0.287600007141009,195.42550001642667,8.141900005284697,470.92578125
1683,2.2691242694854736,,0.00013130637679435245,244.17150000226684,8387.547277143265,0.2851999888662249,236.4456999930553,7.437399995978922,470.92578125
1684,2.260870933532715,,0.00013115194631165846,231.99589998694137,8827.74221490672,0.3121999907307327,223.36509998422116,8.314899983815849,470.55078125
1685,2.304210901260376,,0.0001309975630784106,218.49359999760054,9373.272260709196,0.53039999329485,209.11850000265986,8.84070000029169,471.55078125
1686,2.289224147796631,,0.00013084322731011665,195.78480001655407,10460.464754295721,0.3437999985180795,189.10319998394698,6.3344000081997365,470.57421875
1687,2.2925093173980713,,0.00013068893922221823,224.1195999959018,9137.978115423413,0.31400000443682075,215.94589998130687,7.856599986553192,470.57421875
1688,2.248218059539795,,0.0001305346990300905,204.7817999846302,10000.8887516064,0.3105999785475433,198.7743999925442,5.694299994502217,470.57421875
1689,2.278921127319336,,0.0001303805069490416,229.9866999965161,8904.862759590114,0.30860002152621746,223.2994000078179,6.37529999949038,470.55078125
1690,2.361485004425049,,0.0001302263631943125,224.40729997470044,9126.262827594692,0.36369997542351484,214.93970000301488,9.1000999964308,455.73828125
1691,2.2570953369140625,,0.00013007226798107696,255.32369999564253,8021.190355752138,0.2899999963119626,248.03539999993518,6.994900002609938,453.48828125
1692,2.2603797912597656,,0.00012991822152444064,239.14799999329261,8563.734591372038,0.2954999799840152,233.07560000102967,5.773599987151101,453.48828125
1693,2.3276901245117188,,0.00012976422403944144,230.60690000420436,8880.913797300347,0.3856999974232167,222.22939998027869,7.987899996805936,453.48828125
1694,2.2980637550354004,,0.00012961027574104862,229.2271000042092,8934.371197656792,0.3800000122282654,222.39579999586567,6.447700026910752,453.48828125
1695,2.2732317447662354,,0.000129456376844163,269.7561999957543,7592.040516704467,0.5293999856803566,257.88300001295283,11.338500014971942,453.48828125
1696,2.2748217582702637,,0.00012930252756361639,233.48429999896325,8771.467717568563,0.4064000095240772,227.87279999465682,5.201100022532046,453.54296875
1697,2.260061025619507,,0.00012914872811417124,244.45289999130182,8377.89201957871,0.2770000137388706,235.3004000033252,8.87180000427179,453.48828125
1698,2.2904000282287598,,0.00012899497871052054,210.548100003507,9726.993499185637,0.3209999995306134,203.44899999327026,6.774499983293936,453.48828125
1699,2.2646961212158203,,0.0001288412795672874,241.63720000069588,8475.516187052746,0.33310000435449183,234.09100002027117,7.209200004581362,453.48828125
1700,2.226656675338745,,0.00012868763089902472,232.1698000014294,8821.130052174707,0.3189999843016267,225.5474999838043,6.300000008195639,453.48828125
1701,2.265176773071289,,0.00012853403292021508,211.71939998748712,9673.18063493964,0.27859999681822956,207.97679998213425,3.4613999887369573,453.54296875
1702,2.2986717224121094,,0.00012838048584527006,215.98700000322424,9482.052160405152,0.23919998784549534,208.0660999927204,7.678499998291954,453.48828125
1703,2.330517292022705,,0.00012822698988853039,217.5693000026513,9413.09274780515,0.27520000003278255,207.66019998700358,9.630599990487099,453.48828125
1704,2.252772569656372,,0.00012807354526426538,221.13759999047033,9261.20207548719,0.37850000080652535,217.39370000432245,3.362199990078807,453.48828125
1705,2.3108010292053223,,0.00012792015218667267,240.71860002004541,8507.85938365152,0.2612000098451972,233.72729998664,6.727100000716746,453.48828125
1706,2.362779378890991,,0.00012776681086987794,255.05600002361462,8029.609183122075,0.33999999868683517,245.1205000106711,9.59200001670979,453.48828125
1707,2.2636067867279053,,0.0001276135215279347,219.49409999069758,9330.54692625814,0.24289998691529036,215.3282999934163,3.9200999890454113,453.48828125
1708,2.282052516937256,,0.00012746028437482371,231.52800000389107,8845.582391613892,0.23789997794665396,223.5930000024382,7.693199993809685,453.48828125
1709,2.247263193130493,,0.00012730709962445314,217.39860001252964,9420.483848019097,0.437400012742728,209.83179999166168,7.125900010578334,453.48828125
1710,2.2738282680511475,,0.00012715396749065776,228.5281000076793,8961.698801728016,0.32809999538585544,222.28670000913553,5.910400010179728,453.421875
1711,2.31899094581604,,0.00012700088818719902,239.30809999001212,8558.005349946267,0.29239998548291624,232.8544000047259,6.158499978482723,453.421875
1712,2.2788259983062744,,0.00012684786192776468,235.66289999871515,8690.379351230788,0.30869999318383634,226.81729999021627,8.533099986379966,453.421875
1713,2.2930502891540527,,0.0001266948889259683,238.86009998386726,8574.056529903166,0.4112999886274338,231.42349999397993,7.0214000006671995,453.4765625
1714,2.2800276279449463,,0.0001265419693953493,214.3690999946557,9553.615703247611,0.43230000301264226,205.55360001162626,8.379399980185553,453.4765625
1715,2.2850377559661865,,0.00012638910354937215,226.35069998796098,9047.906633860324,0.37579998024739325,219.81820001383312,6.153700000140816,453.4765625
1716,2.231654167175293,,0.00012623629160142666,223.38789998320863,9167.909274199461,0.29739999445155263,217.7975999948103,5.2900000009685755,453.421875
1717,2.272242546081543,,0.00012608353376482737,225.00350000336766,9102.080634165011,0.3110000106971711,218.03650000947528,6.652699987171218,453.4765625
1718,2.3505873680114746,,0.00012593083025281312,231.59199999645352,8843.137932361058,0.2504000149201602,222.83909999532625,8.499699993990362,453.421875
1719,2.2771172523498535,,0.0001257781812785471,227.7714000083506,8991.47127306113,0.39679999463260174,222.2710000060033,5.09970000712201,453.421875
1720,2.323566198348999,,0.00012562558705511625,200.04939998034388,10237.471345583786,0.2924999862443656,192.7702999964822,6.983700004639104,453.421875
1721,2.328434705734253,,0.0001254730477955311,220.76799999922514,9276.70676912953,0.41879998752847314,210.276600002544,10.068600007798523,453.421875
1722,2.2172820568084717,,0.00012532056371272553,240.41800000122748,8518.496951099933,0.3879000141751021,233.60390000743791,6.4224000088870525,453.4765625
1723,2.3140952587127686,,0.00012516813501955626,227.9704000102356,8983.622434789986,0.2890000178012997,222.06500000902452,5.612899985862896,453.421875
1724,2.252528667449951,,0.00012501576192880281,225.8698999939952,9067.166541688142,0.23189999046735466,217.88999999989755,7.745500013697892,453.421875
1725,2.3132481575012207,,0.00012486344465316708,210.5536999879405,9726.734795528644,0.32270001247525215,203.1637000036426,7.064100005663931,453.421875
1726,2.3036186695098877,,0.000124711183405273,213.28210001229309,9602.306053259781,0.2555000246502459,206.28060001763515,6.742700003087521,453.421875
1727,2.238657236099243,,0.00012455897839766625,237.87179999635555,8609.679667919349,0.34729999606497586,228.4049000008963,9.116000001085922,453.421875
1728,2.3265507221221924,,0.0001244068298428142,221.76659997785464,9234.934386893747,0.41749997762963176,216.204900003504,5.139399989275262,453.421875
1729,2.363325834274292,,0.00012425473795310514,208.79069998045452,9808.866008839086,0.3058999718632549,200.36630000686273,8.115099975839257,453.421875
1730,2.283635377883911,,0.00012410270294084853,237.39759999443777,8626.877441254606,0.3409999771974981,231.57860001083463,5.474000005051494,453.421875
1731,2.2839841842651367,,0.00012395072501827413,216.64190001320094,9453.388286731266,0.30059998971410096,209.88480001688004,6.453200010582805,453.421875
1732,2.308126211166382,,0.0001237988043975323,230.09580001235008,8900.640515342202,0.3110000106971711,222.50799997709692,7.273499999428168,453.421875
1733,2.307812452316284,,0.00012364694129069327,252.20280000939965,8120.449098597123,0.45360001968219876,240.3420000046026,11.402699979953468,453.421875
1734,2.2839202880859375,,0.00012349513590974697,261.3790999748744,7835.362506783703,0.39820000529289246,254.80540000717156,6.171500019263476,453.421875
1735,2.2804837226867676,,0.0001233433884666028,210.5669000011403,9726.125046191539,0.3499000158626586,203.97779997438192,6.236199988052249,453.421875
1736,2.3198113441467285,,0.00012319169917308936,237.71470002247952,8615.36959980317,0.4397000011522323,228.7740999890957,8.497200004057959,453.421875
1737,2.228976249694824,,0.00012304006824095384,217.81030000420287,9402.677467321251,0.32660001306794584,207.9133999941405,9.566200023982674,453.421875
1738,2.259521007537842,,0.00012288849588186216,211.8495000177063,9667.240186211575,0.4636000085156411,205.02759999362752,6.3544999866280705,453.421875
1739,2.3324217796325684,,0.0001227369823073984,246.36849999660626,8312.751021450435,0.3096000000368804,240.03679997986183,6.01819998701103,453.421875
1740,2.283242702484131,,0.00012258552772906464,235.92869998537935,8680.588669911358,0.2933999930974096,228.12970000086352,7.502399996155873,453.421875
1741,2.290532350540161,,0.0001224341323582806,255.5471999803558,8014.1750727749395,0.3167999966535717,249.50750000425614,5.71900000795722,453.421875
1742,2.2854018211364746,,0.0001222827964063832,225.59869999531657,9078.066496139014,0.3279999946244061,219.88300001248717,5.3847999952267855,453.421875
1743,2.265268564224243,,0.0001221315200846266,227.74820000631735,8992.38720632344,0.3358999965712428,217.7465000131633,9.66150002204813,453.421875
1744,2.2822957038879395,,0.00012198030360418176,225.02409998560324,9101.247378085407,0.33889999031089246,215.7489999954123,8.93250000081025,453.421875
1745,2.333876132965088,,0.00012182914717613581,227.29790001176298,9010.202029556864,0.4149999876972288,219.9397000076715,6.939300015801564,453.4765625
1746,2.302105188369751,,0.00012167805101149235,220.7858000183478,9275.958869772452,0.294700002996251,216.63039998384193,3.8573000056203455,453.421875
1747,2.32212233543396,,0.0001215270153211707,236.98260000674054,8641.98468554969,0.23450001026503742,230.1508999953512,6.594300008146092,453.421875
1748,2.295513391494751,,0.00012137604031600584,213.4488000010606,9594.806810765973,0.3288000007160008,205.61070000985637,7.505700021283701,453.421875
1749,2.300485372543335,,0.00012122512620674806,223.8700999878347,9148.162260664958,0.3425999893806875,218.07390000321902,5.4496999946422875,453.4765625
1750,2.3103103637695312,,0.00012107427320406248,214.8573000158649,9531.907921437984,0.301199994282797,209.2051000217907,5.348200007574633,453.421875
1751,2.3261423110961914,,0.00012092348151852913,261.4696999953594,7832.64753061769,0.35390001721680164,254.2805999983102,6.831100006820634,453.421875
1752,2.3066353797912598,,0.00012077275136064226,251.56420000712387,8141.062996809578,0.4318999999668449,240.5952000117395,10.533399996347725,453.4765625
1753,2.335340976715088,,0.00012062208294081036,222.25750001962297,9214.53719140719,0.44669999624602497,212.73130000918172,9.075800015125424,453.4765625
1754,2.321941614151001,,0.00012047147646935572,225.34979999181814,9088.093266887112,0.40040002204477787,219.51649998663925,5.429599987110123,453.4765625
1755,2.2732489109039307,,0.00012032093215651409,224.39960000338033,9126.575983063914,0.25320000713691115,215.32160000060685,8.821800001896918,453.4765625
1756,2.277923822402954,,0.00012017045021243452,240.22370000602677,8525.38696202173,0.30590000096708536,232.64820000622422,7.266200002050027,453.4765625
1757,2.309086561203003,,0.000120020030847179,204.51859998865984,10013.759140310747,0.27119999867863953,201.0139999911189,3.230899979826063,453.421875
1758,2.249180793762207,,0.00011986967427072203,253.09400001424365,8091.855199588858,0.31740000122226775,246.91630000597797,5.856900010257959,453.421875
1759,2.253462791442871,,0.0001197193806929507,226.42849999829195,9044.797805998136,0.3397999971639365,220.81109997816384,5.274099996313453,453.421875
1760,2.227832078933716,,0.0001195691503236639,218.23159998166375,9384.525431569384,0.28909998945891857,211.27529998193495,6.6639999859035015,453.421875
1761,2.2651970386505127,,0.00011941898337257246,237.54820000613108,8621.408202407518,0.49149998812936246,230.49889999674633,6.553999992320314,453.421875
1762,2.301769971847534,,0.0001192688800492987,218.86350002023391,9357.430543743762,0.29200001154094934,213.15639998647384,5.412099999375641,453.421875
1763,2.282588243484497,,0.00011911884056337595,251.40609999652952,8146.182610637813,0.27049999334849417,247.0014000136871,4.131000023335218,453.421875
1764,2.217742681503296,,0.00011896886512424857,217.072699975688,9434.627201989815,0.19019999308511615,212.9865000024438,3.893400018569082,453.421875
1765,2.3501956462860107,,0.0001188189539412715,236.26480001257733,8668.240042067107,0.2614000113680959,230.06720002740622,5.933400010690093,453.421875
1766,2.2506754398345947,,0.00011866910722370992,220.95879999687895,9268.696245765854,0.32740001915954053,216.31339998566546,4.314699996029958,453.4765625
1767,2.3020195960998535,,0.00011851932518073907,208.33500000298955,9830.321357288078,0.24369999300688505,198.49310000427067,9.593899972969666,453.421875
1768,2.341304063796997,,0.0001183696080214439,238.80300001474097,8576.106664797258,0.41870001587085426,231.02780000772327,7.353099994361401,453.421875
1769,2.3215935230255127,,0.0001182199559548188,223.1673000205774,9176.971714992123,0.2766000106930733,213.73739998671226,9.150199999567121,453.421875
1770,2.2912092208862305,,0.0001180703691897673,230.5826999945566,8881.845862887143,0.3175000019837171,222.34420001041144,7.917900016764179,453.421875
1771,2.265805959701538,,0.00011792084793510167,225.50229998887517,9081.947279921469,0.37460000021383166,217.5954999984242,7.5289000233169645,453.421875
1772,2.325558662414551,,0.00011777139239954288,205.79779997933656,9951.515517685964,0.3400999994482845,198.85719998273998,6.597900006454438,453.4765625
1773,2.26619553565979,,0.00011762200279172015,219.07869999995455,9348.238783598885,0.3733999910764396,213.85840000584722,4.843899980187416,453.421875
1774,2.3205974102020264,,0.0001174726793201705,212.88890001596883,9620.041250842009,0.26760000037029386,206.8178000045009,5.800599989015609,453.421875
1775,2.2605514526367188,,0.00011732342219333882,241.79369999910705,8470.030443338943,0.3727000148501247,233.92640001839027,7.492000004276633,453.421875
1776,2.288475513458252,,0.00011717423161957726,211.17120000417344,9698.292191167757,0.2893999917432666,205.16650000354275,5.712500016670674,453.421875
1777,2.3114590644836426,,0.00011702510780714518,239.12439998821355,8564.579775635384,0.2874000056181103,233.48239998449571,5.351899977540597,453.4765625
1778,2.2799103260040283,,0.00011687605096420871,221.74149999045767,9235.97973355521,0.3307999868411571,215.07219999330118,6.33529998594895,453.421875
1779,2.2726008892059326,,0.00011672706129884036,217.38099999492988,9421.246567307018,0.41360000614076853,211.28649997990578,5.67750001209788,453.421875
1780,2.2674787044525146,,0.00011657813901901904,248.15150001086295,8253.022850598718,0.23020000662654638,240.05449999822304,7.863800012273714,453.4765625
1781,2.299125909805298,,0.00011642928433262956,237.1119000017643,8637.272106481207,0.33229999826289713,228.82010001922026,7.956000015838072,453.4765625
1782,2.298968553543091,,0.00011628049744746228,249.4650000007823,8209.56847651405,0.31110001145862043,243.29839998972602,5.85229997523129,453.421875
1783,2.226255178451538,,0.00011613177857121308,237.1491999947466,8635.913593827716,0.3053999971598387,230.20839999662712,6.6322000056970865,453.421875
1784,2.3256289958953857,,0.00011598312791148268,245.27769998530857,8349.71952249499,0.36619999445974827,234.39840000355616,10.508900013519451,453.421875
1785,2.3325700759887695,,0.00011583454567577677,235.0068999803625,8714.637741151999,0.3850999928545207,226.77219999604858,7.846099993912503,453.421875
1786,2.2741873264312744,,0.0001156860320715055,222.72330001578666,9195.266053685615,0.33420001273043454,217.1776999894064,5.208299990044907,453.421875
1787,2.321394443511963,,0.00011553758730598305,205.67900000605732,9957.2635025437,0.47450000420212746,200.7871999812778,4.414399998495355,453.421875
1788,2.2612740993499756,,0.0001153892115864277,224.0913999848999,9139.128052830236,0.28639999800361693,216.6521999752149,7.149099983507767,453.421875
1789,2.301135778427124,,0.00011524090511996123,236.00380000425503,8677.826373825657,0.24720001965761185,229.8593000159599,5.8942000032402575,453.421875
1790,2.29825758934021,,0.00011509266811360885,236.94049997720867,8643.5202094914,0.24739999207668006,227.0661999937147,9.623300022212788,453.421875
1791,2.2931015491485596,,0.00011494450077429875,227.4228000023868,9005.253650814722,0.35940000088885427,218.57680001994595,8.482700010063127,453.421875
1792,2.288297653198242,,0.0001147964033088618,208.31319998251274,9831.350102499138,0.2764999808277935,201.5151999949012,6.518400012282655,453.421875
1793,2.3292884826660156,,0.00011464837592403142,223.32570000435226,9170.462691755081,0.40190000436268747,216.55339997960255,6.367099995259196,453.421875
1794,2.3024020195007324,,0.00011450041882644324,214.80889999656938,9534.055618890594,0.2482999989297241,211.25539997592568,3.3027000026777387,453.4765625
1795,2.2486989498138428,,0.00011435253222263465,205.44920000247657,9968.400947656708,0.26339999749325216,201.27019999199547,3.91289999242872,453.421875
1796,2.237300395965576,,0.00011420471631904475,210.9139999956824,9710.118816398743,0.3012999950442463,204.61960000102408,5.989499972201884,453.421875
1797,2.326770305633545,,0.00011405697132201384,220.08040000218898,9305.69010225186,0.37379999412223697,212.9739000229165,6.728400010615587,453.421875
1798,2.275679111480713,,0.00011390929743778332,226.72829998191446,9032.837983451398,0.28849998489022255,220.68540001055226,5.751299991970882,453.421875
1799,2.2717018127441406,,0.00011376169487249538,212.12999999988824,9654.457172493654,0.25919999461621046,204.91999998921528,6.946999987121671,453.421875
1800,2.3042685985565186,,0.00011361416383219247,214.6227000048384,9542.327069568271,0.2710999979171902,205.74440000928007,8.604300004662946,453.421875
1801,2.3201041221618652,,0.00011346670452281734,224.11499998997897,9138.16567428139,0.40320001426152885,217.13229999295436,6.576099985977635,453.421875
1802,2.2767791748046875,,0.00011331931715021258,226.5346999920439,9040.557583769407,0.2553999947849661,218.10920001007617,8.166799991158769,453.421875
1803,2.2835323810577393,,0.00011317200192012032,226.68060002615675,9034.73874589921,0.33080001594498754,221.92650000215508,4.420500015839934,453.421875
1804,2.2182960510253906,,0.00011302475903818209,196.31989998742938,10431.95315467834,0.22499999613501132,188.74429998686537,7.347700011450797,453.421875
1805,2.3147830963134766,,0.00011287758870993824,219.43470000405796,9333.072663357832,0.26519998209550977,213.68670000811107,5.479900020873174,453.421875
1806,2.2770092487335205,,0.00011273049114082801,224.2709999845829,9131.809284931116,0.3161999920848757,218.70499997748993,5.2463999891188,453.421875
1807,2.2894957065582275,,0.00011258346653618909,202.14280000072904,10131.451627228938,0.2613999822642654,196.81429999764077,5.0648000033106655,453.421875
1808,2.269688367843628,,0.0001124365151012571,207.67639999394305,9861.496058578301,0.32950000604614615,203.44630000181496,3.8978999946266413,453.421875
1809,2.247662305831909,,0.00011228963704116574,217.13479998288676,9431.928922316509,0.2734999870881438,211.02839999366552,5.829699977766722,453.4765625
1810,2.262329339981079,,0.00011214283256094624,228.1479999946896,8976.629205812322,0.28589999419637024,218.80570001667365,9.052800014615059,453.421875
1811,2.284450054168701,,0.000111996101865527,228.9738999970723,8944.250851412262,0.3404000017326325,221.16559999994934,7.464800000889227,453.421875
1812,2.240144729614258,,0.00011184944515973363,234.81729999184608,8721.674255138423,0.38579999818466604,227.68209999776445,6.745300022885203,453.421875
1813,2.2964425086975098,,0.00011170286264828818,198.65620002383366,10309.267970263663,0.46380001003853977,193.5296999872662,4.658899997593835,453.4765625
1814,2.2534642219543457,,0.00011155635453580938,216.3355000084266,9466.77729693105,0.2631999959703535,207.8050999843981,8.263399999123067,453.421875
1815,2.298201560974121,,0.00011140992102681203,218.89240000746213,9356.195098277432,0.3341000119689852,210.31870000297204,8.23609999497421,453.4765625
1816,2.2493104934692383,,0.00011126356232570666,243.42350001097657,8413.320817043756,0.4155999922659248,234.13510000682436,8.86900001205504,453.421875
1817,2.2943034172058105,,0.00011111727863679956,233.80079999333248,8759.59363722624,0.4531000158749521,224.53599999425933,8.807700010947883,453.421875
1818,2.2536630630493164,,0.00011097107016429224,225.8975000004284,9066.05872130553,0.35519999801181257,217.5314000051003,8.007700002053753,453.421875
1819,2.2717196941375732,2.2499464988708495,0.00011082493711228112,200.54450002498925,10212.19729159765,0.4273000231478363,193.9190000121016,6.194400019012392,454.921875
1820,2.2764155864715576,,0.00011067887968475755,231.0416999971494,8864.200705003765,0.3732999903149903,222.53139998065308,8.133600000292063,454.4765625
1821,2.342164993286133,,0.00011053289808560704,220.81699999398552,9274.648238386457,0.3201999934390187,213.19449998554774,7.299699995201081,454.421875
1822,2.2933216094970703,,0.00011038699251860946,215.2572000049986,9514.199757092643,0.2958999830298126,208.3944999903906,6.561500020325184,454.4765625
1823,2.3282735347747803,,0.0001102411631874385,222.62620000401512,9199.276634839312,0.2765999815892428,217.09829999599606,5.249000008916482,454.421875
1824,2.2757906913757324,,0.00011009541029566136,237.18739999458194,8634.522744660055,0.3239999932702631,230.53249999065883,6.326999980956316,454.421875
1825,2.3169443607330322,,0.0001099497340467386,284.93470000103116,7187.61175803645,0.2963000151794404,276.5979999967385,8.036600018385798,454.421875
1826,2.273336172103882,,0.00010980413464402384,239.59030001424253,8547.925353732,0.4594000056385994,234.13860000437126,4.98860000516288,454.421875
1827,2.2331666946411133,,0.00010965861229076326,229.48079998604953,8924.493901557345,0.29749999521300197,221.5845999890007,7.594900002004579,454.4765625
1828,2.2287485599517822,,0.00010951316719009566,230.38170000654645,8889.59496323625,0.5268999957479537,223.28849998302758,6.562299997312948,454.421875
1829,2.2678608894348145,,0.00010936779954505188,259.29859999450855,7898.23007159843,0.5305999948177487,251.59070000518113,7.172200013883412,454.421875
1830,2.2622506618499756,,0.0001092225095585547,230.23929999908432,8895.093061906222,0.3144000074826181,223.48819999024272,6.433800008380786,454.421875
1831,2.2335216999053955,,0.00010907729743341851,233.27389999758452,8779.379090507795,0.32789999386295676,229.74330000579357,3.199899976607412,454.4765625
1832,2.287668228149414,,0.00010893216337234894,230.79560001497157,8873.652703375401,0.2825999981723726,226.09909999300726,4.410900000948459,454.4765625
1833,2.3017821311950684,,0.00010878710757794277,231.7454000003636,8837.284364638033,0.24170000688172877,223.94480000366457,7.554500014521182,454.421875
1834,2.274197816848755,,0.00010864213025268732,217.94529998442158,9396.853247793773,0.3197999903932214,210.03719998407178,7.58429997949861,454.421875
1835,2.245234251022339,,0.00010849723159896058,213.08229997521266,9611.309809581739,0.3533999843057245,205.71340000606142,7.011700014118105,454.421875
1836,2.2531347274780273,,0.0001083524118190307,237.42089999723248,8626.030817101075,0.44559998787008226,232.7242000028491,4.248300014296547,454.421875
1837,2.2539584636688232,,0.00010820767111505551,231.90289997728541,8831.282403974245,0.2993999805767089,225.88670000550337,5.713900027330965,454.421875
1838,2.273724317550659,,0.00010806300968908269,228.21930001373403,8973.824737332703,0.292200013063848,224.6062000049278,3.3180000027641654,454.421875
1839,2.2769947052001953,,0.00010791842774304925,204.3433999933768,10022.344739621538,0.27039999258704484,193.54080001357943,10.527800011914223,454.421875
1840,2.2980329990386963,,0.00010777392547878105,263.1497999827843,7782.639394496912,0.4434000002220273,255.66510000498965,7.037699979264289,454.421875
1841,2.2846646308898926,,0.00010762950309799291,224.43000000203028,9125.339749505294,0.2978999982587993,216.29040001425892,7.838899997295812,454.421875
1842,2.259040355682373,,0.00010748516080228805,219.5678000280168,9327.415038720048,0.288800016278401,211.7327000014484,7.543200015788898,454.421875
1843,2.289916753768921,,0.00010734089879315797,208.86990000144579,9805.14664863546,0.39820000529289246,202.64740000129677,5.8203999942634255,454.421875
1844,2.3008861541748047,,0.00010719671727198207,231.95169999962673,8829.424401732325,0.3381999849807471,224.87530001671985,6.735000002663583,454.421875
1845,2.1771280765533447,,0.00010705261644002727,226.84960000333376,9028.007984011887,0.37620001239702106,222.35120000550523,4.1182999848388135,454.421875
1846,2.291877269744873,,0.00010690859649844802,252.17990000965074,8121.186501864838,0.378700002329424,244.14429999887943,7.653499982552603,454.421875
1847,2.224447727203369,,0.00010676465764828583,235.68109999177977,8689.70825438031,0.3377000102773309,226.48390001268126,8.855399995809421,454.421875
1848,2.2519516944885254,,0.00010662080009046887,249.82939998153597,8197.594038777504,0.38289997610263526,239.8729000124149,9.569899993948638,454.421875
1849,2.3147435188293457,,0.00010647702402581204,246.31280000903644,8314.630826838335,0.3181000065524131,236.23109998879954,9.759699983987957,454.421875
1850,2.2500710487365723,,0.00010633332965501627,258.16570001188666,7932.889612778555,0.45510000200010836,249.45050000678748,8.256100001744926,454.421875
1851,2.3012304306030273,,0.00010618971717866862,225.19040000042878,9094.526232006783,0.38079998921602964,217.44559999206103,7.360399991739541,454.421875
1852,2.25825834274292,,0.00010604618679724181,227.2256999858655,9013.06498396702,0.3708000003825873,220.62879998702556,6.222500000149012,454.421875
1853,2.280820608139038,,0.00010590273871109382,220.70140001596883,9279.506155610328,0.3008000203408301,214.18989999801852,6.206999998539686,454.421875
1854,2.2058897018432617,,0.00010575937312046787,225.58700002264231,9078.537326151069,0.292200013063848,219.14830000605434,6.143000005977228,454.421875
1855,2.2750771045684814,,0.00010561609022549205,217.0402999909129,9436.035612214626,0.2728999825194478,207.5821000034921,9.180699998978525,454.421875
1856,2.236616611480713,,0.00010547289022617894,217.50619998783804,9415.823549464405,0.3632000007200986,212.58900000248104,4.550599987851456,454.421875
1857,2.2711703777313232,,0.0001053297733224255,210.6212999788113,9723.612949905972,0.3105999785475433,203.8812999962829,6.426600011764094,454.4765625
1858,2.2305734157562256,,0.0001051867397140125,223.70800000499003,9154.791066722322,0.3701999958138913,214.42649999517016,8.907700015697628,454.421875
1859,2.3098716735839844,,0.0001050437896006046,238.1669000023976,8599.01186932098,0.368500011973083,229.11939999903552,8.675400022184476,454.421875
1860,2.204200506210327,,0.00010490092318174996,208.77969998400658,9809.382809520685,0.3546999942045659,201.33469998836517,7.087100006174296,454.421875
1861,2.2319416999816895,,0.00010475814065687969,265.54209997993894,7712.524681226523,0.321899977279827,254.43289999384433,10.783400008222088,454.421875
1862,2.2250783443450928,,0.00010461544222530795,274.1686000081245,7469.856139394924,0.5112999933771789,266.14719998906367,7.506299996748567,454.421875
1863,2.245187520980835,,0.00010447282808623156,214.2755999811925,9557.784461598792,0.2519999979995191,208.4294999949634,5.591300025116652,454.421875
1864,2.2773749828338623,,0.00010433029843872948,207.69929999369197,9860.408773944831,0.31400000443682075,200.78970000031404,6.592100020498037,454.421875
1865,2.273838520050049,,0.00010418785348176291,210.3507999854628,9736.117001416376,0.3316999936942011,205.86639997782186,4.14999999338761,454.421875
1866,2.2461836338043213,,0.0001040454934141747,217.7740999904927,9404.240449573246,0.3245999978389591,211.64829999906942,5.797699996037409,454.421875
1867,2.242307662963867,,0.00010390321843468927,199.00130000314675,10291.390056083128,0.3679999790620059,194.25180001417175,4.378300014650449,454.421875
1868,2.2980432510375977,,0.00010376102874191224,218.7967999780085,9360.283149506056,0.27910000062547624,212.92570000514388,5.589100008364767,454.421875
1869,2.2242681980133057,,0.00010361892453433022,234.25599999609403,8742.572228818677,0.26500000967644155,224.01069998159073,9.976600005757064,454.421875
1870,2.2547497749328613,,0.00010347690601031047,247.08729999838397,8288.568453390339,0.43899999582208693,236.78859998472035,9.854900010395795,454.421875
1871,2.2587313652038574,,0.00010333497336810055,258.4177999815438,7925.150667431842,0.3218000056222081,251.31800002418458,6.7749000154435635,454.421875
1872,2.28784441947937,,0.00010319312680582826,232.6994999893941,8801.05028198747,0.2992000081576407,227.85819999990053,4.539499990642071,454.421875
1873,2.2899599075317383,,0.00010305136652150123,218.48479998880066,9373.649792136472,0.25669997557997704,212.69630000460893,5.528699985006824,454.421875
1874,2.342639923095703,,0.00010290969271300649,211.9063999853097,9664.644390834712,0.2909999748226255,203.76430000760593,7.847499975468963,454.421875
1875,2.2145650386810303,,0.00010276810557811057,246.23109999811277,8317.389639309156,0.38899999344721437,239.90580000099726,5.932800006121397,454.4765625
1876,2.325348138809204,,0.00010262660531445893,231.1115000047721,8861.523550137972,0.29830000130459666,223.44289999455214,7.367099984548986,454.421875
1877,2.2904136180877686,,0.00010248519211957567,231.82869999436662,8834.108978093593,0.4087999986950308,225.65410000970587,5.762500019045547,454.421875
1878,2.3310914039611816,,0.00010234386619086352,249.10269997781143,8221.508639538726,0.38460001815110445,241.4318999799434,7.280500023625791,454.421875
1879,2.308669090270996,,0.00010220262772560324,224.92820001207292,9105.127769172894,0.4456000169739127,218.34079999825917,6.138600001577288,454.4765625
1880,2.2885048389434814,,0.00010206147692095353,251.75640001543798,8134.847812704719,0.27420002152211964,243.68499999400228,7.794100005412474,454.421875
1881,2.2398815155029297,,0.00010192041397395086,271.8540000205394,7533.455457139742,0.2801000082399696,266.8141000031028,4.7571000177413225,454.421875
1882,2.285343647003174,,0.00010177943908150883,235.2009000023827,8707.449673786337,0.28670000028796494,231.98260000208393,2.928700007032603,454.421875
1883,2.280470848083496,,0.0001016385524404183,204.10920001449995,10033.844627554809,0.23740000324323773,194.51149998349138,9.357500006444752,454.421875
1884,2.2597808837890625,,0.00010149775424734686,213.99219997692853,9570.442288180617,0.3308999876026064,206.8221000081394,6.836000015027821,454.421875
1885,2.228285789489746,,0.00010135704469883868,210.80590001656674,9715.098106073181,0.3171999996993691,204.77260000188835,5.713199992896989,454.421875
1886,2.233348846435547,,0.00010121642399131419,232.17910001403652,8820.776718818304,0.3330000035930425,222.4761999968905,9.366199985379353,454.421875
1887,2.291700839996338,,0.00010107589232106967,232.66619999776594,8802.309918757708,0.43909999658353627,227.89289997308515,4.33080000220798,454.421875
1888,2.2773735523223877,,0.00010093544988427727,230.8144999842625,8872.92609493614,0.28700000257231295,226.8618000089191,3.6629999813158065,454.421875
1889,2.2312004566192627,,0.0001007950968769846,234.99130000709556,8715.216265190076,0.2714000002015382,225.29539998504333,9.421199996722862,454.421875
1890,2.2874040603637695,,0.00010065483349511418,246.34810001589358,8313.439396804237,0.3487000067252666,235.3229000000283,10.67200000397861,454.4765625
1891,2.218585729598999,,0.0001005146599344637,255.26519998675212,8023.028599692743,0.5508000031113625,249.23450002097525,5.476300022564828,454.421875
1892,2.275804042816162,,0.00010037457639070541,226.75910001271404,9031.611079269462,0.3163999936077744,217.50759999849834,8.931899996241555,454.421875
1893,2.209238052368164,,0.00010023458305938574,229.47669998393394,8924.653353230999,0.4579999949783087,223.54899998754263,5.466300004627556,454.421875
1894,2.3350272178649902,,0.00010009468013592538,218.05279998807237,9392.220600295099,0.31319999834522605,210.99329998833127,6.7433999793138355,454.421875
1895,2.2443430423736572,,9.995486781561868e-05,223.22279997752048,9174.690041547023,0.32480002846568823,216.06400000746362,6.830400001490489,454.421875
1896,2.186532735824585,,9.98151462936336e-05,207.91779999854043,9850.046508833668,0.30679997871629894,204.44030000362545,3.1675999925937504,454.421875
1897,2.2345616817474365,,9.967551576501132e-05,202.8349000029266,10096.88174949405,0.2510999911464751,197.04719999572262,5.533400020794943,454.421875
1898,2.2966978549957275,,9.953597642466602e-05,237.9048999864608,8608.481793004481,0.23259999579750001,231.4014000003226,6.2682999996468425,454.421875
1899,2.245847702026367,,9.939652846738455e-05,260.66079997690395,7856.95432601091,0.3352999920025468,255.9428999957163,4.379500023787841,454.421875
1900,2.274425745010376,,9.92571720878263e-05,227.22289999364875,9013.176048968853,0.2953999792225659,218.917699996382,8.006799995200709,454.4765625
1901,2.217426300048828,,9.911790748052262e-05,211.66950001497753,9675.461036451097,0.3786000015679747,201.4162999985274,9.87050001276657,454.4765625
1902,2.3486146926879883,,9.897873483987698e-05,237.56169999251142,8620.91827118832,0.41340000461786985,230.73169999406673,6.4131999970413744,454.4765625
1903,2.2865166664123535,,9.883965436016427e-05,219.34239999973215,9337.00005107312,0.4791999817825854,213.35330000147223,5.506699992110953,454.421875
1904,2.2713043689727783,,9.87006662355309e-05,230.84589999052696,8871.719186193222,0.29739999445155263,225.3668000048492,5.178500025067478,454.421875
1905,2.2881925106048584,,9.85617706599943e-05,221.37970000039786,9251.074059619375,0.32869999995455146,215.55130000342615,5.49670000327751,454.421875
1906,2.2674124240875244,,9.842296782744258e-05,231.39739999896847,8850.574812029563,0.2948999754153192,223.46720000496134,7.632299995748326,454.421875
1907,2.2837436199188232,,9.828425793163467e-05,207.19970000209287,9884.184195147549,0.30380001408047974,201.87809999333695,5.014400026993826,454.421875
1908,2.250849723815918,,9.814564116619943e-05,218.26200000941753,9383.218333524082,0.4397000011522323,212.6267999992706,5.192200012970716,454.421875
1909,2.2763161659240723,,9.800711772463595e-05,224.89690000656992,9106.394974497967,0.28730000485666096,219.4139999919571,5.193399993004277,454.421875
1910,2.315548896789551,,9.7868687800313e-05,248.32390001392923,8247.293151747059,0.25939999613910913,240.9637999953702,7.097800000337884,454.421875
1911,2.2418501377105713,,9.77303515864688e-05,229.76779998862185,8913.346431055254,0.3445000038482249,221.8725999991875,7.5468000140972435,454.421875
1912,2.281693458557129,,9.75921092762107e-05,233.70330000761896,8763.248101046212,0.2970999921672046,227.8848999994807,5.518099991604686,454.421875
1913,2.2601842880249023,,9.74539610625151e-05,201.33099998929538,10172.303321936963,0.2528999757487327,194.70120000187308,6.373399985022843,454.421875
1914,2.2590343952178955,,9.731590713822684e-05,247.54229999962263,8273.333486855063,0.3482000029180199,236.37759999837726,10.8126999984961,454.421875
1915,2.2412161827087402,,9.717794769605937e-05,233.64029999356717,8765.61106990698,0.3665999975055456,229.07719999784604,4.19300000066869,454.4765625
1916,2.286412239074707,,9.704008292859402e-05,226.01650000433438,9061.285348462281,0.2629999944474548,220.47490000841208,5.275700008496642,454.4765625
1917,2.292983055114746,,9.690231302828018e-05,206.63299999432638,9911.292001065816,0.2885999856516719,200.32890001311898,6.012599973473698,454.421875
1918,2.2288200855255127,,9.67646381874347e-05,222.58860000874847,9200.830590243646,0.2924000145867467,216.78819999215193,5.505299981450662,454.421875
1919,2.262277364730835,,9.662705859824168e-05,227.20470000058413,9013.898039938147,0.3097000007983297,217.5592000130564,9.332300018286332,454.421875
1920,2.2704789638519287,,9.648957445275238e-05,251.48999999510124,8143.464949063155,0.36449998151510954,241.27490000682883,9.84670000616461,454.4765625
1921,2.251976490020752,,9.635218594288479e-05,231.0728000011295,8863.007675459809,0.364200008334592,224.69280002405867,6.01230000029318,454.421875
1922,2.2709548473358154,,9.62148932604233e-05,213.00210000481457,9614.92867888959,0.3173000004608184,206.54719998128712,6.133699993370101,454.421875
1923,2.213592290878296,,9.607769659701868e-05,224.49629998300225,9122.644783700509,0.30559999868273735,217.7922000118997,6.395399977918714,454.4765625
1924,2.3057289123535156,,9.594059614418754e-05,213.90899998368695,9574.164715632272,0.3733999910764396,207.4150999833364,6.1175000155344605,454.421875
1925,2.275571584701538,,9.580359209331226e-05,223.7304000009317,9153.874484609474,0.3581999917514622,217.47130001313053,5.897399998502806,454.4765625
1926,2.2600836753845215,,9.566668463564065e-05,220.04489999380894,9307.19139619969,0.3738999948836863,213.34719998412766,6.319899985101074,454.421875
1927,2.1978671550750732,,9.552987396228564e-05,236.9034000148531,8644.873817225067,0.32359999022446573,230.09980001370423,6.4765000133775175,454.421875
1928,2.282195568084717,,9.539316026422511e-05,230.12170000583865,8899.638756136592,0.38640000275336206,224.71409998252057,5.018500000005588,454.421875
1929,2.2163901329040527,,9.525654373230157e-05,225.81329999957234,9069.439222596184,0.2955000090878457,218.07060000719503,7.441499998094514,454.421875
1930,2.341064214706421,,9.512002455722177e-05,203.57829998829402,10060.011308266954,0.2586999908089638,197.76690000435337,5.550700007006526,454.4765625
1931,2.263293981552124,,9.498360292955674e-05,204.5055000053253,10014.400590432386,0.3640000068116933,198.25840002158657,5.880100012291223,454.421875
1932,2.299405574798584,,9.484727903974115e-05,241.57880002167076,8477.56508359295,0.3065000055357814,232.2619000042323,9.007100015878677,454.421875
1933,2.222992181777954,,9.471105307807341e-05,233.86320000281557,8757.256378837472,0.31519998447038233,226.37740001664497,7.167600007960573,454.421875
1934,2.2545671463012695,,9.45749252347152e-05,223.0394000071101,9182.234169992897,0.3496999852359295,213.8150999962818,8.870799996657297,454.421875
1935,2.2731685638427734,,9.443889569969106e-05,228.38640000554733,8967.258995939581,0.34420000156387687,221.87179999309592,6.166599981952459,454.421875
1936,2.2798995971679688,,9.43029646628885e-05,234.12820001249202,8747.344403154888,0.25859999004751444,225.0019000202883,8.864200004609302,454.421875
1937,2.2308783531188965,,9.41671323140575e-05,236.12829999183305,8673.250940572705,0.41989999590441585,226.54030000558123,9.163899987470359,454.421875
1938,2.2102692127227783,,9.403139884281016e-05,215.88940001674928,9486.338837576604,0.39760000072419643,210.78550000675023,4.702800011727959,454.421875
1939,2.2740707397460938,,9.389576443862065e-05,231.01939997286536,8865.056355615807,0.3105000068899244,222.13149999151938,8.574400009820238,454.4765625
1940,2.247126579284668,,9.376022929082486e-05,249.9305000237655,8194.278008507401,0.40740001713857055,241.56119997496717,7.958400005009025,454.421875
1941,2.2096991539001465,,9.36247935886201e-05,207.26679998915642,9880.984316384222,0.38759998278692365,201.1091000167653,5.765900015830994,454.421875
1942,2.2639098167419434,,9.34894575210649e-05,218.7839999969583,9360.83077386131,0.36330000148154795,209.78570001898333,8.631500008050352,454.4765625
1943,2.2827117443084717,,9.335422127707856e-05,209.5569999946747,9772.997323172427,0.3460999869275838,201.5038999961689,7.703699986450374,454.4765625
1944,2.2372140884399414,,9.321908504544125e-05,230.41690001264215,8888.236930049981,0.26840000646188855,221.21039999183267,8.934499986935407,454.421875
1945,2.3146331310272217,,9.308404901479333e-05,252.2103000083007,8120.207620119387,0.3674000035971403,246.14430000656284,5.694699997548014,454.421875
1946,2.19466495513916,,9.29491133736354e-05,234.94920000666752,8716.777924512537,0.24679998750798404,226.4355999941472,8.263700001407415,454.421875
1947,2.197981357574463,,9.281427831032797e-05,246.59289998817258,8305.18640276435,0.3139999753329903,241.83899999479763,4.436899995198473,454.421875
1948,2.310312032699585,,9.267954401309098e-05,250.98079998861067,8159.9867403918415,0.33409998286515474,245.0892000051681,5.554599978495389,454.421875
1949,2.2436699867248535,,9.254491067000386e-05,221.55970000312664,9243.558282355043,0.36100001307204366,214.97260002070107,6.22280000243336,454.4765625
1950,2.271350622177124,,9.241037846900508e-05,238.44459999236278,8588.997192914396,0.36440000985749066,232.57130000274628,5.5056000128388405,454.421875
1951,2.275811195373535,,9.227594759789188e-05,220.5680999904871,9285.114212292387,0.29749999521300197,215.97069999552332,4.297000006772578,454.421875
1952,2.198162078857422,,9.214161824432006e-05,186.78610000642948,10964.413304467005,0.29830000130459666,179.44760000682436,7.037000003037974,454.421875
1953,2.293564558029175,,9.200739059580375e-05,228.99640002287924,8943.372034649376,0.3149000112898648,220.2992999809794,8.37840000167489,454.421875
1954,2.2394118309020996,,9.18732648397151e-05,223.50590000860393,9163.069072991637,0.3395999956410378,217.53520000493154,5.627800012007356,454.4765625
1955,2.220843553543091,,9.173924116328403e-05,224.65329998522066,9116.269381018363,0.28310000197961926,214.1332000028342,10.232999979052693,454.4765625
1956,2.269770622253418,,9.160531975359787e-05,242.06479999702424,8460.544449358918,0.3501000173855573,233.43610001029447,8.275600004708394,454.421875
1957,2.2947335243225098,,9.147150079760128e-05,200.90749999508262,10193.745878327722,0.34699999378062785,192.2062000085134,8.350899996003136,454.421875
1958,2.318084239959717,,9.133778448209598e-05,210.36739999544807,9735.348728197974,0.3237000200897455,205.6553000002168,4.38560001202859,454.4765625
1959,2.2649621963500977,2.2357114434242247,9.12041709937402e-05,234.55929997726344,8731.267531061523,0.26420000358484685,230.64090000116266,3.651600010925904,454.9765625
1960,2.2649037837982178,,9.107066051904885e-05,218.36440000333823,9378.818158860562,0.19589997828006744,209.55900000990368,8.606199990026653,445.9765625
1961,2.2493512630462646,,9.093725324439285e-05,220.74419999262318,9277.706957050015,0.38109999150037766,215.12819998315535,5.232299998169765,473.234375
1962,2.244673490524292,,9.080394935599917e-05,233.42989999218844,8773.51187687839,0.2678999735508114,224.95030000573024,8.208899991586804,473.234375
1963,2.2766246795654297,,9.067074903995053e-05,225.27559997979552,9091.086652010606,0.3483999753370881,216.8987000186462,8.025100018130615,473.2890625
1964,2.198070764541626,,9.053765248218486e-05,224.50489999027923,9122.29532668853,0.35170000046491623,220.8060000266414,3.344700002344325,472.6171875
1965,2.265779972076416,,9.040465986849544e-05,180.72969999047928,11331.83975908712,0.45349998981691897,175.17609999049455,5.096500011859462,483.9921875
1966,2.2002296447753906,,9.027177138453037e-05,180.22470001596957,11363.592225807719,0.24049999774433672,175.98130000988021,4.000599990831688,476.4296875
1967,2.2836921215057373,,9.013898721579239e-05,190.398600010667,10756.381611447046,0.24610001128166914,182.9196999897249,7.228699978441,476.4921875
1968,2.2357068061828613,,9.000630754763871e-05,219.53229999053292,9328.923352455733,0.3108000091742724,208.64779999828897,10.570099984761328,470.9296875
1969,2.242483615875244,,8.987373256528052e-05,224.47400001692586,9123.551056450084,0.3938000008929521,218.0162000004202,6.061099993530661,470.9296875
1970,2.210758924484253,,8.974126245378294e-05,247.1036000060849,8288.021704052746,0.3006000188179314,238.40820000623353,8.391499985009432,470.9296875
1971,2.308884859085083,,8.960889739806481e-05,214.23549999599345,9559.573460226251,0.4298000130802393,204.4867999793496,9.315400006016716,470.9296875
1972,2.285327672958374,,8.94766375828981e-05,225.92849997454323,9064.814754361494,0.4208000027574599,220.15680000185966,5.347600003005937,470.9296875
1973,2.3123607635498047,,8.934448319290803e-05,211.54489999753423,9681.159886264673,0.43410001671873033,205.15720002003945,5.949700018391013,470.9296875
1974,2.280503034591675,,8.921243441257267e-05,221.41960001317784,9249.407007681853,0.35360001493245363,211.6031000041403,9.459699998842552,470.9453125
1975,2.2534685134887695,,8.908049142622254e-05,212.75529998820275,9626.082170989683,0.3899000003002584,205.58219999657013,6.779999996069819,471.0078125
1976,2.260362386703491,,8.894865441804061e-05,214.91039998363703,9529.552781791535,0.4386999935377389,206.42079997924156,8.047899988014251,471.0078125
1977,2.2656900882720947,,8.881692357206175e-05,209.39950001775287,9780.34808978231,0.34759999834932387,201.88639999832958,7.162399997469038,470.9921875
1978,2.2164628505706787,,8.868529907217281e-05,270.90689999749884,7559.792681614636,0.35459999344311655,260.81429998157546,9.733899991260841,470.9921875
1979,2.3536927700042725,,8.855378110211218e-05,241.0634999978356,8495.68682118358,0.4969000001437962,232.84069998771884,7.721000001765788,470.9921875
1980,2.270472764968872,,8.842236984546934e-05,247.7182000002358,8267.458749490552,0.3296000068075955,241.2583000259474,6.126599997514859,470.9921875
1981,2.307393789291382,,8.8291065485685e-05,248.58800001675263,8238.531223799953,0.3367000026628375,241.94629999692552,6.301799992797896,470.9921875
1982,2.2866032123565674,,8.815986820605061e-05,242.04589999862947,8461.205085529631,0.29239998548291624,236.82499999995343,4.9251999880652875,470.9921875
1983,2.2783775329589844,,8.802877818970813e-05,206.5889000077732,9913.40773837772,0.2938999969046563,200.37080001202412,5.921300005866215,470.9921875
1984,2.294915199279785,,8.789779561964982e-05,238.2381999923382,8596.438354830854,0.33129999064840376,233.66240001632832,4.24190002377145,470.9921875
1985,2.2637088298797607,,8.776692067871781e-05,206.15019998513162,9934.504066198868,0.27859999681822956,199.13399999495596,6.733800022630021,470.9921875
1986,2.199704170227051,,8.763615354960417e-05,216.27420000731945,9469.46052710258,0.49470001249574125,208.2788999832701,7.4967999826185405,470.9921875
1987,2.2939043045043945,,8.750549441485043e-05,260.0774000165984,7874.578874863,0.35440002102404833,254.96130000101402,4.758099996251985,470.9921875
1988,2.2935590744018555,,8.737494345684724e-05,212.27179997367784,9648.007885427816,0.38200002745725214,206.01369999349117,5.872400011867285,470.9921875
1989,2.2652645111083984,,8.724450085783443e-05,242.11070002638735,8458.940475479982,0.2856000210158527,234.3655000149738,7.455600018147379,470.9921875
1990,2.254257917404175,,8.711416679990041e-05,227.49970000586472,9002.209673011457,0.3400999994482845,221.20699999504723,5.949699989287183,470.9921875
1991,2.2806248664855957,,8.698394146498215e-05,217.78590002213605,9403.730910916816,0.30800001695752144,210.9741999884136,6.500199990114197,470.9921875
1992,2.2696127891540527,,8.685382503486492e-05,242.49830000917427,8445.420029429153,0.29999998514540493,230.64829999930225,11.54599999426864,470.9921875
1993,2.295029640197754,,8.672381769118176e-05,247.84389999695122,8263.26570888044,0.46109998947940767,241.25069999718107,6.128700013505295,470.9921875
1994,2.302720069885254,,8.659391961541365e-05,227.99159999703988,8982.787085254851,0.3103999770246446,221.99499999987893,5.6831999972928315,470.9921875
1995,2.2414047718048096,,8.646413098888892e-05,207.14920002501458,9886.593816209239,0.2195000124629587,202.1013000048697,4.825200012419373,479.01953125
1996,2.2311816215515137,,8.633445199278316e-05,222.89219999220222,9188.298200079,0.23010000586509705,215.5239999992773,7.135699997888878,470.96875
1997,2.2893903255462646,,8.620488280811897e-05,209.66759999282658,9767.842051275775,0.29659998835995793,203.60609999625012,5.76189998537302,471.03125
1998,2.3116540908813477,,8.607542361576548e-05,218.63079999457113,9367.390139224914,0.3510999958962202,212.37529997597449,5.9009999968111515,470.9921875
1999,2.22391939163208,,8.594607459643849e-05,214.36860001995228,9553.637985271085,0.3073000116273761,205.58749997871928,8.470600005239248,471.03125
2000,2.25083327293396,,8.581683593069992e-05,211.02469999459572,9705.025051818335,0.3299999807495624,201.2690000119619,9.422000002814457,471.03125
2001,2.291656255722046,,8.568770779895758e-05,227.25419999915175,9011.934652946544,0.2919000107795,216.69919998385012,10.259500006213784,471.03125
2002,2.2568154335021973,,8.55586903814651e-05,235.70779999135993,8688.723920358474,0.47259998973459005,226.21069999877363,9.021300007589161,471.03125
2003,2.2634568214416504,,8.542978385832154e-05,220.2625999925658,9297.99248746325,0.3118000167887658,214.22160000656731,5.725900002289563,470.96875
2004,2.2368388175964355,,8.530098840947102e-05,196.69109999085777,10412.265730860174,0.33110001822933555,189.8483999830205,6.5082999935839325,470.9921875
2005,2.274600028991699,,8.517230421470282e-05,215.16729998984374,9518.174927587366,0.3050000232178718,208.450099977199,6.408199988072738,471.03125
2006,2.252901315689087,,8.50437314536507e-05,248.28629998955876,8248.542106778043,0.3195999888703227,241.13850001594983,6.824600015534088,470.96875
2007,2.2852683067321777,,8.491527030579307e-05,226.7608999973163,9031.539388070156,0.2818999928422272,217.5697999773547,8.90600000275299,470.96875
2008,2.251450300216675,,8.47869209504524e-05,232.63080001925118,8803.649387056741,0.437700015027076,222.5194999773521,9.669699997175485,470.96875
2009,2.2249584197998047,,8.465868356679516e-05,210.13500000117347,9746.11559230287,0.49840001156553626,203.76750000286847,5.865299986908212,471.03125
2010,2.310774087905884,,8.453055833383151e-05,215.99100000457838,9481.87655947048,0.3003000165335834,205.03710000775754,10.650099982740358,470.96875
2011,2.2696800231933594,,8.44025454304151e-05,253.80000000586733,8069.345941499821,0.4351999959908426,246.8354000011459,6.526100012706593,470.96875
2012,2.289124011993408,,8.427464503524261e-05,257.625400001416,7949.526715877952,0.2956999815069139,248.26459999894723,9.061899996595457,470.96875
2013,2.2436635494232178,,8.414685732685394e-05,246.0748000012245,8322.67261820312,0.35459999344311655,236.4192999957595,9.296800009906292,470.96875
2014,2.2238612174987793,,8.401918248363137e-05,245.53429998923093,8340.99349903384,0.519599998369813,239.85080001875758,5.160300002899021,470.96875
2015,2.2635865211486816,,8.389162068379984e-05,228.2792000041809,8971.470024261918,0.2815999905578792,223.31989998929203,4.673499992350116,470.96875
2016,2.286663055419922,,8.376417210542654e-05,192.25819999701343,10652.341486770467,0.21469997591339052,186.3567999971565,5.684200004907325,471.03125
2017,2.3070061206817627,,8.363683692642035e-05,241.44260000321083,8482.347356981596,0.2927999885287136,231.08709999360144,10.059299995191395,471.03125
2018,2.31144118309021,,8.350961532453216e-05,220.2353999891784,9299.140828861444,0.3677999775391072,210.45460001914762,9.40959999570623,470.96875
2019,2.262613534927368,,8.338250747735404e-05,210.2069999964442,9742.77735772188,0.28619999648071826,204.55630001379177,5.361499992432073,470.96875
2020,2.2338922023773193,,8.325551356231948e-05,217.4859000078868,9416.70241576917,0.2584000176284462,208.57129999785684,8.652899996377528,471.03125
2021,2.2800192832946777,,8.312863375670282e-05,211.33069999632426,9690.972490204318,0.3859999997075647,205.0526999810245,5.888799991225824,470.96875
2022,2.2664129734039307,,8.30018682376191e-05,221.29560000030324,9254.589788487407,0.2793000021483749,215.8488999994006,5.164100002730265,470.96875
2023,2.221034288406372,,8.287521718202389e-05,229.33679999550804,8930.097568467483,0.2373000024817884,220.97659998689778,8.119999984046444,471.03125
2024,2.2704763412475586,,8.274868076671294e-05,219.18339998228475,9343.77329745559,0.3701999958138913,212.10389997577295,6.705600011628121,471.03125
2025,2.239123821258545,,8.262225916832197e-05,220.18949998891912,9301.079298073088,0.3198999911546707,209.60450000711717,10.261300019919872,471.03125
2026,2.241086721420288,,8.24959525633265e-05,232.36930000712164,8813.556695902742,0.3816999960690737,226.48949999711476,5.494599987287074,470.9921875
2027,2.2833573818206787,,8.236976112804134e-05,201.9018999999389,10143.540006313064,0.29329999233596027,197.48729999992065,4.118499986361712,470.953125
2028,2.2530524730682373,,8.224368503862071e-05,200.41739998850971,10218.673628723931,0.4015000013168901,192.7362999995239,7.276699994690716,470.9296875
2029,2.2113211154937744,,8.211772447105778e-05,220.4652999935206,9289.44373586315,0.3308999876026064,215.02820000750944,5.103000003146008,470.9921875
2030,2.243837356567383,,8.199187960118435e-05,196.7300999967847,10410.201591080733,0.29139997786842287,190.44790000771172,5.9880999906454235,470.9921875
2031,2.236154079437256,,8.186615060467087e-05,226.44260001834482,9044.234608832812,0.3274999908171594,221.53959999559447,4.571400000713766,470.9921875
2032,2.24674654006958,,8.174053765702597e-05,212.01879999716766,9659.52075960886,0.30509999487549067,200.76669999980368,10.942699998850003,470.9296875
2033,2.250880002975464,,8.161504093359623e-05,214.99030000995845,9526.011173086115,0.34160001087002456,210.33139998326078,4.314299992984161,470.9296875
2034,2.2467403411865234,,8.148966060956609e-05,197.86240000394173,10350.6275065864,0.2486000012140721,191.76570000126958,5.845199979376048,470.9296875
2035,2.2702317237854004,,8.136439685995743e-05,256.06210000114515,7998.0598456032385,0.3046999918296933,249.5366999937687,6.217199988896027,470.9921875
2036,2.252659320831299,,8.123924985962939e-05,219.48989998782054,9330.725468978952,0.3176000027451664,212.63409999664873,6.534500018460676,471.0546875
2037,2.237666130065918,,8.111421978327823e-05,243.25169998337515,8419.262846426023,0.33489998895674944,238.66149998502806,4.252400016412139,470.9296875
2038,2.3261311054229736,,8.098930680543692e-05,207.36800000304356,9876.16218495593,0.27019999106414616,201.7037000041455,5.390600010287017,459.5
2039,2.230738878250122,,8.086451110047498e-05,252.98389999079518,8095.3768207167195,0.4015000013168901,246.7709999764338,5.8080000162590295,453.8046875
2040,2.291858434677124,,8.073983284259827e-05,238.35470000631176,8592.236695755393,0.26760000037029386,232.45879999012686,5.625399993732572,453.75
2041,2.3245956897735596,,8.061527220584859e-05,232.3300999996718,8815.043767479518,0.2894999925047159,224.17279999353923,7.864499988500029,453.75
2042,2.247547149658203,,8.049082936410369e-05,216.76109998952597,9448.18973560736,0.3387999895494431,210.2753999934066,6.143600010545924,453.75
2043,2.2597858905792236,,8.036650449107674e-05,261.3554999988992,7836.070027256462,0.2826999989338219,250.44490001164377,10.623800015309826,453.75
2044,2.2617549896240234,,8.024229776031634e-05,237.1288000140339,8636.656533828003,0.46969999675638974,226.18820000207052,10.466500010807067,453.8046875
2045,2.3472819328308105,,8.011820934520623e-05,232.78879999998026,8797.674114906618,0.39129998185671866,222.4761999968905,9.916999988490716,453.75
2046,2.2484326362609863,,7.999423941896476e-05,257.5745999929495,7951.094556901415,0.38720000884495676,252.3588999756612,4.824700008612126,453.8046875
2047,2.229116916656494,,7.987038815464512e-05,238.01480000838637,8604.506946323672,0.3476999991107732,230.03580002114177,7.6283999951556325,453.8046875
2048,2.2534618377685547,,7.974665572513476e-05,227.49390001990832,9002.439185493662,0.2997000119648874,216.7470999993384,10.443400009535253,453.75
2049,2.2578437328338623,,7.962304230315518e-05,242.01310001080856,8462.351830989868,0.3665999975055456,238.1584999966435,3.48469999153167,453.75
2050,2.2658891677856445,,7.949954806126185e-05,260.82470000255853,7852.017082660923,0.3349999897181988,252.50959998811595,7.97549998969771,453.75
2051,2.20877742767334,,7.937617317184384e-05,208.34300000569783,9829.943890334644,0.3206999972462654,202.54110000678338,5.478699982631952,453.75
2052,2.2404091358184814,,7.925291780712362e-05,217.8983000048902,9398.880119551359,0.26339999749325216,214.22110000276007,3.411100013181567,453.75
2053,2.3138835430145264,,7.912978213915685e-05,232.86809999262914,8794.678189347636,0.28989999555051327,226.8822000187356,5.692000006092712,453.75
2054,2.276219129562378,,7.900676633983196e-05,233.26569999335334,8779.687712588502,0.29269998776726425,229.44840000127442,3.521299979183823,453.75
2055,2.2514562606811523,,7.888387058087025e-05,216.10429999418557,9476.905364933056,0.29299999005161226,205.8266999956686,9.981000010157004,453.75
2056,2.2344655990600586,,7.876109503382526e-05,248.41050000395626,8244.418009574405,0.27310001314617693,241.76510001416318,6.3692999829072505,453.75
2057,2.3096816539764404,,7.863843987008284e-05,239.2933999944944,8558.5310754376,0.41700000292621553,232.9182999965269,5.954300024313852,453.75
2058,2.2387170791625977,,7.851590526086085e-05,231.69529999722727,8839.19527079103,0.3118000167887658,224.38899998087436,6.990800000494346,453.8046875
2059,2.2908077239990234,,7.839349137720865e-05,210.40219999849796,9733.738525617226,0.458099995739758,204.78359999833629,5.157200008397922,453.75
2060,2.2662851810455322,,7.827119839000729e-05,202.2073999978602,10128.214892341588,0.26000000070780516,196.13070000195876,5.814000003738329,453.75
2061,2.271411180496216,,7.8149026469969e-05,220.5041999986861,9287.80494889532,0.2807999844662845,214.55330000026152,5.666599987307563,453.8046875
2062,2.2569072246551514,,7.80269757876369e-05,231.49999999441206,8846.652268032114,0.4307999915909022,220.32880000188015,10.735899995779619,453.75
2063,2.254687786102295,,7.7905046513385e-05,224.8083000013139,9109.983928476086,0.45700001646764576,216.0806999891065,8.267199998954311,453.75
2064,2.216702699661255,,7.778323881741782e-05,213.18950000568293,9606.476866568977,0.2449000021442771,204.87950000097044,8.062299981247634,453.75
2065,2.3335633277893066,,7.766155286977008e-05,240.9683000005316,8499.043235128778,0.3600000054575503,230.824099999154,9.779599989997223,453.8046875
2066,2.2389230728149414,,7.753998884030661e-05,231.1840000038501,8858.744549648301,0.4256999818608165,226.48720000870526,4.267700016498566,453.75
2067,2.237856864929199,,7.741854689872208e-05,246.28900000243448,8315.4343067687,0.3476999991107732,239.8500999843236,6.088299996918067,453.75
2068,2.2918930053710938,,7.729722721454066e-05,235.0872000097297,8711.661034353372,0.41810001130215824,226.55110000050627,8.113799995044246,453.75
2069,2.2443602085113525,,7.717602995711595e-05,227.18069999245927,9014.850293479942,0.2865999995265156,218.80020000389777,8.09099999605678,453.75
2070,2.302490711212158,,7.705495529563052e-05,237.86130000371486,8610.059727950764,0.26760000037029386,229.28309999406338,8.306799980346113,453.75
2071,2.25810170173645,,7.693400339909597e-05,221.64139998494647,9240.150983250858,0.31709999893791974,216.28390002297238,5.03739999840036,453.75
2072,2.248398780822754,,7.681317443635232e-05,192.68969999393448,10628.487148324313,0.2623000182211399,186.3716000225395,6.051900010788813,453.75
2073,2.222321033477783,,7.669246857606818e-05,228.85700000915676,8948.81956819349,0.29650001670233905,222.96780001488514,5.589899985352531,453.8046875
2074,2.244107484817505,,7.657188598674028e-05,222.09129997645505,9221.432808115933,0.294400000711903,216.09150001313537,5.702299997210503,453.75
2075,2.2052364349365234,,7.645142683669314e-05,245.53139999625273,8341.092015242271,0.3023000026587397,234.5357000012882,10.689499991713092,453.75
2076,2.2702488899230957,,7.63310912940791e-05,240.99099999875762,8498.242673006702,0.39989998913370073,230.5181999981869,10.068500007037073,453.75
2077,2.270632743835449,,7.621087952687797e-05,220.7300000009127,9278.303810046355,0.3668999997898936,211.61490000667982,8.745099999941885,453.75
2078,2.235779285430908,,7.609079170289661e-05,208.47650000359863,9823.649188108244,0.38350000977516174,202.35390000743791,5.735599988838658,453.75
2079,2.282120704650879,,7.597082798976907e-05,216.02880000136793,9480.217452427787,0.2246999938506633,209.3163999961689,6.484699988504872,453.75
2080,2.325974225997925,,7.5850988554956e-05,244.3022999796085,8383.05656627442,0.2610999799799174,236.77950000273995,7.258699974045157,453.75
2081,2.2311019897460938,,7.573127356574464e-05,238.90090000350028,8572.592233725338,0.3426999901421368,233.77970000728965,4.775700013851747,453.75
2082,2.2538790702819824,,7.561168318924855e-05,241.01719999453053,8497.31886374282,0.29510000604204834,234.13249998702668,6.586200004676357,453.75
2083,2.2679193019866943,,7.549221759240722e-05,226.6716999874916,9035.093485922656,0.3825000021606684,218.50740001536906,7.778799976222217,453.75
2084,2.272233486175537,,7.537287694198601e-05,234.6306999970693,8728.610535729471,0.28089998522773385,230.70869999355637,3.6382999969646335,453.75
2085,2.2733047008514404,,7.525366140457597e-05,229.3399999907706,8929.972966261526,0.2730000123847276,220.23500001523644,8.827999990899116,453.75
2086,2.236401319503784,,7.51345711465933e-05,235.89110001921654,8681.972316179637,0.3310000174678862,227.94640000211075,7.610400003613904,453.75
2087,2.278201103210449,,7.501560633427952e-05,204.99329999438487,9990.570423794818,0.32539997482672334,199.4890000205487,5.175700003746897,453.75
2088,2.3034043312072754,,7.489676713370084e-05,225.36079998826608,9087.649671578349,0.3327000013086945,217.8266000119038,7.197900005849078,453.8046875
2089,2.266679048538208,,7.47780537107483e-05,215.37820002413355,9508.854655533929,0.285400019492954,206.1954999808222,8.893499994883314,453.75
2090,2.2718307971954346,,7.465946623113729e-05,208.15629998105578,9838.760586090297,0.36339997313916683,201.5845999994781,6.204599980264902,453.75
2091,2.236603260040283,,7.454100486040735e-05,231.4780000015162,8847.493066237765,0.2747999969869852,225.8301000110805,5.3709000058006495,453.75
2092,2.294581890106201,,7.442266976392207e-05,240.31850000028498,8522.02389744265,0.38419998600147665,232.01740000513382,7.912800007034093,453.75
2093,2.274275779724121,,7.43044611068687e-05,220.29910000856034,9296.451959723936,0.3404000017326325,215.54199999081902,4.413399990880862,453.75
2094,2.1599490642547607,,7.418637905425799e-05,232.75289998855442,8799.031075877938,0.2533000078983605,226.15669999504462,6.339400017168373,453.75
2095,2.252573013305664,,7.40684237709241e-05,209.60120001109317,9770.936425419364,0.42329999268986285,202.5918000144884,6.582900008652359,453.8046875
2096,2.2505674362182617,,7.395059542152398e-05,221.14650000003166,9260.829359721754,0.2735000161919743,211.48349999566562,9.385800018208101,453.75
2097,2.2346248626708984,,7.383289417053757e-05,242.3782999976538,8449.601305149117,0.27650000993162394,235.18459999468178,6.913499993970618,453.8046875
2098,2.2038605213165283,,7.371532018226739e-05,240.16720001236536,8527.392582728015,0.3352000203449279,231.4314000250306,8.397199999308214,453.8046875
2099,2.239663600921631,2.213826930522919,7.359787362083817e-05,221.06730000814423,9264.147162083902,0.39339999784715474,214.16239999234676,6.507500016596168,451.25390625
2100,2.3140933513641357,,7.348055465019695e-05,237.78130000573583,8612.95652749227,0.2769000129774213,231.71319998800755,5.78859998495318,454.75
2101,2.3079652786254883,,7.336336343411248e-05,224.6269999886863,9117.336740922288,0.4456999886315316,219.14359999937005,5.034999980125576,454.8046875
2102,2.2408487796783447,,7.32463001361753e-05,222.74470000411384,9194.382627116047,0.26110000908374786,217.14190000784583,5.338599992683157,454.75
2103,2.264354705810547,,7.312936491979738e-05,206.94629999343306,9896.287104746441,0.2466999867465347,203.24629999231547,3.450499993050471,454.75
2104,2.2319374084472656,,7.30125579482118e-05,213.96589998039417,9571.618655999202,0.2846999850589782,203.46879999851808,10.208599996985868,454.75
2105,2.2453091144561768,,7.289587938447271e-05,238.51809999905527,8586.350469872566,0.37029999657534063,229.58050001761876,8.56370001565665,454.8046875
2106,2.239128351211548,,7.277932939145498e-05,254.56979998853058,8044.944844566287,0.2938999969046563,246.31399998907,7.958399975905195,454.75
2107,2.2486374378204346,,7.266290813185402e-05,230.71580001851544,8876.721922970353,0.2607000060379505,222.218899987638,8.233700005803257,454.75
2108,2.2333552837371826,,7.254661576818558e-05,219.62739998707548,9324.883872051118,0.3223000094294548,213.45440001459792,5.847599997650832,454.75
2109,2.234837055206299,,7.24304524627853e-05,221.73879999900237,9236.092195002473,0.36330000148154795,215.9657000156585,5.405900010373443,454.8046875
2110,2.2444849014282227,,7.231441837780888e-05,244.86460001207888,8363.805956022123,0.519599998369813,236.24550001113676,8.095700002741069,454.75
2111,2.2285990715026855,,7.219851367523157e-05,247.6328999910038,8270.306571034791,0.32809999538585544,243.75779999536462,3.5436000034678727,454.75
2112,2.2850632667541504,,7.20827385168479e-05,201.98430001619272,10139.401923000032,0.2052999916486442,196.61919999634847,5.157400009920821,454.75
2113,2.2027387619018555,,7.196709306427173e-05,228.87940000509843,8947.943764071295,0.26780000189319253,221.8457999988459,6.763200013665482,454.8046875
2114,2.2758007049560547,,7.185157747893579e-05,238.47989999921992,8587.72584191246,0.2568999771028757,232.80100000556558,5.419599998276681,454.75
2115,2.2091243267059326,,7.173619192209145e-05,230.26300000492483,8894.17752724579,0.25939999613910913,224.56699999747798,5.434199993032962,454.75
2116,2.272514581680298,,7.162093655480873e-05,238.6298999772407,8582.327697389672,0.26020000223070383,229.94499999913387,8.42150000971742,454.75
2117,2.28169846534729,,7.150581153797574e-05,211.17769999546,9697.993680412415,0.3493000112939626,202.47960000415333,8.344600006239489,454.75
2118,2.281043291091919,,7.139081703229873e-05,229.817900020862,8911.403332003687,0.3115000145044178,222.86219999659806,6.64060001145117,454.75
2119,2.232825994491577,,7.127595319830184e-05,226.61909999442287,9037.19059889657,0.29090000316500664,217.07459999015555,9.250300005078316,454.75
2120,2.268057346343994,,7.116122019632659e-05,232.68029998871498,8801.77651524142,0.3464000183157623,225.7353999884799,6.594999984372407,454.75
2121,2.319964647293091,,7.104661818653206e-05,233.4841999982018,8771.471474368598,0.3327000013086945,225.9516999765765,7.195899990620092,454.75
2122,2.192530870437622,,7.09321473288944e-05,232.64170001493767,8803.236908381,0.36189999082125723,222.7990000101272,9.477000014157966,454.8046875
2123,2.2432162761688232,,7.081780778320667e-05,231.06389999156818,8863.349056580168,0.42509997729212046,221.69310000026599,8.941999985836446,454.75
2124,2.256848096847534,,7.070359970907869e-05,224.9076000007335,9105.961737145924,0.41539999074302614,217.63800000189804,6.85089998296462,454.75
2125,2.2487452030181885,,7.058952326593663e-05,235.1732999959495,8708.471582595786,0.2624999906402081,226.4605000091251,8.44669999787584,454.75
2126,2.2528514862060547,,7.047557861302305e-05,231.65939998580143,8840.565071503783,0.2749999985098839,223.24540000408888,8.136199990985915,454.75
2127,2.235808849334717,,7.036176590939648e-05,240.74720000498928,8506.848677606871,0.3494999837130308,235.0428999925498,5.350599996745586,454.75
2128,2.241492509841919,,7.024808531393122e-05,248.5541999922134,8239.65155311863,0.3163999936077744,242.22219997318462,6.012500001816079,454.75
2129,2.2668566703796387,,7.013453698531726e-05,229.41949998494238,8926.878491734215,0.28940002084709704,220.72990000015125,8.396799996262416,454.75
2130,2.2515273094177246,,7.00211210820598e-05,220.87280001142062,9272.305145287715,0.27810002211481333,213.28620001440868,7.305000006454065,454.75
2131,2.2992963790893555,,6.990783776247935e-05,209.43400001851842,9778.7369759395,0.24170000688172877,203.9838999917265,5.205900000873953,454.75
2132,2.287523031234741,,6.979468718471129e-05,220.24809999857098,9298.604619124015,0.30949999927543104,212.1447000245098,7.790800009388477,454.8046875
2133,2.1970038414001465,,6.96816695067056e-05,222.22289998899214,9215.971891742247,0.3902000025846064,215.35410001524724,6.474399997387081,454.75
2134,2.2794687747955322,,6.956878488622684e-05,226.14010001416318,9056.332777210824,0.3233000170439482,216.2728999974206,9.540700004436076,454.8046875
2135,2.2598562240600586,,6.945603348085384e-05,236.34130001300946,8665.434267676734,0.3771000192500651,227.04070000327192,8.919599989894778,454.75
2136,2.2856600284576416,,6.934341544797945e-05,212.91950001614168,9618.658694223584,0.3358999965712428,209.61359998909757,2.966800006106496,454.75
2137,2.2275819778442383,,6.923093094481036e-05,188.84040002012625,10845.136950471022,0.30490002245642245,181.0000000114087,7.532299990998581,454.75
2138,2.249669313430786,,6.911858012836676e-05,235.75810002512299,8686.870142666403,0.37819999852217734,227.42140002083033,7.955100008985028,454.75
2139,2.2210042476654053,,6.900636315548234e-05,205.36019999417476,9972.721102034831,0.3319999959785491,198.98270000703633,6.042099994374439,454.75
2140,2.2108020782470703,,6.889428018280397e-05,206.80720001109876,9902.943417299251,0.24250001297332346,201.40039999387227,5.161400011274964,454.75
2141,2.2240653038024902,,6.87823313667913e-05,249.40349999815226,8211.592860626146,0.2832000027410686,240.6323000031989,8.484699996188283,454.75
2142,2.2042765617370605,,6.867051686371688e-05,213.80700002191588,9578.732220133455,0.3380000125616789,205.28130000457168,8.18440000875853,454.8046875
2143,2.2180097103118896,,6.855883682966576e-05,237.30910001904704,8630.094673300022,0.3465999907348305,227.5355000165291,9.423300012713298,454.75
2144,2.3069469928741455,,6.844729142053513e-05,254.9134000146296,8034.100992268215,0.34440000308677554,243.579799978761,10.984399996232241,454.75
2145,2.2513325214385986,,6.833588079203442e-05,262.4699000152759,7802.799482458007,0.4011999990325421,254.19659999897704,7.86730000982061,454.75
2146,2.279496908187866,,6.822460509968477e-05,217.82839999650605,9401.896171632578,0.34410000080242753,211.49460002197884,5.986800009850413,454.8046875
2147,2.272923469543457,,6.811346449881908e-05,221.97360001155175,9226.322409031614,0.40729998727329075,215.1470000098925,6.41540001379326,454.8046875
2148,2.2478413581848145,,6.800245914458164e-05,227.69210001570173,8994.602798510661,0.3142000059597194,216.36999998008832,11.00389999919571,454.75
2149,2.3074491024017334,,6.789158919192792e-05,235.4625999869313,8697.77196087051,0.43319998076185584,228.5738000064157,6.452100002206862,454.75
2150,2.274155378341675,,6.778085479562438e-05,241.01649998920038,8497.343543250227,0.27249997947365046,234.84940000344068,5.891499982681125,454.75
2151,2.2486040592193604,,6.767025611024833e-05,217.65149998827837,9409.537724804539,0.4147999861743301,210.01670000259764,7.216500001959503,454.75
2152,2.2758736610412598,,6.75597932901875e-05,222.83539999625646,9190.64026646756,0.31870001112110913,213.48129998659715,9.031699999468401,454.75
2153,2.2742507457733154,,6.744946648964007e-05,243.8311000005342,8399.25669857337,0.3431999939493835,234.36259999289177,9.119900001678616,454.75
2154,2.2668888568878174,,6.733927586261426e-05,221.8875999969896,9229.898381107307,0.4549000004772097,215.94419999746606,5.485499976202846,454.75
2155,2.223222255706787,,6.722922156292829e-05,239.32900000363588,8557.258000363043,0.29799999902024865,232.77289999532513,6.255099986447021,454.75
2156,2.287055015563965,,6.711930374421007e-05,216.6821999999229,9451.630083138942,0.3277999931015074,210.65039999666624,5.70119998883456,454.75
2157,2.290879964828491,,6.700952255989689e-05,223.71469999779947,9154.516891470004,0.28719997499138117,214.21710000140592,9.207499999320135,454.8046875
2158,2.2589430809020996,,6.689987816323543e-05,219.88589997636154,9313.921448442881,0.34130000858567655,210.1136999845039,9.426900011021644,454.8046875
2159,2.244495391845703,,6.67903707072814e-05,228.99939998751506,8943.254873644455,0.35799999022856355,222.92539998306893,5.71299999137409,454.75
2160,2.242441177368164,,6.668100034489923e-05,221.92320000613108,9228.417758681471,0.41199999395757914,214.75109999300912,6.756599992513657,454.75
2161,2.266906499862671,,6.657176722876218e-05,244.35979998088442,8381.083959637424,0.3140999760944396,238.5284000192769,5.514100019354373,454.75
2162,2.2721855640411377,,6.646267151135173e-05,212.9152000125032,9618.852951220644,0.3420000139158219,209.45739999297075,3.1132999865803868,454.8046875
2163,2.2319154739379883,,6.635371334495768e-05,240.13260001083836,8528.621269696674,0.2494000073056668,234.72400000900961,5.156600003829226,454.75
2164,2.21049165725708,,6.624489288167777e-05,227.19099998357706,9014.44159384854,0.3074999840464443,218.52659998694435,8.35329998517409,454.75
2165,2.272341251373291,,6.613621027341755e-05,217.08329999819398,9434.166515881407,0.4228999896440655,210.72740000090562,5.929800012381747,454.75
2166,2.2681803703308105,,6.602766567189018e-05,221.17179998895153,9259.770007307921,0.3347999881953001,210.92320000752807,9.910900000249967,454.75
2167,2.226389169692993,,6.5919259228616e-05,249.0189999807626,8224.272044134037,0.2655999851413071,243.15809999825433,5.592599976807833,454.75
2168,2.265557050704956,,6.581099109492262e-05,224.5194999850355,9121.702124476946,0.3003999881912023,217.87359999143519,6.342299981042743,454.75
2169,2.2646117210388184,,6.570286142194466e-05,247.69519999972545,8268.226433141499,0.29960001120343804,239.5822000107728,7.810199982486665,454.75
2170,2.2429187297821045,,6.559487036062322e-05,241.60300000221469,8476.715934740987,0.45689998660236597,231.07499998877756,10.066899994853884,454.75
2171,2.3107542991638184,,6.548701806170611e-05,271.3774000003468,7546.685906775519,0.4833999846596271,262.11149999289773,8.77859999309294,454.75
2172,2.2876174449920654,,6.537930467574741e-05,259.3417000025511,7896.917464410291,0.4726000188384205,251.88900000648573,6.9762999773956835,454.8046875
2173,2.2549471855163574,,6.52717303531072e-05,234.1829999932088,8745.297481283404,0.2899999963119626,228.50579998339526,5.3838999883737415,454.8046875
2174,2.317704677581787,,6.516429524395154e-05,216.1400000040885,9475.340057190988,0.33480001729913056,210.20720002707094,5.595399998128414,454.8046875
2175,2.254347324371338,,6.505699949825202e-05,225.90730001684278,9065.66542934783,0.2632999967318028,221.86479999800213,3.7764000007882714,454.75
2176,2.244198799133301,,6.494984326578583e-05,221.85570001602173,9231.225521147755,0.3249000001233071,213.98929998395033,7.5372999999672174,454.75
2177,2.304468870162964,,6.484282669613536e-05,257.2603000153322,7960.808565790927,0.381499994546175,251.72550001298077,5.149500007973984,454.75
2178,2.236140251159668,,6.473594993868804e-05,207.55069999722764,9867.46852709895,0.3060000017285347,200.43900000746362,6.802300020353869,454.75
2179,2.265552520751953,,6.462921314263613e-05,242.64089998905547,8440.456658759413,0.2628999936860055,233.44509999151342,8.92960000783205,454.8046875
2180,2.2843992710113525,,6.452261645697653e-05,245.76489999890327,8333.167185424523,0.3473999968264252,238.769699994009,6.644099979894236,454.75
2181,2.272204637527466,,6.441616003051048e-05,232.94429999077693,8791.801302204378,0.3191000141669065,225.8070000098087,6.814899999881163,454.8046875
2182,2.284766912460327,,6.430984401184355e-05,236.99490001308732,8641.536167600676,0.364200008334592,225.8082999906037,10.817600006703287,454.75
2183,2.200498104095459,,6.42036685493852e-05,219.3396000075154,9337.119243081632,0.4959999932907522,213.19169999333099,5.647600017255172,454.75
2184,2.237095832824707,,6.409763379134873e-05,226.8894999870099,9026.420350510949,0.44850000995211303,221.08899999875575,5.348400009097531,454.75
2185,2.217316150665283,,6.399173988575109e-05,201.66759999119677,10155.324901418968,0.2857999934349209,195.60079998336732,5.77819999307394,454.75
2186,2.254596471786499,,6.388598698041247e-05,213.41120000579394,9596.497278232813,0.2800000074785203,204.9665999948047,8.16080000367947,454.8046875
2187,2.2976415157318115,,6.378037522295636e-05,233.25479999766685,8780.097987353252,0.27990000671707094,227.20759999356233,5.764800007455051,454.75
2188,2.260331869125366,,6.367490476080917e-05,235.96910000196658,8679.102475633174,0.3515999997034669,226.5299999853596,9.083399985684082,454.75
2189,2.1676814556121826,,6.356957574120004e-05,253.01779998699203,8094.292180650098,0.3288000007160008,245.63399999169633,7.051599997794256,454.8046875
2190,2.260634660720825,,6.346438831116072e-05,237.2781000158284,8631.222181328078,0.4417999880388379,231.15920001873747,5.673500010743737,454.75
2191,2.2478137016296387,,6.335934261752528e-05,256.90879998728633,7971.700463749586,0.3097000007983297,251.22950001969002,5.366800003685057,454.75
2192,2.194810390472412,,6.325443880692996e-05,218.37600000435486,9378.319961713552,0.2601000014692545,210.3791999979876,7.733900012681261,454.75
2193,2.243492841720581,,6.314967702581298e-05,207.33439998002723,9877.762687702987,0.2815999905578792,201.75159999052994,5.2983000059612095,454.75
2194,2.3045570850372314,,6.304505742041412e-05,231.92379999090917,8830.486565329977,0.2572000084910542,220.59989999979734,11.062800011131912,454.75
2195,2.2534983158111572,,6.294058013677487e-05,216.72440000111237,9449.789686761105,0.3501999890431762,210.93519998248667,5.4358000052161515,454.75
2196,2.225965738296509,,6.283624532073805e-05,254.64120000833645,8042.689085399191,0.32160000409930944,248.78210001043044,5.534199997782707,454.75
2197,2.230686902999878,,6.27320531179475e-05,223.81270001642406,9150.508437857688,0.2612000098451972,214.25629997975193,9.292100003222004,454.75
2198,2.2294507026672363,,6.262800367384806e-05,258.2754000031855,7929.520194237393,0.41840001358650625,249.52279997523874,8.330200013006106,454.75
2199,2.239346504211426,,6.252409713368522e-05,216.82770000188611,9445.287663809491,0.29429999995045364,209.53139997436665,6.998600001679733,454.75
2200,2.171612024307251,,6.242033364250505e-05,239.354799996363,8556.335615709897,0.27379998937249184,233.5290999908466,5.548699991777539,454.75
2201,2.218608856201172,,6.231671334515396e-05,220.10919998865575,9304.472507762293,0.27669998235069215,210.17949999077246,9.64959998964332,454.75
2202,2.2240476608276367,,6.221323638627834e-05,219.07250001095235,9348.503348880447,0.5099999834783375,209.83559999149293,8.723300008568913,454.75
2203,2.3003392219543457,,6.210990291032462e-05,202.3644000000786,10120.357137911631,0.3178000042680651,196.36179998633452,5.6810999813023955,454.75
2204,2.247263193130493,,6.20067130615389e-05,233.2923999929335,8778.682889206997,0.4147999861743301,227.2254999843426,5.64789999043569,454.8046875
2205,2.224536180496216,,6.190366698396679e-05,219.17699999175966,9344.046136579103,0.29260001610964537,210.7368000142742,8.144300023559481,454.75
2206,2.2429659366607666,,6.180076482145316e-05,213.014100008877,9614.387028439212,0.2804000105243176,209.4066000136081,3.324000019347295,454.75
2207,2.2054550647735596,,6.169800671764202e-05,240.9132999891881,8500.983549234981,0.27379998937249184,236.28340000868775,4.352699994342402,454.75
2208,2.2836451530456543,,6.159539281597632e-05,225.1242999918759,9097.196526869408,0.28199999360367656,218.6437000054866,6.195499998284504,454.8046875
2209,2.2327399253845215,,6.14929232596977e-05,268.4760999982245,7628.239534221272,0.34050000249408185,262.3809000069741,5.75170002412051,454.75
2210,2.2399959564208984,,6.139059819184619e-05,208.29199999570847,9832.350738589077,0.29899997753091156,202.26270001148805,5.726700008381158,454.75
2211,2.1934523582458496,,6.128841775526032e-05,234.28549998789094,8741.47141033419,0.29009999707341194,228.47149998415262,5.520599981537089,454.75
2212,2.2569055557250977,,6.118638209257654e-05,250.58259998331778,8172.953749128404,0.3029999788850546,242.72660000133328,7.5486999994609505,454.75
2213,2.262219190597534,,6.108449134622931e-05,217.55619999021292,9413.659551380895,0.3198999911546707,210.96299999044277,6.270400015637279,454.75
2214,2.2671496868133545,,6.0982745658450844e-05,231.16910000680946,8859.315539748492,0.3471999953035265,222.56229998311028,8.256600005552173,454.8046875
2215,2.2629592418670654,,6.0881145171270704e-05,221.36729999328963,9251.592263455721,0.3741999971680343,211.71780000440776,9.27179999416694,454.75
2216,2.2725889682769775,,6.077969002651589e-05,243.19060001289472,8421.378128477863,0.34050000249408185,237.03469999600202,5.812099989270791,454.75
2217,2.2593626976013184,,6.0678380365810535e-05,221.4539999840781,9247.970233760714,0.30590000096708536,217.0518000202719,4.0920999890659004,454.75
2218,2.2336652278900146,,6.057721633057552e-05,234.0052000072319,8751.942264260395,0.285100017208606,224.6212000027299,9.095199988223612,454.75
2219,2.24021577835083,,6.0476198062028646e-05,255.7088999892585,8009.107231254094,0.29609998455271125,250.02300000051036,5.38709998363629,454.75
2220,2.2420222759246826,,6.0375325701184105e-05,223.13710002345033,9178.213751925467,0.2998000127263367,217.23259999998845,5.601600016234443,454.8046875
2221,2.21636962890625,,6.027459938885245e-05,205.94680000795051,9944.315716102108,0.2814999897964299,200.20210000802763,5.460700020194054,454.8046875
2222,2.198382616043091,,6.0174019265640404e-05,229.38340000109747,8928.283389252236,0.35999997635371983,222.32289999374188,6.696600001305342,454.75
2223,2.24965500831604,,6.007358547195052e-05,245.07859998266213,8356.502771538942,0.39289999403990805,238.05989997345023,6.62279999232851,454.75
2224,2.3414416313171387,,5.9973298147981174e-05,218.95650000078604,9353.456051739262,0.3003999881912023,209.50739999534562,9.145400021225214,454.75
2225,2.2528860569000244,,5.987315743372626e-05,221.86900000087917,9230.672153351234,0.42639998719096184,217.2318999946583,4.207299993140623,454.75
2226,2.28777813911438,,5.977316346897497e-05,221.42600000370294,9249.139667273721,0.3596999740693718,214.9552000046242,6.106200016802177,454.8046875
2227,2.2557454109191895,,5.967331639331172e-05,230.16149998875335,8898.099812957744,0.39109998033382,223.91450000577606,5.8527999790385365,454.75
2228,2.2805893421173096,,5.957361634611579e-05,206.47959999041632,9918.6554027374,0.3015999973285943,200.56970001314767,5.605100013781339,454.8046875
2229,2.2520976066589355,,5.9474063466561305e-05,244.60629999521188,8372.637990272897,0.2882999833673239,239.17320001055487,5.142200010595843,454.75
2230,2.2750372886657715,,5.9374657893616935e-05,247.50620001577772,8274.540192809096,0.3205000248271972,240.37340001086704,6.809099984820932,454.75
2231,2.228930950164795,,5.927539976604563e-05,241.7520000017248,8471.491445718704,0.30709998100064695,231.54820001218468,9.89280000794679,454.75
2232,2.2748913764953613,,5.917628922240466e-05,245.69830001564696,8335.426007707729,0.3558000025805086,235.8785000105854,9.460600005695596,454.75
2233,2.3470122814178467,,5.907732640104517e-05,229.35549999237992,8929.369472578781,0.4434000002220273,222.0050000178162,6.90279999980703,454.8046875
2234,2.2680304050445557,,5.897851144011215e-05,243.05469999671914,8426.086802796428,0.35790001857094467,233.17029999452643,9.522900014417246,454.75
2235,2.241724967956543,,5.887984447754421e-05,224.94580000056885,9104.4153747028,0.36290002753958106,217.98860002309084,6.590300006791949,454.75
2236,2.2308921813964844,,5.878132565107325e-05,226.17610002635047,9054.891298246806,0.3603000077418983,220.98139999434352,4.830799996852875,454.8046875
2237,2.2570455074310303,,5.868295509822449e-05,201.79769999231212,10148.777711926463,0.33909999183379114,194.01259999722242,7.443000009516254,454.75
2238,2.198524236679077,,5.8584732956316185e-05,204.5953000197187,10010.005116454853,0.25950002600438893,199.72810000763275,4.604899993864819,454.75
2239,2.229024887084961,2.203895664215088,5.848665936245931e-05,212.83410000614822,9622.518195819366,0.33469998743385077,204.94379999581724,7.5514999916777015,451.19921875
2240,2.244494676589966,,5.838873445355759e-05,223.8915000052657,9147.287860199396,0.1708999916445464,218.149699998321,5.568299995502457,480.03125
2241,2.209475040435791,,5.829095836630709e-05,225.17879999941215,9094.994733098083,0.32479999936185777,216.56609998899512,8.284599985927343,480.90625
2242,2.2659687995910645,,5.819333123719622e-05,205.9476000140421,9944.277087280267,0.32980000833049417,200.627699989127,4.987699998309836,480.40625
2243,2.2349557876586914,,5.809585320250545e-05,188.26980001176707,10878.005924858888,0.33209999673999846,182.61610000627115,5.318800016539171,480.5234375
2244,2.292428493499756,,5.799852439830707e-05,230.16089998418465,8898.123009341409,0.2759000053629279,221.49270001682453,8.389100024942309,457.3515625
2245,2.2488040924072266,,5.790134496046506e-05,238.61879998003133,8582.72692751529,0.3938000008929521,231.70470001059584,6.517000001622364,453.3203125
2246,2.228679895401001,,5.7804315024634936e-05,223.94440000061877,9145.127094021289,0.2820999943651259,215.05070000421256,8.608399977674708,453.3203125
2247,2.2329015731811523,,5.770743472626354e-05,227.58079998311587,8999.001673919505,0.298700004350394,224.28549997857772,2.9941000102553517,453.3203125
2248,2.211939573287964,,5.761070420058878e-05,196.21650001499802,10437.450468454279,0.30800001695752144,189.21579999732785,6.689700006972998,453.3203125
2249,2.22957706451416,,5.751412358263946e-05,208.41270001255907,9826.656436371613,0.31820000731386244,201.9332000054419,6.158800009870902,453.3203125
2250,2.2218966484069824,,5.741769300723521e-05,210.25409997673705,9740.594833711186,0.29479997465386987,204.46130001801066,5.494700017152354,453.3203125
2251,2.2384252548217773,,5.7321412608986205e-05,212.70289999665692,9628.453584940255,0.4081999941263348,207.07549998769537,5.215099983615801,453.3203125
2252,2.2345173358917236,,5.7225282522292855e-05,232.20640001818538,8819.739679180288,0.3178000042680651,226.55639998265542,5.329500010702759,453.375
2253,2.254552125930786,,5.71293028813459e-05,225.61900000437163,9077.249699539125,0.2364999963901937,217.03560001333244,8.34440000471659,453.3203125
2254,2.2609317302703857,,5.7033473820126026e-05,237.1084000042174,8637.399602728425,0.30739998328499496,231.60480000660755,5.193499993765727,453.3203125
2255,2.242661237716675,,5.693779547240366e-05,205.25130000896752,9978.012319096259,0.2736000169534236,198.46839999081567,6.506600009743124,453.3203125
2256,2.241422653198242,,5.684226797173892e-05,220.77149999677204,9276.559701002821,0.28769997879862785,215.24530000169761,5.236199998762459,453.3203125
2257,2.2459092140197754,,5.674689145148127e-05,190.4553000058513,10753.179354615386,0.26149998302571476,186.55450001824647,3.6364000116009265,453.3203125
2258,2.2868733406066895,,5.6651666044769505e-05,226.49560001445934,9042.11825690767,0.24850000045262277,222.28929999982938,3.954999992856756,480.5078125
2259,2.252309560775757,,5.6556591884531484e-05,198.7135999952443,10306.290057897464,0.35539999953471124,188.44859997625463,9.905799990519881,480.5078125
2260,2.2569353580474854,,5.6461669103483774e-05,209.02079998631962,9798.067944118678,0.3654999891296029,201.5008000016678,7.151099998736754,480.5078125
2261,2.312882900238037,,5.6366897834131825e-05,200.90929997968487,10193.654550621028,0.34559998312033713,197.47350001125596,3.087499993853271,480.53125
2262,2.2551157474517822,,5.6272278208769484e-05,192.19689999590628,10655.738984570624,0.3305000136606395,186.39010001788847,5.472599994391203,480.5078125
2263,2.2520904541015625,,5.617781035947894e-05,206.07730001211166,9938.018403189648,0.2877000079024583,197.654000017792,8.13239999115467,480.53125
2264,2.200254201889038,,5.608349441813054e-05,194.12000000011176,10550.175149386054,0.2834000042639673,190.38070001988672,3.453500015893951,480.5078125
2265,2.2291879653930664,,5.5989330516382494e-05,185.50730001879856,11039.996807632173,0.3449000068940222,178.64800000097603,6.510900013381615,480.625
2266,2.243096113204956,,5.589531878568085e-05,237.37409999012016,8627.731500973528,0.39360002847388387,229.64970002067275,7.327700004680082,480.5859375
2267,2.2884483337402344,,5.580145935725925e-05,186.36130000231788,10989.406062173466,0.30250000418163836,178.16640000091866,7.890000008046627,480.5625
2268,2.232126235961914,,5.5707752362138614e-05,203.23409998673014,10077.049078544009,0.26420000358484685,197.75220000883564,5.215099983615801,480.53125
2269,2.2220776081085205,,5.561419793112724e-05,206.30499999970198,9927.04975644293,0.2586000191513449,197.6258000067901,8.417400007601827,480.53125
2270,2.2674148082733154,,5.5520796194820384e-05,200.01880000927486,10239.037529997353,0.31370000215247273,193.48719998379238,6.214699998963624,480.5078125
2271,2.1870410442352295,,5.542754728360006e-05,198.3020000043325,10327.682020127155,0.2739999908953905,193.7552000163123,4.270600009476766,480.53125
2272,2.2490427494049072,,5.5334451327635145e-05,229.15440000360832,8937.205656831165,0.3643000090960413,223.77189999679103,5.01520000398159,480.5078125
2273,2.2794580459594727,,5.524150845688079e-05,202.36650001606904,10120.252116024032,0.24800002574920654,195.16350000048988,6.952299998374656,480.5078125
2274,2.2147419452667236,,5.5148718801078596e-05,200.31279997783713,10224.009650040303,0.30319998040795326,192.46879999991506,7.537800003774464,480.53125
2275,2.2292985916137695,,5.505608248975623e-05,200.38819999899715,10220.162664319801,0.364200008334592,193.6754999915138,6.3445999985560775,480.53125
2276,2.234790325164795,,5.4963599652227344e-05,198.79369999398477,10302.13734168623,0.288800016278401,192.5780000165105,5.924000026425347,480.5078125
2277,2.223252773284912,,5.487127041759133e-05,202.48080001329072,10114.539254416075,0.3262000100221485,197.092899994459,5.059099989011884,480.5078125
2278,2.213944673538208,,5.477909491473309e-05,201.7020999919623,10153.587890664556,0.2848999865818769,195.52710000425577,5.887000006623566,480.53125
2279,2.317516565322876,,5.4687073272323024e-05,210.5091999983415,9728.79095078094,0.37429999792948365,199.68339998740703,10.447900014696643,480.5703125
2280,2.2764925956726074,,5.459520561881675e-05,186.84460001531988,10960.980407419209,0.3825000021606684,182.7140999957919,3.7449999945238233,480.5703125
2281,2.2550621032714844,,5.450349208245483e-05,183.63369998405688,11152.637016940833,0.29669998912140727,177.92019998887554,5.41379998321645,480.5703125
2282,2.2605509757995605,,5.44119327912628e-05,208.3791999903042,9828.236215972096,0.2651000104378909,198.81240001996048,9.29870002437383,480.5703125
2283,2.1955695152282715,,5.432052787305087e-05,183.13739998848177,11182.860519636113,0.36109998472966254,179.47289999574423,3.3007999882102013,480.5703125
2284,2.1889255046844482,,5.4229277455413664e-05,198.18150001810864,10333.96154440685,0.2358000201638788,189.3592999840621,8.583399991039187,480.5703125
2285,2.256263494491577,,5.4138181665730245e-05,197.9257999919355,10347.311972888052,0.3279999946244061,193.3322999975644,4.26260000676848,480.5703125
2286,2.2317354679107666,,5.404724063116371e-05,208.2452999893576,9834.5556903549,0.318199978210032,202.75799999944866,5.1663999911397696,480.5703125
2287,2.240171194076538,,5.395645447866127e-05,198.30389998969622,10327.583068746571,0.25889999233186245,190.0502999778837,7.992099999682978,480.5703125
2288,2.274440050125122,,5.38658233349538e-05,191.98440000764094,10667.533403331156,0.37910000537522137,186.32999999681488,5.272699985653162,480.5703125
2289,2.245718240737915,,5.3775347326555896e-05,201.49780000792816,10163.882682190173,0.21319999359548092,192.50519998604432,8.776700007729232,480.5703125
2290,2.2652840614318848,,5.3685026579765514e-05,223.03419999661855,9182.448252470025,0.381199992261827,214.27870000479743,8.3710000035353,480.5703125
2291,2.2063422203063965,,5.3594861220663986e-05,202.40349997766316,10118.402103847084,0.2665999927558005,192.95369999599643,9.180400025798008,480.5703125
2292,2.2716543674468994,,5.350485137511558e-05,220.1350999821443,9303.37779012124,0.32500000088475645,214.3653999955859,5.441799992695451,480.5703125
2293,2.245565891265869,,5.34149971687676e-05,195.95999998273328,10451.11247285393,0.3003999881912023,189.3238999764435,6.332499993732199,480.5703125
2294,2.1977906227111816,,5.3325298727050036e-05,211.2358000013046,9695.326265658337,0.2741999924182892,201.55359999625944,9.404200012795627,480.5703125
2295,2.257645845413208,,5.3235756175175435e-05,203.01219998509623,10088.063673761233,0.44310002704150975,197.53920001676306,5.02710000728257,480.5703125
2296,2.257416248321533,,5.3146369638138805e-05,191.44779999624006,10697.432929708368,0.3063000040128827,182.9518000013195,8.186600025510415,480.5703125
2297,2.2982263565063477,,5.3057139240717274e-05,194.43550001597032,10533.055948279938,0.2812000166159123,187.87620001239702,6.2621000106446445,480.5703125
2298,2.2686684131622314,,5.296806510747006e-05,204.61029998841695,10009.271283586104,0.32309998641721904,198.63020000047982,5.654100008541718,480.5703125
2299,2.27809476852417,,5.2879147362738284e-05,194.70649998402223,10518.395637372458,0.3691999881993979,189.3242999794893,5.0103999965358526,480.5703125
2300,2.282280921936035,,5.279038613064463e-05,222.98479999881238,9184.482529799823,0.2710999979171902,213.23799999663606,9.472300007473677,480.5703125
2301,2.2040038108825684,,5.270178153509346e-05,253.97170000360347,8063.890582970236,0.2720000047702342,248.22409998159856,5.473199998959899,480.5703125
2302,2.285902976989746,,5.26133336997704e-05,196.98320000316016,10396.825718980828,0.30800001695752144,191.53040001401678,5.141899979207665,480.5703125
2303,2.2138724327087402,,5.252504274814223e-05,248.36579998373054,8245.901811498026,0.27540000155568123,238.1390999944415,9.948400023858994,480.5703125
2304,2.2682931423187256,,5.243690880345675e-05,209.53049999661744,9774.23334566119,0.2849999873433262,202.12529998389073,7.117400004062802,480.5703125
2305,2.2735183238983154,,5.234893198874266e-05,219.72799999639392,9320.614578176705,0.3974999999627471,210.91819999855943,8.408800000324845,480.5703125
2306,2.283576726913452,,5.2261112426809216e-05,202.45109999086708,10116.023079609786,0.5034999921917915,198.61749999108724,3.326800011564046,480.5703125
2307,2.2541611194610596,,5.217345024024625e-05,219.45530001539737,9332.196578785331,0.28390000807121396,208.6035999818705,10.563999996520579,480.5703125
2308,2.203608274459839,,5.20859455514238e-05,195.19719999516383,10491.953778285451,0.4044999950565398,189.32890001451597,5.460200016386807,480.5703125
2309,2.2515320777893066,,5.1998598482492174e-05,212.60710002388805,9632.79213050689,0.3100000030826777,203.96390001405962,8.32960000843741,480.5703125
2310,2.223607063293457,,5.191140915538153e-05,212.29979998315684,9646.735419263143,0.3161000204272568,206.39849998406135,5.581699981121346,480.5703125
2311,2.2741105556488037,,5.182437769180193e-05,194.79320000391454,10513.714030873993,0.24470000062137842,188.16699998569675,6.379099999321625,480.5703125
2312,2.184471607208252,,5.173750421324305e-05,196.87210000120103,10402.692915794092,0.4157999937888235,190.576199995121,5.876800016267225,480.5703125
2313,2.2716288566589355,,5.165078884097394e-05,216.8435000057798,9444.599445892602,0.25779998395591974,210.90610002283938,5.676900007529184,480.5703125
2314,2.2252681255340576,,5.156423169604311e-05,193.62049998017028,10577.39237430823,0.30819998937658966,185.54949999088421,7.759999978588894,480.5703125
2315,2.21187686920166,,5.147783289927801e-05,231.5764999948442,8843.72982597801,0.37399999564513564,225.05209999508224,6.147000007331371,480.5703125
2316,2.2346081733703613,,5.1391592571285196e-05,252.51640001079068,8110.364316584918,0.33000000985339284,242.96779997530393,9.214999998221174,480.625
2317,2.2432985305786133,,5.1305510832449926e-05,229.40530002233572,8927.431056739315,0.30590000096708536,220.27499999967404,8.820699993520975,480.625
2318,2.2265753746032715,,5.121958780293614e-05,193.34129997878335,10592.666958506748,0.33489998895674944,185.3271999862045,7.676000008359551,480.625
2319,2.3190948963165283,,5.11338236026862e-05,218.2856999861542,9382.199567492988,0.45179997687228024,214.49360001133755,3.336900001158938,480.625
2320,2.205983877182007,,5.1048218351420776e-05,204.36189998872578,10021.43746027505,0.2620000159367919,196.70880000921898,7.3880999989341944,480.625
2321,2.2398109436035156,,5.0962772168638564e-05,220.45019999495707,9290.08002735697,0.32900000223889947,209.72670000628568,10.390299983555451,480.625
2322,2.270399570465088,,5.087748517361636e-05,218.7426000018604,9362.602437671409,0.3989000106230378,211.54559997376055,6.794799992348999,480.5234375
2323,2.2143359184265137,,5.0792357485408596e-05,190.53859999985434,10748.478261105967,0.2629999944474548,184.733200003393,5.53980001132004,480.5859375
2324,2.230593204498291,,5.070738922284745e-05,215.33080001245253,9510.947806266287,0.36780000664293766,209.27339998888783,5.6865999940782785,480.5859375
2325,2.2429606914520264,,5.06225805045425e-05,193.2579000131227,10597.238197563647,0.27710001450031996,184.1969999950379,8.780799980740994,480.5859375
2326,2.2314531803131104,,5.053793144888055e-05,202.59569998597726,10108.802902242018,0.2403999969828874,192.8292000084184,9.523000015178695,480.5859375
2327,2.2342758178710938,,5.045344217402565e-05,232.92619999847375,8792.484486560204,0.3646999830380082,226.07259999495,6.485699996119365,480.5859375
2328,2.267975330352783,,5.0369112797918756e-05,214.65590002480894,9540.851193763141,0.35390001721680164,206.93529999698512,7.362700009252876,480.5859375
2329,2.2725658416748047,,5.0284943438277535e-05,212.66560000367463,9630.142345375147,0.38040001527406275,203.97129998309538,8.31030000699684,480.5859375
2330,2.2940049171447754,,5.020093421259641e-05,206.24130000942387,9930.115839584118,0.34759999834932387,195.31810001353733,10.571999999228865,480.5859375
2331,2.218067169189453,,5.0117085238146167e-05,234.82130002230406,8721.525687003157,0.40350001654587686,223.62010000506416,10.792999994009733,479.34375
2332,2.2384488582611084,,5.0033396631973996e-05,271.41929999925196,7545.520897024067,0.3698999935295433,260.42710000183433,10.618000000249594,480.34375
2333,2.2408673763275146,,4.994986851090315e-05,211.27110000816174,9693.70633238944,0.46720000682398677,202.97230000142008,7.828100002370775,480.34375
2334,2.1976869106292725,,4.986650099153283e-05,227.97069998341613,8983.610613771783,0.2998999843839556,222.61290001915768,5.05530001828447,480.34375
2335,2.2566568851470947,,4.978329419023813e-05,192.0222999760881,10665.42792298098,0.28139998903498054,186.11069998587482,5.627500009723008,480.34375
2336,2.223886489868164,,4.970024822316976e-05,193.87450002250262,10563.534656503525,0.24740002118051052,184.9696999997832,8.653900003992021,480.34375
2337,2.252993106842041,,4.961736320625389e-05,204.71039999392815,10004.376915197006,0.301799998851493,195.94819998019375,8.456799987470731,480.34375
2338,2.239208936691284,,4.953463925519205e-05,202.62269998784177,10107.455877958831,0.41840001358650625,195.99000000744127,6.211100000655279,480.3984375
2339,2.2331862449645996,,4.945207648546089e-05,228.2304000109434,8973.388294906377,0.3357000241521746,224.66000000713393,3.2312999828718603,480.3984375
2340,2.237574815750122,,4.93696750123121e-05,233.61100000329316,8766.710471557974,0.2106000029016286,223.61479999381118,9.782200009794906,480.3984375
2341,2.202970504760742,,4.928743495077226e-05,229.76690001087263,8913.381343888472,0.37170000723563135,221.96749999420717,7.423400005791336,480.3984375
2342,2.263026475906372,,4.9205356415642504e-05,219.5965000137221,9326.195999808853,0.3259000077378005,210.59140001307242,8.675599994603544,480.3984375
2343,2.221510887145996,,4.912343952149859e-05,210.18359999288805,9743.862033333227,0.4461999924387783,203.35279998835176,6.381099985446781,480.3984375
2344,2.247267961502075,,4.9041684382690595e-05,225.9277999983169,9064.842839240044,0.2683000057004392,215.082100010477,10.573500010650605,480.3984375
2345,2.2806055545806885,,4.896009111334281e-05,232.18829999677837,8820.427213724448,0.4172000044491142,224.8859999817796,6.881700013764203,480.375
2346,2.196868658065796,,4.8878659827353605e-05,198.18119998672046,10333.977189245148,0.2924999862443656,193.87129999813624,4.0148000116460025,480.34375
2347,2.2688069343566895,,4.879739063839512e-05,211.6260000038892,9677.449840578958,0.22739998530596495,203.66870000725612,7.727499993052334,480.34375
2348,2.2185311317443848,,4.8716283659913333e-05,198.25529999798164,10330.114756179784,0.28890001703985035,192.9453999910038,5.018600000767037,480.3203125
2349,2.268721580505371,,4.8635339005127766e-05,203.65229999879375,10056.35585756768,0.25430001551285386,194.7271999961231,8.667800022521988,480.34375
2350,2.1827385425567627,,4.8554556787031285e-05,212.64439998776652,9631.102442000927,0.37969998084008694,206.78470001439564,5.476999998791143,480.3203125
2351,2.2372255325317383,,4.8473937118390084e-05,196.55429999693297,10419.512572515367,0.31740000122226775,190.40140000288375,5.832199996802956,480.34375
2352,2.202911853790283,,4.839348011174339e-05,206.21529998607002,9931.36784777048,0.3373000072315335,195.4466000024695,10.427899978822097,480.3203125
2353,2.2249109745025635,,4.831318587940339e-05,203.7127999938093,10053.369253489409,0.29659998835995793,196.7397999833338,6.672999996226281,480.34375
2354,2.2358949184417725,,4.82330545334551e-05,193.6989999958314,10573.105695145949,0.28020000900141895,186.88410002505407,6.530699989525601,480.3203125
2355,2.275738000869751,,4.815308618575606e-05,204.96950001688674,9991.730476150218,0.3077000146731734,199.54479997977614,5.114200001116842,480.34375
2356,2.235513925552368,,4.807328094793632e-05,188.51700000232086,10863.741731381186,0.39439997635781765,182.60689999442548,5.512600007932633,480.3203125
2357,2.3003790378570557,,4.799363893139832e-05,204.89170000655577,9995.524464556014,0.3462000167928636,196.75240002106875,7.7889999956823885,480.34375
2358,2.270221710205078,,4.791416024731648e-05,209.27890000166371,9785.984157904686,0.3996000159531832,198.50589998532087,10.369600000558421,480.3828125
2359,2.2295501232147217,,4.783484500663739e-05,216.18849999504164,9473.214347881463,0.3778999962378293,206.69449999695644,9.112500003539026,480.3203125
2360,2.283121109008789,,4.775569332007937e-05,256.2264000007417,7992.9312514013845,0.3600000054575503,246.58479998470284,9.277299977838993,480.3203125
2361,2.188218832015991,,4.767670529813253e-05,203.744700003881,10051.79521215025,0.35669998032972217,196.94200000958517,6.4427999895997345,480.34375
2362,2.261439800262451,,4.759788105105844e-05,191.8108999961987,10677.182579512359,0.3470000228844583,185.216500016395,6.244799995329231,480.3828125
2363,2.245119571685791,,4.751922068889006e-05,198.93579999916255,10294.77851652956,0.29449997236952186,192.70030001644045,5.938000016612932,480.34375
2364,2.2185418605804443,,4.744072432143159e-05,230.84210001979955,8871.86522659576,0.2668999950401485,222.27580001344904,8.296500018332154,480.3203125
2365,2.2452168464660645,,4.736239205825835e-05,202.5957000150811,10108.80290078984,0.4048999981023371,196.91249998868443,5.274900002405047,480.375
2366,2.241149425506592,,4.728422400871647e-05,217.24920000997372,9426.962216229003,0.29460000223480165,208.11720000347123,8.834100008243695,480.3203125
2367,2.2590014934539795,,4.7206220281923e-05,190.88019998162054,10729.242740720083,0.4241999995429069,184.02559999958612,6.426500011002645,480.34375
2368,2.257349729537964,,4.712838098676545e-05,208.41769999242388,9826.420693033491,0.41870001587085426,202.7386999980081,5.257400014670566,480.3203125
2369,2.2074315547943115,,4.70507062319019e-05,220.12459998950362,9303.82156332212,0.4099000070709735,213.3670000184793,6.344100023852661,480.3203125
2370,2.203953504562378,,4.697319612576075e-05,194.5545999915339,10526.607955242998,0.3462999884504825,187.27080000098795,6.934599980013445,480.3203125
2371,2.202857732772827,,4.689585077654049e-05,216.9661000079941,9439.262631003376,0.28750000637955964,206.7277999885846,9.947199985617772,480.3203125
2372,2.238921642303467,,4.681867029220966e-05,238.4139000205323,8590.103176969234,0.4000000189989805,228.77929999958724,9.230700001353398,480.3203125
2373,2.1894590854644775,,4.6741654780506655e-05,230.86250000051223,8871.081271299825,0.4304999893065542,224.90070000640117,5.52779997815378,480.34375
2374,2.275658130645752,,4.666480434893961e-05,218.0606999900192,9391.880334667083,0.39999998989515007,211.5267000044696,6.131000001914799,480.34375
2375,2.2752578258514404,,4.658811910478621e-05,214.85789999132976,9531.881304260369,0.32900000223889947,208.9886000030674,5.537500022910535,480.34375
2376,2.280090093612671,,4.6511599155093475e-05,209.7111000039149,9765.81592467813,0.440800009528175,202.6012999995146,6.665099994279444,479.3203125
2377,2.199371337890625,,4.6435244606677786e-05,184.0960000117775,11124.630626787,0.33489998895674944,179.30620000697672,4.452099994523451,480.3984375
2378,2.2595884799957275,,4.635905556612461e-05,195.53050000104122,10474.0692627958,0.26729999808594584,186.86069999239407,8.399399986956269,480.4375
2379,2.2816107273101807,2.210754728317261,4.628303213978832e-05,209.24080000258982,9787.766056976705,0.3361999988555908,201.5802999958396,7.321099983528256,429.578125
2380,2.240172863006592,,4.6207174433792145e-05,211.71460000914522,9673.399944602474,0.35539999953471124,204.07609999529086,7.279300014488399,486.96875
2381,2.297278642654419,,4.613148255402805e-05,233.92850000527687,8754.811833332844,0.3426999901421368,227.50160002033226,6.081300001824275,480.28125
2382,2.281057596206665,,4.6055956606156374e-05,232.48470001271926,8809.181851054946,0.361100013833493,223.05640002014115,9.06310000573285,480.28125
2383,2.2402071952819824,,4.598059669560595e-05,211.6262000054121,9677.44069471372,0.35379998735152185,207.98229999491014,3.2869999995455146,480.28125
2384,2.270092010498047,,4.590540292757374e-05,238.11919998843223,8600.734422505582,0.3108999808318913,232.28689999086782,5.5182999931275845,480.28125
2385,2.272068977355957,,4.5830375407024856e-05,224.3511000124272,9128.548956909763,0.444800010882318,217.78389997780323,6.118899997090921,480.3359375
2386,2.1990954875946045,,4.575551423869233e-05,220.03199998289347,9307.737057151791,0.3234999894630164,210.4795000050217,9.225599991623312,480.28125
2387,2.231210947036743,,4.568081952707695e-05,227.27400000439957,9011.149537388152,0.4655999946407974,223.0938000138849,3.7115000013727695,480.3359375
2388,2.2359914779663086,,4.560629137644718e-05,196.52420000056736,10421.108443611969,0.2697999880183488,189.83899999875575,6.413099996279925,480.3359375
2389,2.2231712341308594,,4.5531929890838906e-05,230.82160000922158,8872.653165553744,0.3148999821860343,224.93009999743663,5.573700007516891,480.3359375
2390,2.2740538120269775,,4.545773517405543e-05,227.3702999809757,9007.332972562197,0.2768999838735908,217.17290001106448,9.917000017594546,480.390625
2391,2.2728731632232666,,4.538370732966726e-05,240.38160001509823,8519.786871671402,0.3470999945420772,234.4920000177808,5.53970001055859,480.28125
2392,2.24957537651062,,4.530984646101189e-05,235.3651000012178,8701.375012648024,0.28360000578686595,228.08930001338013,6.989200017414987,480.28125
2393,2.2345175743103027,,4.5236152671193814e-05,233.2530000130646,8780.165742285375,0.2806000120472163,225.37619998911396,7.593299989821389,480.3359375
2394,2.2415950298309326,,4.5162626063084254e-05,245.68759999237955,8335.78902664816,0.31400000443682075,235.73789998772554,9.63190000038594,480.28125
2395,2.281273603439331,,4.508926673932102e-05,241.9969000038691,8462.918326504416,0.41580002289265394,236.23040001257323,5.347400001483038,480.3359375
2396,2.2416956424713135,,4.5016074802308516e-05,215.45369998784736,9505.522532755378,0.4005000228062272,207.6089000038337,7.440499990480021,480.3359375
2397,2.295804262161255,,4.494305035421733e-05,220.93879999010824,9269.535274436596,0.291000003926456,214.40239998628385,6.242899980861694,480.390625
2398,2.218163251876831,,4.487019349698441e-05,247.2966999921482,8281.55005734013,0.32629998167976737,237.71310001029633,9.253700001863763,480.3359375
2399,2.22383713722229,,4.479750433231266e-05,233.50430000573397,8770.716427704796,0.4344999906606972,223.3604000066407,9.704900003271177,480.3359375
2400,2.2652721405029297,,4.4724982961670895e-05,211.62030001869425,9677.710502343502,0.3124000213574618,205.35520001430996,5.949499987764284,480.28125
2401,2.306943655014038,,4.465262948629374e-05,216.85560001060367,9444.072460659803,0.29120000544935465,208.64319999236614,7.918199989944696,481.94921875
2402,2.268458843231201,,4.458044400718144e-05,226.58739998587407,9038.454919062917,0.3342999843880534,218.8495000009425,7.400299975415692,480.31640625
2403,2.2490503787994385,,4.450842662509975e-05,235.12369999662042,8710.308658929054,0.3060000017285347,225.99190002074465,8.822300005704165,480.31640625
2404,2.2345833778381348,,4.443657744057976e-05,247.1990000049118,8284.823158505118,0.44529998558573425,239.32319998857565,7.426500000292435,480.26171875
2405,2.216752052307129,,4.436489655391769e-05,244.70300000393763,8369.329350138922,0.32980000833049417,238.9850000035949,5.385399999795482,480.26171875
2406,2.310197591781616,,4.4293384065174945e-05,177.94970000977628,11508.870202576829,0.3053999971598387,172.21109999809414,5.430299992440268,480.31640625
2407,2.221505641937256,,4.422204007417783e-05,210.16499999677762,9744.724383372119,0.2401999954599887,202.36240001395345,7.559600024251267,480.26171875
2408,2.278432846069336,,4.4150864680517375e-05,219.18740001274273,9343.60277954361,0.305800000205636,210.02800000132993,8.850000012898818,480.26171875
2409,2.2087433338165283,,4.4079857983549315e-05,222.04510000301525,9223.351472165741,0.33260000054724514,214.49409998604096,7.214999990537763,480.26171875
2410,2.225210189819336,,4.400902008239392e-05,234.18929998297244,8745.062221668142,0.46729997848160565,227.49509999994189,6.223500007763505,480.26171875
2411,2.226719617843628,,4.393835107593575e-05,215.31210001558065,9511.773838310994,0.4000999906565994,207.39299998967908,7.515500008594245,480.26171875
2412,2.2476985454559326,,4.3867851062823715e-05,209.78109998395666,9762.557256857857,0.3201999934390187,203.56679998803884,5.891699984204024,480.31640625
2413,2.285972833633423,,4.379752014147068e-05,216.92060001078062,9441.242555562807,0.24550000671297312,208.09529998223297,8.577200002036989,480.26171875
2414,2.1763908863067627,,4.3727358410053586e-05,208.87269999366254,9805.01520812504,0.4183000128250569,202.06060001510195,6.390399998053908,480.31640625
2415,2.159616708755493,,4.365736596651317e-05,184.45190001511946,11103.165648237433,0.26699999580159783,176.23870001989417,7.942700001876801,480.26171875
2416,2.263390064239502,,4.3587542908553835e-05,226.61780001362786,9037.242440253332,0.32500000088475645,217.57330000400543,8.715700008906424,480.31640625
2417,2.3114633560180664,,4.3517889333643536e-05,256.8254999932833,7974.286042677074,0.315399985993281,248.70570001075976,7.801400002790615,480.26171875
2418,2.291531562805176,,4.344840533901368e-05,242.95580000034533,8429.51680921834,0.3470999945420772,233.5937999887392,9.011299989651889,480.26171875
2419,2.245724678039551,,4.3379091021658864e-05,232.39590000594035,8812.547897564675,0.3358999965712428,224.36319998814724,7.693699997616932,480.26171875
2420,2.2003448009490967,,4.3309946478336964e-05,208.2735000003595,9833.22410194511,0.3507999936118722,201.17849999223836,6.740900018485263,480.31640625
2421,2.226592540740967,,4.324097180556869e-05,197.60749998386018,10363.979100830044,0.27469999622553587,190.21400000201538,7.1158999926410615,480.3203125
2422,2.247982978820801,,4.317216709963777e-05,247.8652999852784,8262.552281911336,0.3333000058773905,237.95500001870096,9.573400020599365,480.26171875
2423,2.30332612991333,,4.310353245659064e-05,202.61539999046363,10107.820037847034,0.4569999873638153,193.80760000785813,8.346999995410442,480.26171875
2424,2.287973642349243,,4.303506797223628e-05,207.6453999907244,9862.968310838984,0.3420999855734408,204.34100000420585,2.9597999819088727,480.26171875
2425,2.2084414958953857,,4.296677374214622e-05,188.6209000076633,10857.757543924316,0.36589999217540026,183.06979999761097,5.182299995794892,480.26171875
2426,2.2304728031158447,,4.2898649861654244e-05,196.0609000234399,10445.733951823913,0.2330999996047467,188.71909999870695,7.105299999238923,480.31640625
2427,2.249807834625244,,4.283069642585639e-05,197.63129999046214,10362.73100515373,0.30479999259114265,192.98110000090674,4.342200001701713,480.31640625
2428,2.2599878311157227,,4.27629135296108e-05,206.6019000194501,9912.783957007148,0.29250001534819603,196.94080000044778,9.365600009914488,480.26171875
2429,2.2446839809417725,,4.2695301267537485e-05,220.2982000017073,9296.489939473533,0.371000001905486,212.90579999913462,7.01840000692755,480.26171875
2430,2.280933141708374,,4.26278597340183e-05,211.09540000907145,9701.774647443719,0.2792000013869256,205.14199999161065,5.671299993991852,480.26171875
2431,2.249753952026367,,4.2560589023196814e-05,224.67399999732152,9115.429466802636,0.3243999963160604,216.72550000948831,7.620899996254593,480.26171875
2432,2.2287800312042236,,4.2493489228978036e-05,213.02830000058748,9613.746154827091,0.33439998514950275,207.3738999897614,5.316199996741489,480.26171875
2433,2.243196964263916,,4.242656044502848e-05,197.39769998705015,10374.99423820214,0.315699988277629,191.07590001658536,6.002800015266985,480.26171875
2434,2.2080628871917725,,4.2359802764775897e-05,200.20799999474548,10229.361464345833,0.34829997457563877,193.81090000388213,6.0455999919213355,480.31640625
2435,2.243856191635132,,4.229321628140919e-05,210.76029998948798,9717.200061406951,0.25159999495372176,204.90369998151436,5.6022999924607575,480.26171875
2436,2.2567269802093506,,4.222680108787833e-05,207.21369999228045,9883.51638948726,0.2376000047661364,199.9229000066407,7.050099986372516,480.26171875
2437,2.247041940689087,,4.2160557276894115e-05,251.7160999996122,8136.150210507612,0.27310001314617693,241.6664999909699,9.773300000233576,480.31640625
2438,2.289686918258667,,4.209448494092813e-05,229.1189000243321,8938.590399057019,0.3863000019919127,221.59510001074523,7.134100014809519,480.31640625
2439,2.210813283920288,,4.202858417221267e-05,229.69629999715835,8916.120982468314,0.3373000072315335,221.10029999748804,8.255299995653331,480.26171875
2440,2.2182748317718506,,4.1962855062740375e-05,200.36070002242923,10221.565405644611,0.3521000035107136,194.1006999986712,5.905500001972541,480.26171875
2441,2.255037307739258,,4.189729770426438e-05,223.3591999975033,9169.08728193373,0.2807999844662845,217.37160001066513,5.704400013200939,480.26171875
2442,2.29095721244812,,4.183191218829805e-05,212.37939997809008,9643.119813933366,0.2655999851413071,207.0164000033401,5.095100001199171,480.265625
2443,2.2848243713378906,,4.176669860611487e-05,196.4997999893967,10422.402466111986,0.3217000048607588,188.59799997881055,7.576600008178502,480.265625
2444,2.251018762588501,,4.1701657048748254e-05,250.28879998717457,8182.547521522915,0.3147000097669661,241.6125000163447,8.358599996427074,480.3203125
2445,2.2447445392608643,,4.163678760699159e-05,216.42919999430887,9462.67878850845,0.3178000042680651,207.2387000080198,8.868699980666861,480.265625
2446,2.187797784805298,,4.15720903713979e-05,257.85359999281354,7942.491398441125,0.32359999022446573,252.1153999841772,5.411699996329844,480.265625
2447,2.225487470626831,,4.150756543227993e-05,222.75559999980032,9193.932722687267,0.28490001568570733,214.94730000267737,7.517999998526648,480.265625
2448,2.274198055267334,,4.144321287970978e-05,247.75660000159405,8266.177369187433,0.34920001053251326,239.13629999151453,8.268300007330254,480.265625
2449,2.230247974395752,,4.137903280351905e-05,236.97620001621544,8642.218078692555,0.37779999547638,229.89720001351088,6.6983000142499804,480.265625
2450,2.239116907119751,,4.131502529329843e-05,229.86359999049455,8909.631625384314,0.3634000022429973,223.4349999926053,6.062100001145154,480.265625
2451,2.228222131729126,,4.125119043839784e-05,202.3308000061661,10122.037771498884,0.3430000215303153,192.59230000898242,9.391599975060672,480.265625
2452,2.2675888538360596,,4.118752832792616e-05,222.96970000024885,9185.104523160386,0.4087999986950308,213.94990000408143,8.607499999925494,480.3203125
2453,2.2475671768188477,,4.112403905075106e-05,215.91739999712445,9485.108657418416,0.3525000065565109,207.16689998516813,8.394200005568564,480.265625
2454,2.1864888668060303,,4.106072269549902e-05,204.5248999784235,10013.450686034099,0.3068999794777483,198.55719999759458,5.658000009134412,480.3203125
2455,2.235257148742676,,4.0997579350555154e-05,227.29869998875074,9010.170318182012,0.29189998167566955,217.51509999739937,9.487799979979172,480.265625
2456,2.171992063522339,,4.0934609104062975e-05,240.9390000102576,8500.07678255828,0.34890000824816525,234.4163999950979,6.170800013933331,480.3203125
2457,2.1763947010040283,,4.087181204392442e-05,238.56480000540614,8584.669657692963,0.26130001060664654,230.1908000081312,8.109999995213002,480.265625
2458,2.1985666751861572,,4.0809188257799684e-05,236.07650000485592,8675.154028282672,0.32130000181496143,227.3091000097338,8.442999998806044,480.375
2459,2.2805335521698,,4.074673783310705e-05,209.16399999987334,9791.35988985313,0.3392999933566898,199.50029999017715,9.320899989688769,480.3203125
2460,2.240731716156006,,4.068446085702284e-05,218.5448000091128,9371.0763189726,0.3555000002961606,211.3524000160396,6.833499995991588,480.375
2461,2.2374188899993896,,4.06223574164812e-05,233.64929997478612,8765.273425689726,0.2865999995265156,227.19570001936518,6.16350001655519,480.265625
2462,2.2674052715301514,,4.056042759817409e-05,244.98850002419204,8359.57606090802,0.3060000017285347,240.06959999678656,4.6101000043563545,480.375
2463,2.1978065967559814,,4.0498671488551026e-05,218.86000002268702,9357.580187278189,0.27310001314617693,209.40349999000318,9.180199995171279,480.3203125
2464,2.28650164604187,,4.0437089173819126e-05,205.49300001584925,9966.276222752318,0.36550001823343337,197.9789000179153,7.145700015826151,480.265625
2465,2.185404062271118,,4.0375680739942896e-05,215.83500000997446,9488.729816319665,0.32259998260997236,208.80510000279173,6.703899998683482,458.953125
2466,2.258782386779785,,4.031444627264403e-05,224.03260000282899,9141.526724120235,0.36789997830055654,215.67989999311976,7.981200003996491,454.8828125
2467,2.284158229827881,,4.025338585740146e-05,231.32500000065193,8853.34486110117,0.3328000020701438,228.21709999698214,2.7719000063370913,454.8828125
2468,2.264601945877075,,4.019249957945116e-05,240.58280000463128,8512.661752879156,0.23430000874213874,231.7273000080604,8.617899991804734,454.8828125
2469,2.271958112716675,,4.013178752378595e-05,280.5862999812234,7299.002125681298,0.29779999749735,274.4187000207603,5.866899999091402,454.8828125
2470,2.2443630695343018,,4.00712497751555e-05,245.78109997673891,8332.617927879019,0.2908999740611762,237.57720002322458,7.9098000132944435,454.8828125
2471,2.1708269119262695,,4.001088641806614e-05,247.64889999642037,8269.772246230865,0.30509999487549067,239.46740000974387,7.872999995015562,454.9375
2472,2.2084832191467285,,3.995069753678078e-05,229.08570000436157,8939.885815487427,0.29239998548291624,222.08320000208914,6.706799991661683,454.8828125
2473,2.187814474105835,,3.9890683215318805e-05,243.0132000008598,8427.525747542742,0.3960999893024564,234.83470000792295,7.778499973937869,454.9375
2474,2.210761785507202,,3.983084353745582e-05,273.22950001689605,7495.530313796114,0.4172000044491142,266.6665999859106,6.141799996839836,453.8828125
2475,2.214618682861328,,3.9771178586723733e-05,229.12569998879917,8938.325120665717,0.3828000044450164,223.52569998474792,5.214200005866587,454.9375
2476,2.2586498260498047,,3.9711688446410556e-05,218.1618000031449,9387.527972222806,0.2707999956328422,210.24990000296384,7.6379999809432775,454.8828125
2477,2.2650961875915527,,3.9652373199560176e-05,224.82750000199303,9109.205946700671,0.2681999758351594,216.25310002127662,8.303500013425946,454.8828125
2478,2.2469077110290527,,3.959323292897247e-05,219.79060000739992,9317.959912439603,0.34779999987222254,212.95099999406375,6.488100014394149,454.9375
2479,2.2259581089019775,,3.953426771720294e-05,219.60179999587126,9325.970916625021,0.3470999945420772,211.83939999900758,7.411499973386526,454.8828125
2480,2.222855806350708,,3.94754776465628e-05,238.65440001827665,8581.44664352788,0.354000017978251,233.47870001452975,4.818400018848479,454.8828125
2481,2.2601335048675537,,3.941686279911879e-05,237.9244000185281,8607.776250945739,0.3176000027451664,233.1477999978233,4.455299989785999,454.8828125
2482,2.196566343307495,,3.935842325669297e-05,228.71290001785383,8954.457749607165,0.3288000007160008,222.97299999627285,5.407999997260049,454.9375
2483,2.190732479095459,,3.930015910086274e-05,228.6303000000771,8957.69283423636,0.32809999538585544,219.868200016208,8.430499990936369,454.8828125
2484,2.2377684116363525,,3.924207041296069e-05,211.7891999951098,9669.992615521887,0.31310002668760717,201.24770002439618,10.224700003163889,454.8828125
2485,2.2496631145477295,,3.918415727407442e-05,217.46230000280775,9417.724359457052,0.31400000443682075,211.22999998624437,5.9154999908059835,454.9375
2486,2.191236972808838,,3.912641976504655e-05,215.89240001048893,9486.20701747954,0.31010000384412706,206.43909997306764,9.139700006926432,454.8828125
2487,2.2429864406585693,,3.906885796647443e-05,211.54820002266206,9681.0088659729,0.27459999546408653,202.2362000134308,9.034300019266084,454.8828125
2488,2.2049763202667236,,3.901147195871021e-05,231.058999983361,8863.53701932182,0.31809997744858265,224.77269999217242,5.965399992419407,454.8828125
2489,2.2592673301696777,,3.895426182186064e-05,222.868600016227,9189.271166287605,0.2906000008806586,214.50830000685528,8.066200010944158,454.8828125
2490,2.2844488620758057,,3.889722763578692e-05,228.86459997971542,8948.522402247954,0.2906999725382775,221.1962000001222,7.374599983450025,454.8828125
2491,2.317695379257202,,3.884036948010469e-05,223.99030000087805,9143.25307833407,0.31200001831166446,216.01960001862608,7.654599990928546,454.9375
2492,2.211937427520752,,3.878368743418384e-05,244.31159999221563,8382.73745522216,0.2948000037577003,235.64400000032037,8.367700007511303,454.8828125
2493,2.2246124744415283,,3.872718157714842e-05,246.91640000673942,8294.305278807326,0.443900004029274,242.33320000348613,4.135399998631328,454.8828125
2494,2.2534351348876953,,3.867085198787656e-05,218.92879999359138,9354.639499508288,0.2612000098451972,208.13499999349006,10.528600018005818,454.8828125
2495,2.2681057453155518,,3.861469874500026e-05,213.32760000950657,9600.258006506117,0.25340000865980983,207.4195999884978,5.652099993312731,454.8828125
2496,2.2321419715881348,,3.855872192690544e-05,227.03029998228885,9020.822331467514,0.32900000223889947,217.67569999792613,9.021699981531128,454.8828125
2497,2.199676513671875,,3.8502921611731726e-05,241.9563999865204,8464.334897171952,0.36700000055134296,234.99939998146147,6.585900002392009,454.8828125
2498,2.3237321376800537,,3.84472978773723e-05,224.9815999821294,9102.9666433285,0.32679998548701406,218.2267000025604,6.424500024877489,454.8828125
2499,2.26785945892334,,3.8391850801473895e-05,239.43509999662638,8553.46605417859,0.43879999429918826,231.58299998613074,7.4090999842155725,454.8828125
2500,2.2286922931671143,,3.833658046143666e-05,230.9077999962028,8869.340923232903,0.308299990138039,220.5279000045266,10.068000003229827,454.8828125
2501,2.2372684478759766,,3.8281486934413995e-05,252.27799999993294,8118.028524090663,0.3637000045273453,245.57550001190975,6.3356000173371285,454.8828125
2502,2.2182235717773438,,3.8226570297312544e-05,216.99320001062006,9438.083773591832,0.2618999860715121,210.68290001130663,6.045900023309514,454.8828125
2503,2.22472882270813,,3.817183062679189e-05,232.78180000488646,8797.938670278387,0.31090000993572176,225.25790001964197,7.210000010672957,454.8828125
2504,2.256460189819336,,3.8117267999264736e-05,226.02659999392927,9060.880445288325,0.26110000908374786,221.87579999445006,3.886600024998188,454.8828125
2505,2.269794464111328,,3.806288249089659e-05,241.0295000008773,8496.885236008644,0.291000003926456,235.15239998232573,5.582799989497289,454.8828125
2506,2.212338924407959,,3.800867417760565e-05,228.46600000048056,8964.13470711481,0.29170000925660133,222.6381000073161,5.533499992452562,454.9375
2507,2.279336452484131,,3.795464313506289e-05,246.50139998993836,8308.269243434701,0.3318999952170998,236.93039998761378,9.235200006514788,454.8828125
2508,2.2013893127441406,,3.7900789438691683e-05,270.98870000918396,7557.5107003745625,0.29669998912140727,264.2331999959424,6.455499998992309,454.8828125
2509,2.252037525177002,,3.784711316366795e-05,220.15589999500662,9302.498820365254,0.2567000046838075,212.43580000009388,7.460599998012185,454.8828125
2510,2.1988768577575684,,3.7793614384919915e-05,225.19739999552257,9094.243539404624,0.3367000026628375,219.2395000020042,5.617300019366667,454.9375
2511,2.2627642154693604,,3.774029317712799e-05,226.90700000384822,9025.724195222127,0.2767999831121415,219.1854999982752,7.440399989718571,454.8828125
2512,2.2506449222564697,,3.768714961472476e-05,232.9570000001695,8791.322003625175,0.32229998032562435,227.10030002053827,5.531300004804507,454.9375
2513,2.226325750350952,,3.7634183771894816e-05,240.07040000287816,8530.830956150558,0.3208999987691641,234.29299998679198,5.453599995234981,454.8828125
2514,2.264418840408325,,3.7581395722574654e-05,240.8362000132911,8503.705007332686,0.29779999749735,236.1222000035923,4.4132999901194125,454.8828125
2515,2.2608962059020996,,3.752878554045262e-05,238.77480000373907,8577.119528392148,0.32890000147745013,230.7886999915354,7.653100008610636,454.8828125
2516,2.186493158340454,,3.7476353298968706e-05,225.65269999904558,9075.894062019475,0.27680001221597195,215.00289998948574,10.369399999035522,454.8828125
2517,2.307920217514038,,3.742409907131453e-05,232.07120000733994,8824.877882025972,0.3769999893847853,226.28599999006838,5.404700001236051,454.8828125
2518,2.3075459003448486,,3.73720229304333e-05,228.5185999935493,8962.071358995774,0.35519999801181257,220.42139997938648,7.737500010989606,454.8828125
2519,2.2183120250701904,2.184806799888611,3.732012494901949e-05,227.15240000979975,9015.973416576913,0.4335000121500343,219.03939999174327,7.674899999983609,455.3828125
2520,2.2442514896392822,,3.726840519951897e-05,210.20269999280572,9742.97666048102,0.15189999248832464,197.01099998201244,13.037400000030175,391.46484375
2521,2.247157573699951,,3.721686375412881e-05,201.3351000205148,10172.096170967316,0.2693000133149326,195.0566000014078,6.005400005960837,455.71875
2522,2.240704298019409,,3.7165500684797103e-05,247.80080001801252,8264.702938211385,0.3422000154387206,237.3475999920629,10.107200010679662,453.40625
2523,2.2218239307403564,,3.711431606322307e-05,228.32220001146197,8969.780423879889,0.30419998802244663,219.77310001966543,8.241200004704297,453.40625
2524,2.254528522491455,,3.706330996085669e-05,235.063900006935,8712.524551577586,0.4006999952252954,229.3327999941539,5.326699989382178,453.40625
2525,2.175882339477539,,3.7012482448898835e-05,212.28949999203905,9647.2034654413,0.24769999436102808,203.6212999955751,8.417400007601827,453.40625
2526,2.2201483249664307,,3.696183359830104e-05,222.05370001029223,9222.994257267836,0.4174000059720129,215.8410000265576,5.791500007035211,453.40625
2527,2.2095723152160645,,3.6911363479765485e-05,231.59530002158135,8843.01192558379,0.3315000212751329,225.6989000015892,5.562200007261708,452.40625
2528,2.2588469982147217,,3.68610721637448e-05,222.29710000101477,9212.895714746846,0.30670000705868006,212.77379998355173,9.212899982230738,453.4609375
2529,2.2162327766418457,,3.681095972044207e-05,224.42969999974594,9125.3519476358,0.3497999859973788,216.58410000964068,7.492599979741499,453.40625
2530,2.174786329269409,,3.676102621981061e-05,223.30720000900328,9171.22242326906,0.31170001602731645,217.7267000079155,5.266099993605167,453.40625
2531,2.2476329803466797,,3.671127173155404e-05,201.1812000127975,10179.877641994994,0.23720000172033906,192.67519999993965,8.265699987532571,453.4609375
2532,2.2248167991638184,,3.6661696325125984e-05,237.15780000202358,8635.600431369008,0.35859999479725957,229.82900001807138,6.96660001995042,453.40625
2533,2.2840511798858643,,3.6612300069730193e-05,217.0827000227291,9434.192590130717,0.2963000151794404,207.2809999808669,9.502200002316386,453.40625
2534,2.2602946758270264,,3.656308303432028e-05,242.46939999284223,8446.426642126626,0.287600007141009,234.25250002765097,7.926099991891533,453.4609375
2535,2.2334964275360107,,3.651404528759964e-05,268.10159999877214,7638.895105472625,0.2928999892901629,257.80419999500737,10.000700014643371,453.40625
2536,2.2426302433013916,,3.6465186898021484e-05,260.6253999983892,7858.021512917228,0.2578999847173691,249.9684999929741,10.39489998947829,453.40625
2537,2.284552812576294,,3.64165079337886e-05,222.28929999982938,9213.218989854986,0.394799979403615,213.1455999915488,8.745099999941885,453.4609375
2538,2.2120068073272705,,3.636800846285328e-05,239.84150000615045,8538.972612944304,0.3076000139117241,230.53110000910237,8.99909998406656,453.4609375
2539,2.281479597091675,,3.631968855291733e-05,230.6133000238333,8880.667332666175,0.3616000176407397,224.06360000604764,6.183399993460625,453.40625
2540,2.217466354370117,,3.6271548271431875e-05,229.21869999845512,8934.698608856097,0.2685000072233379,218.69699997478165,10.249499988276511,453.40625
2541,2.212542772293091,,3.622358768559723e-05,232.9699999827426,8790.831438175332,0.3859999997075647,224.56600001896732,8.013900020159781,453.40625
2542,2.276738166809082,,3.617580686236295e-05,231.16739999386482,8859.38069145716,0.322199979564175,225.48690001713112,5.3558000072371215,453.4609375
2543,2.1898746490478516,,3.6128205868427656e-05,209.79770002304576,9761.7848040042,0.34680002136155963,201.68620001641102,7.7606000122614205,453.40625
2544,2.2483468055725098,,3.608078477023888e-05,213.8279000064358,9577.795974886154,0.2998000127263367,208.1647999875713,5.360899987863377,453.4609375
2545,2.2255234718322754,,3.603354363399303e-05,200.20610000938177,10229.45854249211,0.2555999963078648,196.33380000595935,3.614199988078326,453.40625
2546,2.243817090988159,,3.598648252563538e-05,200.45169998775236,10216.925075343004,0.2516999957151711,196.0774000035599,4.119899997022003,453.40625
2547,2.198632001876831,,3.593960151085982e-05,195.75610000174493,10461.998374414614,0.3079000161960721,190.2383999840822,5.207099980907515,453.4609375
2548,2.2238428592681885,,3.589290065510889e-05,212.82409998821095,9622.970331430724,0.2466999867465347,207.36170001327991,5.213500000536442,453.40625
2549,2.226536989212036,,3.5846380023573606e-05,231.5385999972932,8845.177434881018,0.26450000586919487,226.17680000257678,5.0953999743796885,453.40625
2550,2.2210495471954346,,3.580003968119344e-05,221.57989998231642,9242.715608064831,0.2590999938547611,212.6847000035923,8.632500015664846,453.40625
2551,2.256345748901367,,3.575387969265616e-05,212.74640000774525,9626.484866138466,0.5088000034447759,206.56909997342154,5.6647000019438565,453.40625
2552,2.238081693649292,,3.570790012239779e-05,240.4433999909088,8517.597073063494,0.2768999838735908,234.16560000623576,5.998000007821247,453.4609375
2553,2.259342670440674,,3.566210103460248e-05,229.99399999389425,8904.580119717772,0.35879999632015824,223.81719999248162,5.81529998453334,453.40625
2554,2.349392890930176,,3.5616482493202495e-05,238.23069999343716,8596.70898862497,0.36120001459494233,231.75420000916347,6.1117000004742295,453.40625
2555,2.2483444213867188,,3.5571044561878e-05,213.10880000237375,9610.114645557518,0.3063999756705016,207.60389999486506,5.195900012040511,453.40625
2556,2.302448272705078,,3.552578730405711e-05,216.23029999318533,9471.383058084572,0.26580001576803625,211.11169998766854,4.850299999816343,453.40625
2557,2.23915696144104,,3.5480710782915665e-05,209.23730000504293,9787.929780926443,0.24769999436102808,203.80190000287257,5.185399990295991,453.40625
2558,2.229034662246704,,3.543581506137729e-05,214.02310000848956,9569.0605356093,0.30529999639838934,206.93760001449846,6.77690000156872,453.40625
2559,2.211146593093872,,3.539110020211312e-05,208.12739999382757,9840.126768799964,0.3701999958138913,202.54560001194477,5.208899994613603,453.40625
2560,2.2369232177734375,,3.5346566267541934e-05,237.04589999397285,8639.67695729845,0.25430001551285386,229.4201000186149,7.367500016698614,453.40625
2561,2.2592825889587402,,3.5302213319829854e-05,279.5707999903243,7325.5146820443315,0.2925999870058149,272.600299998885,6.673800002317876,453.40625
2562,2.2720537185668945,,3.525804142089043e-05,235.6238999927882,8691.81776578133,0.40180000360123813,230.44720001053065,4.771799984155223,453.40625
2563,2.1981916427612305,,3.521405063238445e-05,226.06379998615012,9059.389429556928,0.2830000012181699,217.91279999888502,7.863400009227917,453.40625
2564,2.2337701320648193,,3.517024101571988e-05,227.33930000686087,9008.561211977838,0.44269999489188194,216.9644999958109,9.927100007189438,453.4609375
2565,2.2226924896240234,,3.512661263205178e-05,214.6688000066206,9540.277860298458,0.34989998675882816,208.9990999957081,5.316499999025837,453.40625
2566,2.2575323581695557,,3.5083165542282264e-05,212.9826000018511,9615.808990885642,0.2631999959703535,207.35740000964142,5.358800000976771,453.40625
2567,2.264052629470825,,3.503989980706031e-05,217.60589999030344,9411.509522909348,0.2807999844662845,209.78619999368675,7.535299984738231,453.40625
2568,2.2274892330169678,,3.499681548678178e-05,232.89289997774176,8793.741673514878,0.4172999761067331,226.83759999927133,5.635100009385496,453.40625
2569,2.225107192993164,,3.4953912641589284e-05,229.699299990898,8916.004533236077,0.28989999555051327,222.5779999862425,6.828300014603883,453.40625
2570,2.1947124004364014,,3.4911191331372104e-05,209.00029997574165,9799.028997746454,0.304599991068244,202.38750000135042,6.305100017925724,453.40625
2571,2.262432813644409,,3.486865161576614e-05,241.3724999933038,8484.810821683564,0.3111999831162393,233.56940000667237,7.489000010536984,453.40625
2572,2.182556390762329,,3.482629355415373e-05,226.91980001400225,9025.215075430291,0.2668999950401485,219.64930000831373,7.000800018431619,453.40625
2573,2.2537448406219482,,3.478411720566368e-05,246.42949999542907,8310.693322179315,0.2919999824371189,240.13029999332502,6.003999995300546,453.40625
2574,2.203367233276367,,3.474212262917119e-05,232.87489998620003,8794.421382988732,0.26599998818710446,225.27190000982955,7.333700021263212,453.40625
2575,2.238517999649048,,3.4700309883297614e-05,219.92319999844767,9312.341763008431,0.4076999903190881,213.98269999190234,5.529599991859868,453.40625
2576,2.207772970199585,,3.465867902641056e-05,230.42370000621304,8887.974630842135,0.33969999640248716,224.36689998721704,5.713999998988584,453.40625
2577,2.1958141326904297,,3.461723011662367e-05,212.54949999274686,9635.402577140323,0.37059999885968864,205.32099998672493,6.854999985080212,453.40625
2578,2.2718098163604736,,3.457596321179667e-05,240.80669999239035,8504.74675357753,0.2795000036712736,232.70570000750013,7.817900012014434,453.40625
2579,2.241442918777466,,3.4534878369535206e-05,244.38489999738522,8380.223164450474,0.4757999849971384,237.0752000133507,6.830400001490489,453.4609375
2580,2.25818133354187,,3.4493975647190706e-05,239.03699999209493,8567.711275106902,0.2690000110305846,233.47879998618737,5.2866000041831285,453.40625
2581,2.2934231758117676,,3.445325510186047e-05,198.8102000032086,10301.282328406427,0.3479000006336719,191.15400000009686,7.305100007215515,453.40625
2582,2.2235541343688965,,3.4412716790387416e-05,233.00380000728182,8789.556221555167,0.41629999759607017,224.38259999034926,8.201599994208664,453.40625
2583,2.3051869869232178,,3.437236076936014e-05,214.7767999849748,9535.48055536386,0.4023000074084848,210.19110002089292,4.179900017334148,453.40625
2584,2.2574517726898193,,3.433218709511275e-05,231.02430001017638,8864.868327313567,0.42719999328255653,225.46410001814365,5.1303000072948635,453.40625
2585,2.2204244136810303,,3.4292195823724745e-05,215.38770000915974,9508.435253790747,0.28450001263991,207.44520000880584,7.654899993212894,453.40625
2586,2.1665234565734863,,3.42523870110211e-05,227.09860000759363,9018.109314330955,0.42860000394284725,222.30609998223372,4.359599988674745,453.40625
2587,2.2302684783935547,,3.421276071257207e-05,221.0882999934256,9263.267210706765,0.2705999941099435,216.7124999978114,4.102000006241724,453.40625
2588,2.242203712463379,,3.417331698369309e-05,221.35439998237416,9252.131424372303,0.3093999985139817,211.6653000121005,9.376000001793727,453.40625
2589,2.2018797397613525,,3.413405587944476e-05,214.0691000095103,9567.004298654103,0.42570001096464694,209.21589998761192,4.423899983521551,453.40625
2590,2.227264642715454,,3.409497745463275e-05,207.6699000026565,9861.804719768257,0.24419999681413174,204.3853999930434,3.0372999899554998,453.4609375
2591,2.2118542194366455,,3.4056081763807754e-05,219.938700000057,9311.685483270881,0.2874000056181103,211.10309998039156,8.544899988919497,453.40625
2592,2.2839300632476807,,3.401736886126535e-05,239.89389999769628,8537.107446332178,0.33000000985339284,234.74620000342838,4.814800020540133,453.40625
2593,2.2554233074188232,,3.397883880104594e-05,237.84980000345968,8610.476022978411,0.2376000047661364,229.5952999847941,8.013799990294501,453.40625
2594,2.2481849193573,,3.3940491636934746e-05,219.00729998014867,9351.286464814804,0.3333000058773905,210.4076000105124,8.26279999455437,453.40625
2595,2.222317695617676,,3.390232742246163e-05,224.0264999854844,9141.775638742283,0.4133000038564205,215.47119997558184,8.13850000849925,453.40625
2596,2.2727255821228027,,3.3864346210901066e-05,227.80419999617152,8990.176651854614,0.3431999939493835,222.1103000047151,5.348000006051734,453.40625
2597,2.241987705230713,,3.3826548055272136e-05,214.91900002001785,9529.1714544049,0.2591000229585916,207.85870001418516,6.796600006055087,453.40625
2598,2.270514726638794,,3.3788933008338316e-05,259.1891000047326,7901.56684815297,0.3150000120513141,250.5234999989625,8.347099996171892,453.4609375
2599,2.1904494762420654,,3.375150112260751e-05,243.12190001364797,8423.757793456833,0.4478000046219677,234.11200000555255,8.558900008210912,453.40625
2600,2.2245826721191406,,3.371425245033194e-05,218.2121000078041,9385.364056011356,0.2838000073097646,209.24930000910535,8.675599994603544,453.4609375
2601,2.240596055984497,,3.367718704350806e-05,224.24149999278598,9133.010616080814,0.2970999921672046,215.93700000084937,8.004100003745407,453.4609375
2602,2.251483201980591,,3.364030495387652e-05,222.64150000410154,9198.644457400222,0.27210000553168356,214.74729999317788,7.618999981787056,453.4609375
2603,2.2401275634765625,,3.360360623292207e-05,213.51780000259168,9591.706171453347,0.35859999479725957,207.21490000141785,5.940499977441505,453.40625
2604,2.2735211849212646,,3.356709093187346e-05,223.04059998714365,9182.184768683592,0.26470000739209354,213.78860002732836,8.984100015368313,453.4609375
2605,2.2428362369537354,,3.353075910170344e-05,236.1566000035964,8672.211574729698,0.36249999538995326,227.33439999865368,8.455899980617687,453.40625
2606,2.2762718200683594,,3.34946107931286e-05,202.1544999734033,10130.865255383618,0.32770002144388855,194.90979998954572,6.913599994732067,453.40625
2607,2.2110395431518555,,3.345864605660941e-05,220.92970000812784,9269.917081880143,0.39969998761080205,215.3249999973923,5.202500004088506,453.40625
2608,2.2174413204193115,,3.342286494235004e-05,197.0267999859061,10394.52500952408,0.28929999098181725,191.24710001051426,5.487300019012764,453.40625
2609,2.215484142303467,,3.338726750029834e-05,203.69799999753013,10054.099696731595,0.27420002152211964,194.80990001466125,8.610900025814772,453.4609375
2610,2.2726566791534424,,3.335185378014579e-05,209.70269999816082,9766.207111391326,0.2838000073097646,201.30489999428391,8.110700000543147,453.40625
2611,2.270264148712158,,3.3316623831327386e-05,248.7496999965515,8233.17575871807,0.3391999925952405,242.89069999940693,5.516499979421496,453.4609375
2612,2.2838680744171143,,3.328157770302162e-05,213.65680001326837,9585.466036525944,0.23780000628903508,207.91820000158623,5.498299986356869,453.4609375
2613,2.2953739166259766,,3.3246715444150334e-05,228.5995999991428,8958.89581612426,0.27990000671707094,224.7534999914933,3.5632999788504094,453.4609375
2614,2.2508208751678467,,3.3212037103378746e-05,227.70829999353737,8993.962890496854,0.3273999900557101,222.96349998214282,4.414299997733906,453.40625
2615,2.2055678367614746,,3.317754272911533e-05,211.42850001342595,9686.48975833414,0.20390001009218395,207.3761000065133,3.8460000068880618,453.40625
2616,2.2030932903289795,,3.3143232369511746e-05,224.20660001807846,9134.432259509147,0.2443999983370304,214.7042999858968,9.254700009478256,453.40625
2617,2.235337734222412,,3.310910607246276e-05,229.60910000256263,8919.507110028055,0.35769998794421554,219.46110000135377,9.786599985091016,453.40625
2618,2.210669755935669,,3.307516388560626e-05,219.9751999869477,9310.140416381113,0.3630999999586493,212.76809999835677,6.840900023235008,453.40625
2619,2.20320725440979,,3.3041405856323075e-05,212.58929997566156,9633.598681751466,0.23700000019744039,203.2630000030622,9.085600002435967,453.4609375
2620,2.2072880268096924,,3.3007832031736997e-05,215.00840000226162,9525.209247538503,0.4107999848201871,211.05559999705292,3.538499993737787,453.40625
2621,2.2072887420654297,,3.2974442458714666e-05,231.647399981739,8841.023038296333,0.26420000358484685,222.19080000650138,9.18890000320971,453.40625
2622,2.2707152366638184,,3.294123718386551e-05,233.473900007084,8771.858438728526,0.2739999908953905,224.96900000260212,8.227799989981577,453.40625
2623,2.2563698291778564,,3.290821625354171e-05,231.07820001314394,8862.800557921551,0.3375000087544322,225.41240000282414,5.325400008587167,453.4609375
2624,2.2973709106445312,,3.28753797138381e-05,239.9714000057429,8534.350343211683,0.2677000011317432,231.68999998597428,8.0108999973163,453.4609375
2625,2.179285764694214,,3.2842727610592133e-05,230.8785000059288,8870.466500550761,0.3433000238146633,223.44699999666773,7.084699987899512,453.40625
2626,2.214272975921631,,3.281025998938381e-05,206.45220001460984,9919.971789378224,0.16460000188089907,199.25760000478476,7.026900013443083,453.40625
2627,2.154954671859741,,3.277797689553556e-05,257.80459999805316,7944.000999266365,0.41939999209716916,248.6817000026349,8.699300000444055,453.40625
2628,2.2398815155029297,,3.2745878374112275e-05,236.655199987581,8653.940416722191,0.40770001942291856,228.59049998805858,7.653199980268255,453.4609375
2629,2.2702322006225586,,3.2713964469921194e-05,229.5668000006117,8921.150619316657,0.4163999983575195,224.6908999804873,4.455599992070347,453.40625
2630,2.251342296600342,,3.268223522751181e-05,229.16060002171434,8936.963857687315,0.46629999997094274,222.2532999876421,6.43760000821203,453.40625
2631,2.250753402709961,,3.2650690691175844e-05,250.8349999843631,8164.729802968769,0.3381999849807471,240.5604000086896,9.932300017680973,453.40625
2632,2.2440719604492188,,3.261933090494725e-05,259.89580000168644,7880.081170941242,0.4689000197686255,250.54290000116453,8.87920000241138,453.40625
2633,2.2643725872039795,,3.2588155912601996e-05,235.1368000090588,8709.82338758161,0.34320002305321395,226.56629999983124,8.223999990150332,453.40625
2634,2.2019591331481934,,3.255716575765812e-05,208.0392999923788,9844.293842918263,0.3062000032514334,202.31219998095185,5.417899985332042,453.40625
2635,2.2673022747039795,,3.252636048337566e-05,211.21150001999922,9696.441717454205,0.4067000118084252,205.04519998212345,5.75599999865517,453.4609375
2636,2.2389674186706543,,3.2495740132756555e-05,254.32390000787564,8052.72331832195,0.3760000108741224,245.7276999775786,8.216199988964945,453.40625
2637,2.2056171894073486,,3.2465304748544645e-05,217.29950001463294,9424.780083995074,0.4113999893888831,208.1252000061795,8.758799987845123,453.40625
2638,2.244248151779175,,3.243505437322547e-05,258.57830001041293,7920.2315117607595,0.28279999969527125,254.30100000812672,3.9914000080898404,453.40625
2639,2.213872194290161,,3.240498904902644e-05,223.71500000008382,9154.504615243648,0.3169999981764704,216.33559998008423,7.059700001263991,453.40625
2640,2.2136294841766357,,3.237510881791653e-05,219.07369999098592,9348.45214228941,0.3063000040128827,208.65970000158995,10.104699991643429,453.40625
2641,2.2235467433929443,,3.234541372160643e-05,220.33750000991859,9294.831791718652,0.3767999878618866,211.27850000630133,8.677300007548183,453.4609375
2642,2.218925714492798,,3.2315903801548343e-05,237.29280001134612,8630.687487787556,0.4087999986950308,226.2582000112161,10.621199995512143,453.40625
2643,2.2371199131011963,,3.228657909893599e-05,230.1277999940794,8899.402853773816,0.3829000052064657,220.08020000066608,9.660500014433637,453.40625
2644,2.231257915496826,,3.2257439654704535e-05,219.12159997737035,9346.408570453601,0.39069997728802264,210.80160001292825,7.926000020233914,453.40625
2645,2.21229887008667,,3.222848550953058e-05,222.36469999188557,9210.09494796042,0.2491000050213188,216.85870000510477,5.254399991827086,453.4609375
2646,2.2714285850524902,,3.219971670383198e-05,237.6652999955695,8617.160351293092,0.24510000366717577,229.42459999467246,7.992500002728775,453.40625
2647,2.231071949005127,,3.217113327776795e-05,237.42019999190234,8626.056249930927,0.33359997905790806,230.09309999179095,6.99019999592565,453.4609375
2648,2.265432596206665,,3.21427352712389e-05,224.5206999941729,9121.653371173137,0.2822000242304057,218.8822000171058,5.3530000150203705,453.40625
2649,2.2211039066314697,,3.211452272388637e-05,220.42890000739135,9290.97772538595,0.24530000519007444,212.1480000205338,8.032000012462959,453.40625
2650,2.23110294342041,,3.208649567509308e-05,226.07960001914762,9058.756295687654,0.31689999741502106,217.7605000033509,7.998700020834804,453.40625
2651,2.207714796066284,,3.205865416398273e-05,215.01189999980852,9525.05419468329,0.32500000088475645,207.09720000741072,7.585399987874553,453.4609375
2652,2.228987693786621,,3.20309982294201e-05,230.08419998222962,8901.089254099916,0.3952999832108617,223.6753999895882,6.010099983541295,453.40625
2653,2.234161853790283,,3.200352791001088e-05,228.75729997758754,8952.719761077144,0.2615999837871641,224.44039999390952,4.052000003866851,453.40625
2654,2.271852970123291,,3.197624324410164e-05,243.8667000096757,8398.030563085256,0.302100001135841,237.59199999039993,5.96939999377355,453.40625
2655,2.211054801940918,,3.1949144269779834e-05,225.6729000073392,9075.081677655564,0.2640000020619482,219.56309999222867,5.843599996296689,453.40625
2656,2.2096829414367676,,3.192223102487366e-05,223.02809997927397,9182.699400615084,0.2643000043462962,212.44730000034906,10.312900005374104,453.40625
2657,2.198763847351074,,3.189550354695207e-05,262.6137000042945,7798.526885560461,0.40190000436268747,251.95090001216158,10.25580000714399,453.40625
2658,2.2281179428100586,,3.1868961873324724e-05,223.3702999947127,9168.631640144089,0.4116999916732311,216.45879998686723,6.495999987237155,453.40625
2659,2.2164101600646973,2.2052722930908204,3.184260604104186e-05,253.03410002379678,8093.770759780577,0.357400014763698,248.58970000059344,4.084100015461445,454.90625
2660,2.228605031967163,,3.181643608689432e-05,253.61519999569282,8075.225775248414,0.43349998304620385,243.7973000050988,9.379800001624972,454.40625
2661,2.2205915451049805,,3.1790452047413505e-05,236.53109997394495,8658.480851886272,0.3656000189948827,230.0913999788463,6.071200012229383,454.40625
2662,2.27718448638916,,3.176465395887123e-05,229.44169997936115,8926.014757492743,0.2678999735508114,223.66230000625364,5.508699978236109,454.40625
2663,2.2302932739257812,,3.17390418572798e-05,232.16459999093786,8821.32762738135,0.37460000021383166,226.04540002066642,5.7419000077061355,454.40625
2664,2.243987560272217,,3.171361577839183e-05,222.48160000890493,9205.255625265316,0.2936999953817576,211.14850000594743,11.035400006221607,454.40625
2665,2.2319350242614746,,3.168837575770032e-05,220.03899997798726,9307.440954580245,0.41629999759607017,216.36750001925975,3.2521000248380005,454.40625
2666,2.2880210876464844,,3.1663321830438525e-05,239.4326999783516,8553.551792153581,0.25949999690055847,229.45670000626706,9.713000006740913,454.40625
2667,2.2144205570220947,,3.163845403157991e-05,235.74099998222664,8687.50026577645,0.34229998709633946,227.9192999994848,7.4760999996215105,454.40625
2668,2.210566759109497,,3.161377239583814e-05,235.42349998024292,8699.21651904704,0.36109998472966254,228.83089998504147,6.227699981536716,454.40625
2669,2.215056896209717,,3.1589276957667004e-05,229.93859997950494,8906.725535349628,0.29189998167566955,221.92640000139363,7.716000021900982,454.40625
2670,2.206669569015503,,3.156496775126036e-05,236.59610000322573,8656.102108073961,0.4005999944638461,227.35389997251332,8.837500005029142,454.40625
2671,2.209652900695801,,3.154084481055213e-05,255.85029998910613,8004.680862548146,0.3671000013127923,248.10370002523996,7.376199995633215,454.4609375
2672,2.152921676635742,,3.151690816921616e-05,212.5987999897916,9633.168202728986,0.2708999963942915,207.06439999048598,5.260399979306385,454.40625
2673,2.2799832820892334,,3.149315786066632e-05,234.65870000654832,8727.56901807966,0.41340000461786985,227.32859998359345,6.913399993209168,454.40625
2674,2.222161054611206,,3.146959391805632e-05,248.54649999178946,8239.906818513453,0.31060000765137374,240.4186999774538,7.813900010660291,454.40625
2675,2.239090919494629,,3.144621637427973e-05,250.0731000036467,8189.605359273489,0.45250001130625606,241.37060000794008,8.247199992183596,454.4609375
2676,2.2416274547576904,,3.14230252619699e-05,244.44680000306107,8378.101083648278,0.2789999998640269,235.43800000334159,8.727000007638708,454.40625
2677,2.2799761295318604,,3.1400020613499966e-05,245.51530001917854,8341.638992926386,0.28649999876506627,239.13279999396764,6.092700001318008,454.40625
2678,2.256620407104492,,3.137720246098276e-05,215.62730000005104,9497.869703880331,0.28979999478906393,209.4206000037957,5.913800006965175,454.40625
2679,2.246657133102417,,3.135457083627079e-05,246.16769998101518,8319.53176699439,0.3130999975837767,236.29490000894293,9.55629997770302,454.40625
2680,2.2118093967437744,,3.1332125770956154e-05,236.1836000054609,8671.220186129127,0.33760000951588154,226.44519997993484,9.396699984790757,454.40625
2681,2.246514320373535,,3.1309867296370567e-05,238.1178999785334,8600.781378403848,0.28879998717457056,231.98759998194873,5.838699988089502,454.4609375
2682,2.2643940448760986,,3.1287795443585234e-05,228.64410001784563,8957.152184727942,0.3161000204272568,224.30449997773394,4.0203999960795045,454.40625
2683,2.2361037731170654,,3.12659102434109e-05,236.56130000017583,8657.375487869223,0.26890001026913524,229.87360000843182,6.416000018361956,454.40625
2684,2.2483904361724854,,3.1244211726397713e-05,229.93500001030043,8906.864983183315,0.3853999951388687,219.44390001590364,10.101399995619431,454.40625
2685,2.244875192642212,,3.122269992283525e-05,210.370500019053,9735.205267917865,0.3377000102773309,202.97719998052344,7.0525000046473,454.40625
2686,2.2805843353271484,,3.120137486275242e-05,240.32829998759553,8521.676390611123,0.3476999991107732,232.24429998663254,7.732700003543869,454.40625
2687,2.192005157470703,,3.118023657591749e-05,228.96310000214726,8944.672744126863,0.31540001509711146,222.5341000012122,6.11020001815632,454.4609375
2688,2.2140591144561768,,3.1159285091837986e-05,227.61960001662374,8997.467704232977,0.30750001315027475,220.97870000288822,6.329299998469651,454.40625
2689,2.265719175338745,,3.113852043976066e-05,237.25120001472533,8632.200806035493,0.3037000133190304,231.40209997654893,5.542500002775341,454.40625
2690,2.231003999710083,,3.1117942648671496e-05,252.9694999975618,8095.837640584099,0.2750999992713332,243.31320001510903,9.378000017022714,454.40625
2691,2.193363666534424,,3.109755174729557e-05,241.71910001314245,8472.644486466517,0.4493999877013266,235.15100000076927,6.1150999972596765,454.40625
2692,2.244321346282959,,3.107734776409715e-05,223.91570001491345,9146.299253976373,0.41649999911896884,214.6900999941863,8.804499986581504,454.40625
2693,2.2744345664978027,,3.105733072727951e-05,224.72540001035668,9113.344552532184,0.3623999946285039,217.35789999365807,7.001299993135035,454.4609375
2694,2.2850522994995117,,3.1037500664785e-05,221.53050001361407,9244.776678038197,0.274600024567917,215.05110000725836,6.2015999865252525,454.40625
2695,2.2327733039855957,,3.101785760429498e-05,208.93900000373833,9801.903904792103,0.3342999843880534,199.2751999932807,9.326100000180304,454.4609375
2696,2.2031407356262207,,3.099840157322974e-05,226.99560000910424,9022.2013110292,0.3837000112980604,220.55249998811632,6.055900012142956,453.40625
2697,2.25174617767334,,3.0979132598748485e-05,228.09970000525936,8978.530002243662,0.41489998693577945,220.94109997851774,6.739000004017726,454.40625
2698,2.2424778938293457,,3.0960050707749335e-05,238.7200999946799,8579.084878255502,0.2727000101003796,233.87759999604896,4.566599993268028,454.40625
2699,2.2539222240448,,3.0941155926869216e-05,227.85200001089834,8988.290644374605,0.27990000671707094,221.07719999621622,6.491599982837215,454.40625
2700,2.241100549697876,,3.09224482824839e-05,228.52309999871068,8961.89488069939,0.3288000007160008,225.09200000786223,3.099100023973733,454.40625
2701,2.2384681701660156,,3.090392780070789e-05,208.93699998850934,9801.997731912641,0.30929999775253236,203.37989999097772,5.244500003755093,454.40625
2702,2.2768964767456055,,3.088559450739448e-05,219.52110002166592,9329.399314224784,0.2665000210981816,214.17640001163818,5.075199995189905,454.40625
2703,2.2103235721588135,,3.086744842813559e-05,227.432299987413,9004.877495911287,0.3327000013086945,219.49869999662042,7.597399991936982,454.4609375
2704,2.2267611026763916,,3.084948958826187e-05,220.37120000459254,9293.41039100082,0.4177000082563609,214.68809997895733,5.261999991489574,454.40625
2705,2.2656984329223633,,3.083171801284254e-05,248.40909999329597,8244.46447435006,0.3493000112939626,242.62760000419803,5.42849997873418,454.40625
2706,2.2896130084991455,,3.081413372668546e-05,241.78169999504462,8470.450824202057,0.2688999811653048,231.16680001839995,10.342399997171015,454.40625
2707,2.2509329319000244,,3.0796736754337024e-05,235.15029999543913,8709.323356337296,0.39610001840628684,228.5113999969326,6.23910001013428,454.4609375
2708,2.2169063091278076,,3.077952712008216e-05,239.22799999127164,8560.870801389145,0.3296000068075955,232.7477000071667,6.1471999797504395,454.40625
2709,2.242115020751953,,3.0762504847944246e-05,227.5441999954637,9000.449143686496,0.2640000020619482,216.54970000963658,10.726500011514872,454.40625
2710,2.268366575241089,,3.074566996168518e-05,229.16329998406582,8936.858563925382,0.38660000427626073,219.58200001972727,9.190800017677248,454.40625
2711,2.2281715869903564,,3.072902248480524e-05,227.09300002316013,9018.331695786019,0.36410000757314265,222.9998999973759,3.7253000191412866,454.40625
2712,2.256302833557129,,3.071256244054312e-05,224.2833999916911,9131.304412523936,0.2570999786257744,216.2506000022404,7.772299984935671,454.40625
2713,2.2494802474975586,,3.069628985187583e-05,255.9297000116203,8002.1974780848495,0.26760000037029386,251.7177000117954,3.94110000343062,454.4609375
2714,2.289328098297119,,3.068020474151876e-05,235.84969999501482,8683.496311605606,0.3133999998681247,232.3820000165142,3.1512000132352114,454.40625
2715,2.2287437915802,,3.0664307131925554e-05,198.68470000801608,10307.789175096885,0.23639999562874436,193.17730001057498,5.268400011118501,454.40625
2716,2.21866512298584,,3.0648597045288116e-05,201.5905999869574,10159.203852424183,0.3397999971639365,195.22360002156347,6.023900001309812,454.40625
2717,2.1671669483184814,,3.063307450353662e-05,209.21570001519285,9788.94031304189,0.34630001755431294,203.2654999929946,5.600800010142848,454.40625
2718,2.228123903274536,,3.061773952833939e-05,234.4433999969624,8735.583940629316,0.4592999757733196,229.18200001004152,4.799499991349876,454.40625
2719,2.187380790710449,,3.0602592141102986e-05,229.17590002180077,8936.367217517987,0.2800000074785203,223.0670999852009,5.825100000947714,454.40625
2720,2.1908040046691895,,3.058763236297203e-05,247.99720000009984,8258.157753390666,0.3068999794777483,242.30830001761205,5.3783000039402395,454.4609375
2721,2.240389108657837,,3.057286021482931e-05,204.39559998339973,10019.78516252958,0.28150001890026033,199.90079998387955,4.209799983073026,454.40625
2722,2.2305867671966553,,3.055827571729568e-05,214.64210000704043,9541.46460518614,0.2877999795600772,208.89470001566224,5.456300015794113,454.40625
2723,2.206191062927246,,3.0543878890730066e-05,215.07649999693967,9522.19326625243,0.2666999935172498,207.21660001436248,7.589499989990145,454.40625
2724,2.2266845703125,,3.0529669755229384e-05,216.89519999199547,9442.348194314958,0.39499998092651367,210.76849999371916,5.728099989937618,454.4609375
2725,2.2030227184295654,,3.051564833062857e-05,233.41309998068027,8774.14335429123,0.3995999868493527,225.99489998538047,7.014500006334856,454.40625
2726,2.190171718597412,,3.050181463650051e-05,237.03620000742376,8640.030509837141,0.29009999707341194,232.1139999839943,4.6289000019896775,454.40625
2727,2.2644543647766113,,3.048816869215608e-05,239.43109999527223,8553.608950718764,0.35089999437332153,233.5400000156369,5.537300021387637,454.40625
2728,2.2042155265808105,,3.0474710516643998e-05,221.8185999954585,9232.769479394112,0.3835999814327806,215.24099999805912,6.1901000153739005,454.40625
2729,2.2382078170776367,,3.0461440128750918e-05,232.41009999765083,8812.00946095157,0.2762000076472759,226.05379999731667,6.077300000470132,454.40625
2730,2.2621219158172607,,3.0448357547001345e-05,219.0851999912411,9347.961432729722,0.33909999183379114,213.00889999838546,5.734100006520748,454.40625
2731,2.2298145294189453,,3.0435462789657642e-05,202.5924000190571,10108.96756150454,0.2801000082399696,196.37729998794384,5.932000000029802,454.40625
2732,2.1759464740753174,,3.0422755874719937e-05,254.45109998690896,8048.697765917954,0.2666999935172498,249.06659999396652,5.114899977343157,454.40625
2733,2.211949348449707,,3.041023681992618e-05,236.5081000025384,8659.32287299259,0.3030999796465039,230.42659999919124,5.775800003902987,454.40625
2734,2.219062328338623,,3.039790564275207e-05,214.75770001416095,9536.328615295082,0.24530000519007444,205.78910000040196,8.720000012544915,454.40625
2735,2.3199074268341064,,3.038576236041103e-05,217.37910000956617,9421.328912990595,0.3150000120513141,212.05709999776445,5.004100006772205,454.40625
2736,2.196960687637329,,3.0373806989854225e-05,224.83069999725558,9109.076296186415,0.23030000738799572,216.71640002750792,7.88059999467805,454.40625
2737,2.2254648208618164,,3.0362039547770483e-05,255.38819999201223,8019.164550531525,0.370699999621138,246.6476999979932,8.365600020624697,454.40625
2738,2.2228565216064453,,3.0350460050586313e-05,224.42459999001585,9125.559319660639,0.3921999887097627,216.2354000029154,7.793900003889576,454.40625
2739,2.1968846321105957,,3.033906851446585e-05,245.35549999563955,8347.071901939826,0.2738000184763223,239.50899997726083,5.56930000311695,454.40625
2740,2.2402944564819336,,3.0327864955310866e-05,217.931299994234,9397.456905245763,0.3201999934390187,210.6535999919288,6.953900010557845,454.40625
2741,2.212369918823242,,3.0316849388760718e-05,240.70189998019487,8508.449663955751,0.4054999735672027,234.78960001375526,5.503799999132752,454.54296875
2742,2.174889087677002,,3.0306021830192345e-05,213.50929999607615,9592.08802631847,0.298700004350394,204.89419999648817,8.312999998452142,454.54296875
2743,2.1926651000976562,,3.029538229472024e-05,250.8592999947723,8163.938909351492,0.3738999948836863,241.53500000829808,8.946499990997836,454.54296875
2744,2.244601011276245,,3.0284930797196426e-05,231.27540000132285,8855.243575357716,0.32640001154504716,226.32630000589415,4.619500017724931,454.54296875
2745,2.238466501235962,,3.0274667352210445e-05,220.39000000222586,9292.617632285112,0.3218000056222081,213.71370000997558,6.351300020469353,454.59765625
2746,2.22466778755188,,3.0264591974089333e-05,223.33210002398118,9170.199894149062,0.2756000030785799,217.69429999403656,5.3595000063069165,454.59765625
2747,2.240623712539673,,3.0254704676897575e-05,213.3283000148367,9600.226504676426,0.3228000132367015,208.39769998565316,4.605099995387718,454.59765625
2748,2.262927770614624,,3.0245005474437146e-05,225.24620001786388,9092.273254055237,0.3920000162906945,215.6200000026729,9.230600000591949,454.54296875
2749,2.2655181884765625,,3.0235494380247407e-05,238.65400001523085,8581.461026713556,0.3403000009711832,234.5013000012841,3.809599991654977,454.59765625
2750,2.206418752670288,,3.0226171407605186e-05,225.6224999728147,9077.108888726807,0.22750001517124474,218.2641999970656,7.127900025807321,454.59765625
2751,2.23229718208313,,3.0217036569524683e-05,216.90109997871332,9442.091350394216,0.3268999862484634,211.58370000193827,4.987500025890768,454.54296875
2752,2.2781829833984375,,3.020808987875745e-05,216.76809998461977,9447.884629451062,0.33379998058080673,209.56750001641922,6.863399990834296,454.54296875
2753,2.1837964057922363,,3.019933134779245e-05,222.7986000070814,9192.15829872767,0.4398000019136816,214.64770002057776,7.707900018431246,454.54296875
2754,2.2042977809906006,,3.0190760988855952e-05,210.04129998618737,9750.463361894444,0.44620002154260874,204.23439997830428,5.357799993362278,454.54296875
2755,2.2662885189056396,,3.0182378813911554e-05,232.65579997678287,8802.703393615691,0.29520000680349767,226.0052000056021,6.352000025799498,454.54296875
2756,2.180495023727417,,3.017418483466017e-05,204.94029999827035,9993.154103986793,0.27970000519417226,199.05750002362765,5.600000004051253,454.54296875
2757,2.1974995136260986,,3.0166179062540005e-05,227.79929998796433,8990.370032340772,0.2682000049389899,222.46680001262575,5.061800009571016,454.54296875
2758,2.2360880374908447,,3.015836150872654e-05,228.2079999858979,8974.269088404244,0.27799999224953353,220.10879998560995,7.817700010491535,454.59765625
2759,2.2444448471069336,,3.0150732184132532e-05,230.30980001203716,8892.370189600968,0.2992000081576407,221.8492999963928,8.158300013747066,454.59765625
2760,2.2379262447357178,,3.014329109940795e-05,218.17579999333248,9386.92558965104,0.34020000020973384,210.31670001684688,7.515500008594245,454.54296875
2761,2.2493579387664795,,3.013603826494003e-05,213.03270000498742,9613.547591294919,0.27150000096298754,207.61929999571294,5.138800013810396,454.54296875
2762,2.2409040927886963,,3.0128973690853196e-05,221.69330000178888,9237.987796579664,0.287600007141009,217.43440002319403,3.9680000045336783,454.54296875
2763,2.211026668548584,,3.0122097387009068e-05,235.05170000134967,8712.976762083577,0.23430000874213874,228.81600001710467,5.998399981763214,454.54296875
2764,2.235963821411133,,3.0115409363006508e-05,237.37550000078045,8627.680615704934,0.40040002204477787,228.64510002546012,8.326300012413412,454.54296875
2765,2.1823017597198486,,3.0108909628181487e-05,223.17900002235547,9176.490618717959,0.39370000013150275,214.35449999989942,8.42739999643527,454.54296875
2766,2.2239022254943848,,3.0102598191607177e-05,203.5269000043627,10062.551927809543,0.2556999970693141,198.01240001106635,5.256000004010275,454.54296875
2767,2.260946273803711,,3.0096475062093892e-05,246.93459999980405,8293.69395783995,0.3338000096846372,238.97439998108894,7.6228000107221305,454.54296875
2768,2.216571807861328,,3.0090540248189072e-05,226.88249999191612,9026.698842233185,0.3215000033378601,222.89180001826026,3.6665000079665333,454.54296875
2769,2.3233590126037598,,3.0084793758177302e-05,223.54130001622252,9161.618009072039,0.19550000433810055,213.46259998972528,9.879899997031316,454.54296875
2770,2.2076468467712402,,3.0079235600080248e-05,237.59279999649152,8619.789825408187,0.48600000445730984,232.32280000229366,4.77970001520589,454.54296875
2771,2.191761016845703,,3.0073865781656723e-05,242.89509997470304,8431.623364214816,0.27609997778199613,234.014899993781,8.601100009400398,454.54296875
2772,2.238661289215088,,3.00686843104026e-05,228.234500013059,8973.227097055084,0.3260000084992498,219.11869998439215,8.786599995801225,454.54296875
2773,2.2153127193450928,,3.006369119355083e-05,210.71590000065044,9719.247574547902,0.46300000394694507,201.79789999383502,8.450900000752881,454.54296875
2774,2.2789387702941895,,3.0058886438071447e-05,203.16319999983534,10080.565771762109,0.32580000697635114,197.1629000036046,5.670900020049885,454.59765625
2775,2.233812093734741,,3.0054270050671543e-05,205.0405999762006,9988.265739749662,0.29329999233596027,199.44709999253973,5.297600000631064,454.54296875
2776,2.2222654819488525,,3.0049842037795264e-05,231.05129998293705,8863.832404973455,0.2933999930974096,226.28269999404438,4.471900028875098,454.54296875
2777,2.2850558757781982,,3.0045602405623805e-05,223.40380001696758,9167.256778284227,0.3802000137511641,217.4508999742102,5.569600005401298,454.59765625
2778,2.203897714614868,,3.0041551160075383e-05,204.6058000123594,10009.491421437167,0.30690000858157873,196.56729997950606,7.72799999685958,454.54296875
2779,2.194502353668213,,3.0037688306805246e-05,229.4607000076212,8925.275656929394,0.30010001501068473,219.42849998595193,9.728599980007857,454.54296875
2780,2.206594705581665,,3.0034013851205655e-05,208.2102999847848,9836.208872229952,0.3782999992836267,203.51569997728802,4.3129000114277005,454.54296875
2781,2.2576630115509033,,3.0030527798405887e-05,223.24799999478273,9173.654411452113,0.25340000865980983,217.51600000425242,5.474799982039258,454.59765625
2782,2.2444138526916504,,3.002723015327222e-05,250.97600001026876,8160.142802165169,0.2716000017244369,245.33410000731237,5.367999983718619,454.54296875
2783,2.2292609214782715,,3.002412092040793e-05,249.50710000121035,8208.183254063973,0.31499998294748366,240.46319999615662,8.725399995455518,454.54296875
2784,2.2258412837982178,,3.0021200104153282e-05,218.579000007594,9369.610072005304,0.34260001848451793,210.1466000021901,8.086199988611042,454.59765625
2785,2.279970169067383,,3.001846770858552e-05,219.1799999854993,9343.918241333577,0.3198999911546707,215.2650999778416,3.591999993659556,454.54296875
2786,2.2545688152313232,,3.0015923737518887e-05,246.0146000084933,8324.709183639085,0.24339999072253704,236.90889999852516,8.858999994117767,454.54296875
2787,2.2346291542053223,,3.001356819450456e-05,217.65499998582527,9409.386414892264,0.3254999755881727,211.93869999842718,5.3881999920122325,454.54296875
2788,2.213695764541626,,3.0011401082830727e-05,207.45539999916218,9872.001403715069,0.2810999867506325,203.01110000582412,4.1602999845054,454.59765625
2789,2.2534563541412354,,3.0009422405522524e-05,221.5437999984715,9244.221684444023,0.31870001112110913,214.47919998900034,6.740999990142882,454.54296875
2790,2.333524703979492,,3.0007632165342025e-05,267.60630001081154,7653.033579244057,0.42830000165849924,261.00910000968724,6.165099999634549,454.54296875
2791,2.1991748809814453,,3.000603036478827e-05,236.04750001686625,8676.219828016245,0.27799999224953353,229.1595000133384,6.60650001373142,454.59765625
2792,2.260488271713257,,3.0004617006097286e-05,210.9923000098206,9706.51535579581,0.3375999804120511,206.845600012457,3.8058000209275633,454.54296875
2793,2.1623873710632324,,3.000339209124201e-05,237.25649999687448,8632.007974605456,0.3167999966535717,226.3597999990452,10.57579999906011,454.54296875
2794,2.2360219955444336,,3.0002355621932315e-05,225.87900000507943,9066.801251793862,0.3983000060543418,218.6995000229217,6.777800008421764,454.54296875
2795,2.200685739517212,,3.0001507599615057e-05,210.32589999958873,9737.269637281974,0.3601000062189996,205.5660999903921,4.396699980134144,454.59765625
2796,2.2268314361572266,,3.0000848025474005e-05,225.49919999437407,9082.072131746343,0.2750999992713332,221.68459999375045,3.5371999838389456,454.54296875
2797,2.2079415321350098,,3.0000376900429897e-05,229.8276000074111,8911.027221856555,0.19180000526830554,223.70089998003095,5.9324000030756,454.54296875
2798,2.259782075881958,,3.0000094225140352e-05,220.28179999324493,9297.182064350314,0.41199999395757914,210.91679998789914,8.949599985498935,454.59765625
2799,2.25105619430542,2.193478357791901,3e-05,222.2780000010971,9213.687364426041,0.2809999859891832,216.02950000669807,5.964400013908744,455.04296875
